Target,PDBcode,crystal ligand,Patent ID,lig_id,SMILES,Activity
5HT2A,7WC7,lisuride,WO 2023/130181 Al,5-hydroxytryptamine (serotonin),NCCc1c[nH]c2ccc(O)cc12,A
5HT2A,,,,psilocin,CN(C)CCc1c[nH]c2cccc(O)c12,A
5HT2A,,,,Reference Compound 1a,Oc1ccccc1CNCC(O)c1ccc(C(F)(F)F)cc1OCc1ccccc1,B
5HT2A,,,,Cpd #96,COc1ccc(CCNCc2ccccc2O)c(OC)c1,A
5HT2A,,,,Cpd #28,COc1cccc(CNCCc2ccc(C#N)cc2OC)c1,A
5HT2A,,,,Cpd #63,COc1cc(C#N)ccc1CCNCc1cccc2c1CCO2,B
5HT2A,,,,Cpd #64,COc1cc(C#N)ccc1CCNCc1cccc2occc12,A
5HT2A,,,,Cpd #12,COc1cc(C#N)ccc1CCNCc1ccccc1Cl,B
5HT2A,,,,Cpd #13,COc1cc(C#N)ccc1CCNCc1cccc(Cl)c1,B
5HT2A,,,,Cpd #4,COc1cc(C#N)c(F)cc1CCNCc1ccccc1O,A
5HT2A,,,,Cpd #6,COc1cc(C#N)ccc1CCNCc1ccccc1F,B
5HT2A,,,,Cpd #7,COc1cc(C#N)ccc1CCNCc1cccc(F)c1,B
5HT2A,,,,Cpd #27,COc1cc(C#N)ccc1CCNCc1ccccc1OC,A
5HT2A,,,,Cpd #29,COc1ccc(CNCCc2ccc(C#N)cc2OC)cc1,C
5HT2A,,,,Cpd #52,COc1cc(C#N)ccc1CCNC1COc2ccccc21,B
5HT2A,,,,Cpd #58,COc1cc(C#N)ccc1CCNCc1c(Cl)cccc1Cl,B
5HT2A,,,,Cpd #65,COc1cc(C#N)ccc1CCNCc1cccc2c1OCO2,A
5HT2A,,,,Cpd #70,N#Cc1ccc(CCNCc2cccc3ccsc23)c(O)c1,A
5HT2A,,,,Cpd #73,COc1cc(C#N)ccc1CCNCc1cccc2ncn(C)c12,A
5HT2A,,,,Cpd #88,COc1cc(C#N)ccc1CCN(C)Cc1ccccc1Cl,A
5HT2A,,,,Cpd #93,COc1cc(C(F)(F)F)ccc1CCNCc1ccccc1O,A
5HT2A,,,,Cpd #112,N#Cc1ccc(CCNCc2ccccc2O)c(C(F)(F)F)c1,B
5HT2A,,,,Cpd #101,COc1cc(-c2cnoc2)ccc1CCNCc1ccccc1Cl,B
5HT2A,,,,Cpd #102,COc1cc(-c2ncco2)ccc1CCNCc1ccccc1Cl,C
5HT2A,,,,Cpd #104,COc1cc(-c2ncccn2)ccc1CCNCc1ccccc1Cl,C
5HT2A,,,,Cpd #105,COc1cc(-c2cncnc2)ccc1CCNCc1ccccc1Cl,C
5HT2A,,,,Cpd #108,COc1cc(C#N)ccc1CCNCc1ccccc1SC,A
5HT2A,,,,Cpd #109,CSc1ccccc1CNCCc1ccc(C#N)cc1O,A
5HT2A,,,,Cpd #71,N#Cc1ccc(CCNCc2cccc3cc[nH]c23)c(O)c1,B
5HT2A,,,,Cpd #112,COc1ccc(CCNCc2ccccc2O)c(OC)c1,A
5HT2A,,,,Cpd #113,COc1cc(C#N)ccc1CCNCc1ccccc1O,A
5HT2A,,,,Cpd #93,COc1cc(C(F)(F)F)ccc1CCNCc1ccccc1O,A
5HT2A,,,,Cpd #114,N#Cc1ccc(CCNCc2ccccc2O)cc1,B
5HT2A,,,,Cpd #115,N#Cc1ccc(CCNCc2ccccc2O)c(OC(F)(F)I)c1,B
5HT2A,,,,Cpd #134,CSc1ccccc1CCNCCc1ccc(C#N)cc1O,B
5HT2A,,,,Cpd #135,CSc1ccccc1CCCNCCc1ccc(C#N)cc1O,B
5HT2A,,,,Cpd #136,CSc1ccccc1CNCCCc1ccc(C#N)cc1O,C
5HT2A,,,,Cpd #116,Oc1cc(C(F)(F)F)ccc1CCNCc1ccccc1O,A
5HT2A,,,,Cpd #117,COc1cc(C#N)c(F)cc1CCNCc1ccccc1O,A
5HT2A,,,,Cpd #137,N#Cc1ccc(CCNCc2ccccc2O)c(C(F)(F)F)c1,B
5HT2A,,,,Cpd #138,COc1cc(C#N)ccc1CCNCc1cccs1,B
5HT2A,,,,Cpd #139,N#Cc1ccc(CCNCc2ccsc2Cl)c(O)c1,C
5HT2A,,,,Cpd #119,COc1ccc(CCNCc2ccccc2SC)c(O)c1,A
5HT2A,,,,Cpd #120,CSc1ccccc1CNCCc1ccc(O)cc1O,B
5HT2A,,,,Cpd #121,CSc1ccc(CCNCc2ccccc2SC)c(O)c1,A
5HT2A,,,,Cpd #122,CSc1ccc(CCNCc2ccccc2O)c(O)c1,A
5HT2A,,,,Cpd #123,CSc1ccccc1CNCCc1ccc(C(F)F)cc1O,A
5HT2A,,,,Cpd #124,N#Cc1ccc(CCNCc2ccccc2OC(F)(F)F)c(O)c1,B
5HT2A,,,,Cpd #125,CCCCCc1ccc(CCNCc2ccccc2O)c(OC)c1,A
5HT2A,,,,Cpd #126,COc1cc(Cc2ccccc2)ccc1CCNCc1ccccc1O,A
5HT2A,,,,Cpd #140,COc1cc(Oc2ccccc2)ccc1CCN,C
5HT2A,,,,Cpd #127,COc1cc(Oc2ccccc2)ccc1CCNCc1ccccc1O,A
5HT2A,,,,Cpd #141,COc1cc2c(cc1CCNCc1ccccc1O)CCO2,A
5HT2A,,,,Cpd #142,CSc1ccccc1CNC[C@@H]1CCc2cc(C#N)cc(O)c21,C
5HT2A,,,,Cpd #128,COc1cc(C#N)c(F)cc1CCNCc1ccccc1SC,A
5HT2A,,,,Cpd #129,N#Cc1cc(O)c(CCNCc2ccccc2O)cc1F,A
5HT2A,,,,Cpd #130,COc1ccccc1CNCCc1ccc(F)cc1O,A
5HT2A,,,,Cpd #131,Oc1cc(Cl)ccc1CCNCc1ccccc1O,A
5HT2A,,,,Cpd #132,Cc1ccc(CCNCc2cccc3c2OCO3)c(O)c1,A
5HT2A,,,WO 2023/134711 Al ,I-1,COc1ccccc1CN1CC[C@H]2[C@@H](C1)c1cccc3c1N2CCN3C,B
5HT2A,,,,I-2,CN1CCN2c3c(cccc31)[C@@H]1CN(Cc3ccccc3O)CC[C@@H]12,B
5HT2A,,,,I-3,COc1ccccc1CCN1CC[C@H]2[C@@H](C1)c1cccc3c1N2CCN3C,A
5HT2A,,,,I-4,COc1cccc(CCN2CC[C@H]3[C@@H](C2)c2cccc4c2N3CCN4C)c1,A
5HT2A,,,,I-5,COc1ccc(CCN2CC[C@H]3[C@@H](C2)c2cccc4c2N3CCN4C)cc1,B
5HT2A,,,,I-6,COc1cccc(CCN2CC[C@H]3[C@@H](C2)c2cccc4c2N3CCN4C)c1OC,D
5HT2A,,,,I-7,COc1ccc(CCN2CC[C@H]3[C@@H](C2)c2cccc4c2N3CCN4C)c(OC)c1,C
5HT2A,,,,I-8,COc1ccc(OC)c(CCN2CC[C@H]3[C@@H](C2)c2cccc4c2N3CCN4C)c1,C
5HT2A,,,,I-9,CN1CCN2c3c(cccc31)[C@@H]1CN(CCc3ccccc3O)CC[C@@H]12,A
5HT2A,,,,I-10,COc1ccccc1CCCN1CC[C@H]2[C@@H](C1)c1cccc3c1N2CCN3C,A
5HT2A,,,,I-11,CN1CCN2c3c(cccc31)[C@@H]1CN(CCCc3ccccc3O)CC[C@@H]12,A
5HT2A,,,,I-12,COc1ccccc1CCN1CC[C@H]2[C@@H](C1)c1cccc3c1N2CCCN3C,B
5HT2A,,,,I-13,COc1ccccc1CCN1CC[C@@H]2[C@H](C1)c1cccc3c1N2CCCN3C,A
5HT2A,,,,I-14,COc1ccccc1CCCN1CC[C@H]2[C@@H](C1)c1cccc3c1N2CCCN3C,A
5HT2A,,,,I-15,COc1ccccc1CCCN1CC[C@@H]2[C@H](C1)c1cccc3c1N2CCCN3C,A
5HT2A,,,,I-16,COc1ccccc1CCN1CC[C@H]2[C@@H](C1)c1cccc3c1N2CCC3,A
5HT2A,,,,I-17,COc1ccccc1CCN1CC[C@@H]2[C@H](C1)c1cccc3c1N2CCC3,A
5HT2A,,,,I-18,COc1ccccc1CCCN1CC[C@H]2[C@@H](C1)c1cccc3c1N2CCC3,A
5HT2A,,,,I-19,COc1ccccc1CCCN1CC[C@@H]2[C@H](C1)c1cccc3c1N2CCC3,A
5HT2A,,,,I-20,COc1ccccc1CCN1CC[C@H]2[C@@H](C1)c1cccc3c1N2CCO3,B
5HT2A,,,,I-21,COc1ccccc1CCN1CC[C@@H]2[C@H](C1)c1cccc3c1N2CCO3,A
5HT2A,,,,I-22,COc1ccccc1CCCN1CC[C@H]2[C@@H](C1)c1cccc3c1N2CCO3,A
5HT2A,,,,I-23,COc1ccccc1CCCN1CC[C@@H]2[C@H](C1)c1cccc3c1N2CCO3,A
5HT2A,,,,I-24,COc1ccccc1CCN1CC[C@H]2[C@@H](C1)c1cccc3c1N2CCCS3,A
5HT2A,,,,I-25,COc1ccccc1CCN1CC[C@@H]2[C@H](C1)c1cccc3c1N2CCCS3,A
5HT2A,,,,I-26,COc1ccccc1CCCN1CC[C@H]2[C@@H](C1)c1cccc3c1N2CCCS3,A
5HT2A,,,,I-27,COc1ccccc1CCCN1CC[C@@H]2[C@H](C1)c1cccc3c1N2CCCS3,A
5HT2A,,,WO 2023/135528 ,2,O=C1C[C@@H]2CCCN2C(=O)N1CCCCN1CCN(c2nsc3ccccc23)CC1,A
5HT2A,,,,4,O=C1C[C@@H]2CCCN2C(=O)N1CCCCN1CCN(c2cccc3sccc23)CC1,A
5HT2A,,,,5,O=C1C[C@@H]2CCCN2C(=O)N1CCCCN1CCC(c2noc3cc(F)ccc23)CC1,A
5HT2A,,,,7,O=C1C[C@@H]2CCCN2C(=O)N1CCCCN1CCC(c2c[nH]c3ccc(F)cc23)CC1,A
5HT2A,,,,9,O=C1C[C@@H]2C[C@H](F)CN2C(=O)N1CCCCN1CCN(c2nsc3ccccc23)CC1,A
5HT2A,,,,11,O=C1C[C@@H]2C[C@H]3C[C@H]3N2C(=O)N1CCCCN1CCN(c2nsc3ccccc23)CC1,A
5HT2A,,,,12,O=C1C[C@@H]2CCCCN2C(=O)N1CCCCN1CCN(c2nsc3ccccc23)CC1,A
5HT2A,,,,13,O=C1C[C@@H]2CCCCN2C(=O)N1CCCCN1CCC(c2noc3cc(F)ccc23)CC1,A
5HT2A,,,,15,O=C1C[C@@H]2CCCCN2C(=O)N1CCCCN1CCC(c2c[nH]c3ccc(F)cc23)CC1,A
5HT2A,,,,16,COc1ccc2[nH]cc(C3CCN(CCCCN4C(=O)C[C@@H]5CCCCN5C4=O)CC3)c2c1,A
5HT2A,,,,18,O=C1C[C@@H]2COCCN2C(=O)N1CCCCN1CCN(c2nsc3ccccc23)CC1,A
5HT2A,,,,19,O=C(OCc1ccccc1)N1CCN2C(=O)N(CCCCN3CCN(c4nsc5ccccc45)CC3)C(=O)C[C@@H]2C1,A
5HT2A,,,,20,O=C(OCc1ccccc1)N1CCN2C(=O)N(CCCCN3CCN(c4nsc5ccccc45)CC3)C(=O)C[C@@H]2C1,A
5HT2A,,,,21,O=C(OCc1ccccc1)N1CCN2C(=O)N(CCCCN3CCC(c4noc5cc(F)ccc45)CC3)C(=O)C[C@@H]2C1,A
5HT2A,,,,22,O=C(OCc1ccccc1)N1CCN2C(=O)N(CCCCN3CCC(c4noc5cc(F)ccc45)CC3)C(=O)C[C@@H]2C1,A
5HT2A,,,,23,O=C1C[C@@H]2CCCN2C(=O)N1CCCN1CCN(c2nsc3ccccc23)CC1,A
5HT2A,,,,24,O=C1C[C@@H]2CCCN2C(=O)N1CCCN1CCC(c2noc3cc(F)ccc23)CC1,C
5HT2A,,,,25,O=C1C[C@@H]2CCCN2C(=O)N1CCCN1CCC(c2c[nH]c3ccc(F)cc23)CC1,A
5HT2A,,,,27,O=C1C[C@H]2CCCN2C(=O)N1C[C@H]1CCCC[C@H]1CN1CCN(c2nsc3ccccc23)CC1,A
5HT2A,,,,29,O=C1C[C@H]2CCCN2C(=O)N1C[C@H]1CCCC[C@H]1CN1CCC(c2noc3cc(F)ccc23)CC1,A
5HT2A,,,,33,COC(=O)N1CCN2C(=O)N(CCCCN3CCN(c4nsc5ccccc45)CC3)C(=O)C[C@@H]2C1,A
5HT2A,,,,34,COC(=O)N1CCN2C(=O)N(CCCCN3CCN(c4nsc5ccccc45)CC3)C(=O)CC2C1,A
5HT2A,,,,35,COC(=O)N1CCN2C(=O)N(CCCCN3CCC(c4noc5cc(F)ccc45)CC3)C(=O)C[C@@H]2C1,A
5HT2A,,,,36,COC(=O)N1CCN2C(=O)N(CCCCN3CCC(c4noc5cc(F)ccc45)CC3)C(=O)C[C@@H]2C1,B
5HT2A,,,,37,CC(=O)N1CCN2C(=O)N(CCCCN3CCN(c4nsc5ccccc45)CC3)C(=O)C[C@@H]2C1,A
5HT2A,,,,38,CC(=O)N1CCN2C(=O)N(CCCCN3CCN(c4nsc5ccccc45)CC3)C(=O)C[C@@H]2C1,A
5HT2A,,,,40,CC(C)N1CCN2C(=O)N(CCCCN3CCN(c4nsc5ccccc45)CC3)C(=O)C[C@H]2C1,A
5HT2A,,,,42,O=C1C[C@@H]2CCCN2C(=O)N1CCCCN1CCC(c2noc3ccccc23)CC1,A
5HT2A,,,,44,O=C1C[C@@H]2CCCN2C(=O)N1CCCN1CCC(c2noc3ccccc23)CC1,B
5HT2A,,,WO 2023/178113 ,2,O=C1CN2c3c(cccc3[C@@H]3CN(CCCO)CC[C@@H]32)N1,D
5HT2A,,,,3,O=C1CN2c3c(cccc3[C@@H]3CN(CCCOc4ccccc4)CC[C@@H]32)N1,A
5HT2A,,,,4,O=C1CN2c3c(cccc3[C@@H]3CN(CCCC(=O)c4ccc(Cl)s4)CC[C@@H]32)N1,A
5HT2A,,,,5,Cn1nc(CCCN2CC[C@H]3[C@@H](C2)c2cccc4c2N3CC(=O)N4)c2ccc(F)cc21,A
5HT2A,,,,6,O=C1CN2c3c(cccc3[C@@H]3CN(CCCOc4ccc(O)cc4)CC[C@@H]32)N1,A
5HT2A,,,,7,O=C1CN2c3c(cccc3[C@@H]3CN(CCCOc4ccc(OCc5ccccc5)cc4)CC[C@@H]32)N1,A
5HT2A,,,,8,NC(=O)c1cc(F)ccc1OCCCN1CC[C@H]2[C@@H](C1)c1cccc3c1N2CC(=O)N3,D
5HT2A,,,,9,O=C1CN2c3c(cccc3[C@@H]3CN(CCCOc4ccc(F)c(F)c4)CC[C@@H]32)N1,A
5HT2A,,,,10,O=C1CN2c3c(cccc3[C@@H]3CN(CCCOc4ccc(F)cc4F)CC[C@@H]32)N1,A
5HT2A,,,,11,Cc1cc(F)cc(C)c1OCCCN1CC[C@H]2[C@@H](C1)c1cccc3c1N2CC(=O)N3,C
5HT2A,,,,12,O=C1CN2c3c(cccc3[C@@H]3CN(CCCS(=O)(=O)c4ccc(F)cc4)CC[C@@H]32)N1,C
5HT2A,,,,13,O=C1Nc2cccc3c2N([C@H]2CCN(CCCOc4ccc(F)cc4)C[C@@H]32)C1(F)F,D
5HT2A,,,,14,CC(=O)Nc1cccc2c1N[C@H]1CCN(CCCOc3ccc(F)cc3)C[C@@H]21,B
5HT2A,,,,15,CC(=O)Nc1cccc2c1N[C@H]1CCN(CCCC(=O)c3ccc(F)cc3)C[C@@H]21,A
5HT2A,,,,18,Cc1cc(F)ccc1OCCCN1CC[C@H]2[C@@H](C1)c1cccc3c1N2CC(=O)N3,A
5HT2A,,,,19,O=C1CN2c3c(cccc3[C@@H]3CN(CCCOc4ccc(F)cc4Cl)CC[C@@H]32)N1,A
5HT2A,,,,20,CCc1cc(F)ccc1OCCCN1CC[C@H]2[C@@H](C1)c1cccc3c1N2CC(=O)N3,A
5HT2A,,,,21,Cc1cc(OCCCN2CC[C@H]3[C@@H](C2)c2cccc4c2N3CC(=O)N4)ccc1F,A
5HT2A,,,,22,O=C1CN2c3c(cccc3[C@@H]3CN(CCCOc4ccc(F)c(Cl)c4)CC[C@@H]32)N1,B
5HT2A,,,,23,N#Cc1cc(OCCCN2CC[C@H]3[C@@H](C2)c2cccc4c2N3CC(=O)N4)ccc1F,C
5HT2A,,,,24,Nc1cc(F)ccc1C(=O)CCCN1CC[C@H]2[C@@H](C1)c1cccc3c1N2CC(=O)N3,A
5HT2A,,,,25,N#Cc1cc(F)ccc1OCCCN1CC[C@H]2[C@@H](C1)c1cccc3c1N2CC(=O)N3,A
5HT2A,,,,26,CN1C(=O)CN2c3c(cccc31)[C@@H]1CN(CCCOc3ccc(F)cc3C#N)CC[C@@H]12,A
5HT2A,,,WO 2023/212811,136,Cc1ccc(O)c2c3c([nH]c12)CCNCC3,A
5HT2A,,,,14,Cc1ccc(O)c2c3c([nH]c12)CCN(C)CC3,A
5HT2A,,,,45,Cc1ccc(O)c2c3c([nH]c12)C(C)CNCC3,A
5HT2A,,,,159,Cc1ccc(O)c2[nH]c3c(c12)CCNCC3,A
5HT2A,,,,64,CN1CCc2c(n(C)c3cccc(O)c23)CC1,A
5HT2A,,,,65,Cn1c2c(c3c(O)cccc31)CCNCC2,A
5HT2A,,,,66,CN1CCc2[nH]c3cccc(O)c3c2CC1,A
5HT2A,,,,67,Oc1cccc2[nH]c3c(c12)CCNCC3,A
5HT2A,,,,27,Cc1cc(F)c(O)c2c3c([nH]c12)CCNCC3,A
5HT2A,,,,18,Cc1ccc(O)c2c3c([nH]c12)CCN(Cc1ccccc1O)CC3,A
5HT2A,,,WO 2024/042480 ,1,Cc1cc2n(n1)CCN(CCN1CCC(c3noc4ccccc34)CC1)C2=O,D
5HT2A,,,,2,Cc1cc2n(n1)CCN(CCN1CCC(c3noc4ccccc34)CC1)C2=O,A
5HT2A,,,,3,O=c1c2ccnn2ccn1CCN1CCC(c2noc3ccccc23)CC1,D
5HT2A,,,,4,Cc1nn2ccn(CCN3CCC(c4noc5ccccc45)CC3)c(=O)c2c1C,D
5HT2A,,,,5,Cc1nn2ccn(CCN3CCC(c4noc5ccccc45)CC3)c(=O)c2c1C,A
5HT2A,,,,6,O=c1c2ccnn2ccn1CCN1CCC(c2noc3cc(F)ccc23)CC1,D
5HT2A,,,,7,Cc1cc2n(n1)CCN(CCN1CCC(c3noc4cc(F)ccc34)CC1)C2=O,D
5HT2A,,,,8,Cc1nn2ccn(CCN3CCC(c4noc5cc(F)ccc45)CC3)c(=O)c2c1C,D
5HT2A,,,,9,Cc1nn2ccn(CCN3CCC(c4noc5cc(F)ccc45)CC3)c(=O)c2c1C,A
5HT2A,,,,10,Cc1cc2n(n1)CCN(CCN1CCC(c3nn(C)c4ccccc34)CC1)C2=O,D
5HT2A,,,,11,Cc1cn2c(=O)n(CCN3CCC(c4noc5ccccc45)CC3)ccc2n1,A
5HT2A,,,,12,Cc1cn2c(=O)n(CCN3CCN(c4noc5ccccc45)CC3)ccc2n1,D
5HT2A,,,,13,O=c1n(CCN2CCC(c3noc4ccccc34)CC2)ccc2nc(C3CC3)cn12,D
5HT2A,,,,14,O=c1n(CCN2CCN(c3nsc4ccccc34)CC2)ccc2nccn12,D
5HT2A,,,,15,Cc1cc2cc(C)n(CCN3CCN(c4nsc5ccccc45)CC3)c(=O)n2n1,D
5HT2A,,,,16,Cc1cc2cc(C)n(CCN3CCC(c4noc5ccccc45)CC3)c(=O)n2n1,D
5HT2A,,,,17,Cc1cc2cc(C)n(CCN3CCC(c4noc5cc(F)ccc45)CC3)c(=O)n2n1,D
5HT2A,,,,18,Cc1ncc2c(=O)n(CCN3CCC(c4noc5ccccc45)CC3)ccn12,D
5HT2A,,,,19,O=c1n(CCN2CCN(c3nsc4ccccc34)CC2)ncc2cccn12,D
5HT2A,,,,20,O=c1n(CCN2CCN(c3nsc4ccccc34)CC2)ncc2cncn12,D
5HT2A,,,,21,Cc1cc2c(=O)n(CCN3CCN(c4nsc5ccccc45)CC3)ccn2n1,D
5HT2A,,,,22,Cc1cc2c(=O)n(CCN3CCC(c4noc5ccccc45)CC3)ccn2n1,D
5HT2A,,,,23,Cc1cc2c(=O)n(CCN3CCC(c4noc5ccccc45)CC3)ccn2n1,A
5HT2A,,,,24,Cc1cc2c(=O)n(CCN3CCC(c4noc5cc(F)ccc45)CC3)ccn2n1,D
5HT2A,,,,25,Cc1cnn2ccn(CCN3CCN(c4nsc5ccccc45)CC3)c(=O)c12,D
5HT2A,,,,26,Cc1cnn2ccn(CCN3CCC(c4noc5ccccc45)CC3)c(=O)c12,D
5HT2A,,,,27,Cc1cnn2ccn(CCN3CCC(c4noc5ccccc45)CC3)c(=O)c12,D
5HT2A,,,,28,Cc1cnn2ccn(CCN3CCC(c4noc5cc(F)ccc45)CC3)c(=O)c12,D
5HT2A,,,,29,O=c1c2cccn2ccn1CCN1CCC(c2noc3ccccc23)CC1,D
5HT2A,,,,30,Cc1ccc2c(=O)n(CCN3CCC(c4noc5ccccc45)CC3)ccn12,D
5HT2A,,,,31,Cc1cc2c(=O)n(CCN3CCN(c4nsc5ccccc45)CC3)ccn2c1,D
5HT2A,,,,32,Cc1cc2c(=O)n(CCN3CCC(c4noc5ccccc45)CC3)ccn2c1,D
5HT2A,,,,33,Cc1cc2c(=O)n(CCN3CCC(c4noc5ccccc45)CC3)ccn2c1,D
5HT2A,,,,34,Cc1cc2c(=O)n(CCN3CCC(c4noc5cc(F)ccc45)CC3)ccn2c1,D
5HT2A,,,,35,Cc1ccn2ccn(CCN3CCC(c4noc5ccccc45)CC3)c(=O)c12,D
5HT2A,,,,36,Cc1ccn2ccn(CCN3CCC(c4noc5cc(F)ccc45)CC3)c(=O)c12,D
5HT2A,,,,37,Cc1cc2c(=O)n(CCN3CCN(c4nsc5ccccc45)CC3)ccn2c1C,D
5HT2A,,,,38,Cc1cc2c(=O)n(CCN3CCC(c4noc5ccccc45)CC3)ccn2c1C,D
5HT2A,,,,39,Cc1cn2ccn(CCN3CCN(c4nsc5ccccc45)CC3)c(=O)c2c1C,D
5HT2A,,,,40,Cc1cn2ccn(CCN3CCC(c4noc5ccccc45)CC3)c(=O)c2c1C,D
5HT2A,,,,41,O=c1n(CCN2CCC(c3noc4ccccc34)CC2)ccc2nccn12,D
5HT2A,,,,42,O=c1n(CCN2CCC(c3noc4cc(F)ccc34)CC2)ccc2nccn12,D
5HT2A,,,,43,O=c1n(CCN2CCC(c3noc4ccccc34)CC2)ncc2cccn12,D
5HT2A,,,,44,O=c1n(CCN2CCC(c3noc4cc(F)ccc34)CC2)ncc2cccn12,D
5HT2A,,,,45,Cc1cn2c(=O)n(CCN3CCN(c4nsc5ccccc45)CC3)ccc2n1,D
5HT2A,,,,46,Cc1cn2c(=O)n(CCN3CCN(c4nsc5ccccc45)CC3)ccc2n1,A
5HT2A,,,,47,Cc1cn2c(=O)n(CCN3CCC(c4noc5cc(F)ccc45)CC3)ccc2n1,D
5HT2A,,,,48,Cc1cn2c(=O)n(CCN3CCC(c4nn(C)c5ccccc45)CC3)ccc2n1,D
5HT2A,,,,49,O=c1n(CCN2CCN(c3nsc4ccccc34)CC2)ccc2nc(C3CC3)cn12,D
5HT2A,,,,50,O=c1n(CCN2CCC(c3noc4cc(F)ccc34)CC2)ccc2nc(C3CC3)cn12,D
5HT2A,,,,51,Cc1cc2n(n1)CCN(CCN1CCN(c3nsc4ccccc34)CC1)C2=O,D
5HT2A,,,,52,Cc1cc2n(n1)CCN(CCN1CCN(c3noc4ccccc34)CC1)C2=O,D
5HT2A,,,,53,Cc1nn2c(c1C)C(=O)N(CCN1CCN(c3nsc4ccccc34)CC1)CC2,D
5HT2A,,,,54,Cc1nn2ccn(CCN3CCN(c4nsc5ccccc45)CC3)c(=O)c2c1C,D
5HT2A,,,,55,Cc1nn2c(c1C)C(=O)N(CCN1CCC(c3noc4ccccc34)CC1)CC2,D
5HT2A,,,,56,Cc1nn2c(c1C)C(=O)N(CCN1CCC(c3noc4ccccc34)CC1)CC2,A
5HT2A,,,,57,Cc1nn2c(c1C)C(=O)N(CCN1CCC(c3noc4cc(F)ccc34)CC1)CC2,D
5HT2A,,,,58,O=C1c2ccnn2CCN1CCN1CCN(c2nsc3ccccc23)CC1,D
5HT2A,,,,59,O=c1c2ccnn2ccn1CCN1CCN(c2nsc3ccccc23)CC1,D
5HT2A,,,,60,O=C1c2cncn2CCN1CCN1CCN(c2nsc3ccccc23)CC1,D
5HT2A,,,,61,Cc1ncc2c(=O)n(CCN3CCN(c4nsc5ccccc45)CC3)ccn12,D
5HT2A,,,,62,Cc1ncn2c1C(=O)N(CCN1CCN(c3nsc4ccccc34)CC1)CC2,D
5HT2A,,,,63,Cc1ncn2c1C(=O)N(CCN1CCC(c3noc4cc(F)ccc34)CC1)CC2,D
5HT2A,,,,64,Cc1ncc2c(=O)n(CCN3CCC(c4noc5cc(F)ccc45)CC3)ccn12,D
5HT2A,,,,65,Cc1ncn2c1C(=O)N(CCN1CCC(c3noc4ccccc34)CC1)CC2,D
5HT2A,,,,66,Cc1cn2c(n1)C(=O)N(CCN1CCN(c3nsc4ccccc34)CC1)CC2,D
5HT2A,,,,67,O=C1c2cccn2CCN1CCN1CCN(c2nsc3ccccc23)CC1,D
5HT2A,,,,68,Cc1ccc2n1CCN(CCN1CCN(c3nsc4ccccc34)CC1)C2=O,D
5HT2A,,,,69,Cc1ccc2n1CCN(CCN1CCC(c3noc4ccccc34)CC1)C2=O,D
5HT2A,,,,70,Cc1ccc2n1CCN(CCN1CCC(c3noc4cc(F)ccc34)CC1)C2=O,D
5HT2A,,,,71,Cc1cc2n(c1)CCN(CCN1CCN(c3nsc4ccccc34)CC1)C2=O,D
5HT2A,,,,72,Cc1cc2n(c1)CCN(CCN1CCC(c3noc4ccccc34)CC1)C2=O,D
5HT2A,,,,73,Cc1cc2n(c1)CCN(CCN1CCC(c3noc4cc(F)ccc34)CC1)C2=O,D
5HT2A,,,,74,Cc1ccn2c1C(=O)N(CCN1CCN(c3nsc4ccccc34)CC1)CC2,D
5HT2A,,,,75,Cc1ccn2c1C(=O)N(CCN1CCC(c3noc4cc(F)ccc34)CC1)CC2,D
5HT2A,,,,76,Cc1ccn2c1C(=O)N(CCN1CCC(c3noc4ccccc34)CC1)CC2,D
5HT2A,,,,77,Cc1cc2n(c1C)CCN(CCN1CCN(c3nsc4ccccc34)CC1)C2=O,D
5HT2A,,,,78,Cc1cc2n(c1C)CCN(CCN1CCC(c3noc4ccccc34)CC1)C2=O,D
5HT2A,,,,79,Cc1cc2n(c1C)CCN(CCN1CCC(c3noc4cc(F)ccc34)CC1)C2=O,D
5HT2A,,,,80,Cc1cn2c(c1C)C(=O)N(CCN1CCN(c3nsc4ccccc34)CC1)CC2,D
5HT2A,,,,81,Cc1cn2c(c1C)C(=O)N(CCN1CCC(c3noc4ccccc34)CC1)CC2,D
5HT2A,,,,82,Cc1cn2c(c1C)C(=O)N(CCN1CCC(c3noc4cc(F)ccc34)CC1)CC2,D
5HT2A,,,,83,Cc1ccn2ccn(CCN3CCN(c4nsc5ccccc45)CC3)c(=O)c12,D
5HT2A,,,,84,Cc1ccc2c(=O)n(CCN3CCN(c4nsc5ccccc45)CC3)ccn12,D
5HT2A,,,,85,O=c1c2cccn2ccn1CCN1CCN(c2nsc3ccccc23)CC1,D
5HT2A,,,,86,Cc1cn2cccc2c(=O)n1CCN1CCN(c2nsc3ccccc23)CC1,D
5HT2A,,,,87,Cc1nn(CCN2CCN(c3nsc4ccccc34)CC2)c(=O)n2cccc12,D
5HT2A,,,,88,O=c1c2cccn2cnn1CCN1CCN(c2nsc3ccccc23)CC1,D
5HT2A,,,,89,Cc1cnn2c1C(=O)N(CCN1CCN(c3nsc4ccccc34)CC1)CC2,D
5HT2A,,,,90,Cc1cnn2c1C(=O)N(CCN1CCC(c3noc4ccccc34)CC1)CC2,D
5HT2A,,,,91,Cc1cnn2c1C(=O)N(CCN1CCC(c3noc4cc(F)ccc34)CC1)CC2,D
5HT2A,,,,92,Cc1cn2c(n1)C(=O)N(CCN1CCC(c3noc4ccccc34)CC1)CC2,D
5HT2A,,,,93,Cc1cn2c(n1)C(=O)N(CCN1CCC(c3noc4cc(F)ccc34)CC1)CC2,D
5HT2A,,,,94,Cc1nc(C)n2c1C(=O)N(CCN1CCN(c3nsc4ccccc34)CC1)CC2,D
5HT2A,,,WO 2024/054866,1,COC(=O)C1CCCN1CCc1c[nH]c2ccccc12,B
5HT2A,,,,3,OCC1CCCN1CCc1c[nH]c2ccccc12,B
5HT2A,,,,4,COC(=O)CN(C)CCc1c[nH]c2ccccc12,B
5HT2A,,,,6,CN(CCO)CCc1c[nH]c2ccccc12,B
5HT2A,,,,7,OC1CCN(CCc2c[nH]c3ccccc23)C1,D
5HT2A,,,,8,NC(=O)C1CCCN1CCc1c[nH]c2ccccc12,D
5HT2A,,,,9,OCC1CCN(CCc2c[nH]c3ccccc23)C1,D
5HT2A,,,,10,CNC(=O)C1CCCN1CCc1c[nH]c2ccccc12,D
5HT2A,,,,11,OCC1CCN1CCc1c[nH]c2ccccc12,D
5HT2A,,,,12,CCOC(=O)C1CCCN1CCc1c[nH]c2ccccc12,D
5HT2A,,,,13,CC(C)OC(=O)C1CCCN1CCc1c[nH]c2ccccc12,D
5HT2A,,,,14,O=C(OC1CC1)C1CCCN1CCc1c[nH]c2ccccc12,D
5HT2A,,,,15,CC(C)COC(=O)C1CCCN1CCc1c[nH]c2ccccc12,D
5HT2A,,,,16,COCCOC(=O)C1CCCN1CCc1c[nH]c2ccccc12,D
5HT2A,,,,17,O=C(Oc1ccccc1)C1CCCN1CCc1c[nH]c2ccccc12,D
5HT2A,,,,18,O=C(OC1CCC1)C1CCCN1CCc1c[nH]c2ccccc12,D
5HT2A,,,,19,O=C(OC1CCCC1)C1CCCN1CCc1c[nH]c2ccccc12,D
5HT2A,,,,20,N#CC1CCCN1CCc1c[nH]c2ccccc12,D
5HT2A,,,,21,COCC1CCCN1CCc1c[nH]c2ccccc12,D
5HT2A,,,,22,NCC1CCCN1CCc1c[nH]c2ccccc12,D
5HT2A,,,,23,OCC1C2CC(C2)N1CCc1c[nH]c2ccccc12,D
5HT2A,,,,24,CNCC1CCCN1CCc1c[nH]c2ccccc12,D
5HT2A,,,,25,OCC12CC(CN1CCc1c[nH]c3ccccc13)C2,D
5HT2A,,,,26,OCC12CCC(C1)N2CCc1c[nH]c2ccccc12,D
5HT2A,,,,27,OCC12CCC(CC1)N2CCc1c[nH]c2ccccc12,D
5HT2A,,,,28,COc1cccc2[nH]cc(CCN3CCCC3CO)c12,D
5HT2A,,,,29,OCC1CCCN1CCc1c[nH]c2cccc(O)c12,D
5HT2A,,,,30,COc1ccc2[nH]cc(CCN3CCCC3CO)c2c1,D
5HT2A,,,,31,OC[C@@H]1CCCN1CCc1c[nH]c2ccccc12,D
5HT2A,,,,32,OC[C@H]1CCCN1CCc1c[nH]c2ccccc12,D
5HT2A,,,,33,COC(=O)[C@@H]1CCCN1CCc1c[nH]c2ccccc12,D
5HT2A,,,,34,COC(=O)[C@H]1CCCN1CCc1c[nH]c2ccccc12,D
5HT2A,,,,35,OCC1CCCN1CCc1c[nH]c2ccc(O)cc12,D
5HT2A,,,,36,O=C(OCC(F)(F)F)C1CCCN1CCc1c[nH]c2ccccc12,D
5HT2A,,,,37,COC(=O)C1CCCN1CCc1c[nH]c2cccc(O)c12,D
5HT2A,,,,38,COC(=O)C1CCCN1CCc1c[nH]c2ccc(O)cc12,D
5HT2A,,,,39,COC(=O)C1CCCN1CCc1c[nH]c2ccc(OC)cc12,D
5HT2A,,,,40,COc1cccc2[nH]cc(CCN3CCC3CO)c12,D
5HT2A,,,,41,CCOc1cccc2[nH]cc(CCN3CCC[C@H]3CO)c12,D
5HT2A,,,,42,COc1ccc(Br)c2[nH]cc(CCN3CCCC3CO)c12,D
5HT2A,,,,43,OC[C@@H]1CCCN1CCc1c[nH]c2ccc(F)cc12,D
5HT2A,,,,44,OCC1CCCN1CCc1c[nH]c2ccc(OC(F)(F)F)cc12,D
5HT2A,,,,45,OC[C@@H]1CCCN1CCc1c[nH]c2ccc(OC(F)(F)F)cc12,D
5HT2A,,,,46,CC(O)[C@@H]1CCCN1CCc1c[nH]c2cccc(O)c12,D
5HT2A,,,,47,CC1(OC(=O)C2CCCN2CCc2c[nH]c3ccccc23)CC1,D
5HT2A,,,,48,COc1cccc2[nH]cc(CCN3CCC[C@H]3CO)c12,D
5HT2A,,,,49,OC[C@@H]1CCCN1CCc1c[nH]c2cccc(O)c12,D
5HT2A,,,,50,COc1ccc2[nH]cc(CCN3CCC[C@H]3CO)c2c1,D
5HT2A,,,,51,OC[C@@H]1CCCN1CCc1c[nH]c2ccc(O)cc12,D
5HT2A,,,,52,CCOC(=O)[C@@H]1CCCN1CCc1c[nH]c2ccccc12,D
5HT2A,,,,53,OC[C@H]1CCN1CCc1c[nH]c2ccccc12,D
5HT2A,,,,54,OC[C@@H]1CCN1CCc1c[nH]c2ccccc12,D
5HT2A,,,,55,CC(C)OC(=O)[C@@H]1CCCN1CCc1c[nH]c2ccccc12,D
5HT2A,,,,56,[2H]C([2H])([2H])Oc1ccc2[nH]cc(CCN3CCC[C@H]3CO)c2c1,D
5HT2A,,,,57,OC[C@@H]1CCCN1CCc1c(Br)[nH]c2ccccc12,D
5HT2A,,,,58,COc1cccc2[nH]c(C)c(CCN3CCC[C@H]3CO)c12,D
5HT2A,,,,59,OC[C@@H]1CCCN1CCc1c[nH]c2ccc(F)cc12,D
5HT2A,,,,60,CCc1[nH]c2cccc(OC)c2c1CCN1CCC[C@H]1CO,D
5HT2A,,,,61,OC[C@@H]1CCCN1CCc1c[nH]c2ccc(OC(F)(F)F)cc12,D
5HT2A,,,,62,[2H]C([2H])([2H])Oc1cccc2[nH]cc(CCN3CCC[C@H]3CO)c12,D
5HT2A,,,,63,OC[C@@H]1CCCN1CCc1c(Br)[nH]c2cccc(O)c12,D
5HT2A,,,,64,OC[C@@H]1CCCN1CCc1c(Cl)[nH]c2cccc(O)c12,D
5HT2A,,,,65,OCC1CCCN1CCc1c(Cl)[nH]c2cccc(O)c12,D
5HT2A,,,,66,OCC1CCCN1CCc1c(Br)[nH]c2cccc(O)c12,D
5HT2A,,,,67,COc1cccc2[nH]c(Br)c(CCN3CCCC3CO)c12,D
5HT2A,,,,68,COc1cccc2[nH]c(Cl)c(CCN3CCCC3CO)c12,D
5HT2A,,,,69,OCC1CCCN1CCc1c(Br)[nH]c2ccc(F)cc12,D
5HT2A,,,,70,OCC1CCCN1CCc1c(Cl)[nH]c2ccc(F)cc12,D
5HT2A,,,,71,COc1ccc2[nH]c(Cl)c(CCN3CCCC3CO)c2c1,D
5HT2A,,,,72,COc1ccc2[nH]c(Br)c(CCN3CCCC3CO)c2c1,D
5HT2A,,,,73,C[C@H](O)[C@@H]1CCCN1CCc1c[nH]c2ccccc12,D
5HT2A,,,,74,CC(C)(O)[C@@H]1CCCN1CCc1c[nH]c2ccccc12,D
5HT2A,,,,75,C[C@@H](O)[C@@H]1CCCN1CCc1c[nH]c2ccccc12,D
5HT2A,,,,76,CCC(O)[C@@H]1CCCN1CCc1c[nH]c2ccccc12,D
5HT2A,,,,77,CC[C@@H](O)[C@@H]1CCCN1CCc1c[nH]c2ccccc12,D
5HT2A,,,,78,CC[C@H](O)[C@@H]1CCCN1CCc1c[nH]c2ccccc12,D
5HT2A,,,,79,OC[C@@H]1CCCN1CCc1c(Br)[nH]c2ccccc12,D
5HT2A,,,,80,CC(=O)Oc1cccc2[nH]cc(CCN3CCC[C@H]3CO)c12,D
5HT2A,,,,81,O=P(O)(O)Oc1cccc2[nH]cc(CCN3CCC[C@H]3CO)c12,D
5HT2A,,,,82,CC(C)(O)[C@@H]1CCCN1CCc1c[nH]c2ccc(F)cc12,D
5HT2A,,,,83,CC(C)(O)[C@@H]1CCCN1CCc1c[nH]c2cccc(O)c12,D
5HT2A,,,,84,COc1cccc2[nH]cc(CCN3CCC[C@H]3C(C)(C)O)c12,D
5HT2A,,,,85,CC(C)(O)[C@@H]1CCCN1CCc1c[nH]c2cccc(OP(=O)(O)O)c12,D
5HT2A,,,,86,CC(=O)Oc1cccc2[nH]cc(CCN3CCC[C@H]3C(C)(C)O)c12,D
5HT2A,,,,87,COc1cccc2[nH]c(Cl)c(CCN3CCCC3C(C)(C)O)c12,D
5HT2A,,,,88,COc1cccc2[nH]c(Br)c(CCN3CCCC3C(C)(C)O)c12,D
5HT2A,,,,89,CC(C)(O)C1CCCN1CCc1c(Br)[nH]c2cccc(O)c12,D
5HT2A,,,,90,CC(C)(O)C1CCCN1CCc1c(Cl)[nH]c2cccc(O)c12,D
5HT2A,,,,91,CC(C)(O)C1CCCN1CCc1c(Cl)[nH]c2ccc(F)cc12,D
5HT2A,,,,92,COC(=O)[C@]1(C)CCCN1CCc1c[nH]c2ccccc12,D
5HT2A,,,,93,C[C@@]1(CO)CCCN1CCc1c[nH]c2ccccc12,D
5HT2A,,,,94,COC(=O)[C@@H]1CCCN1CCc1c[nH]c2ncccc12,D
5HT2A,,,,95,OC[C@@H]1CCCN1CCc1c[nH]c2ncccc12,D
5HT2A,,,,96,COc1ccc2[nH]c(Br)c(CCN3CCC[C@H]3CO)c2c1,D
5HT2A,,,,97,COc1ccc2[nH]c(Cl)c(CCN3CCC[C@H]3CO)c2c1,D
5HT2A,,,,98,COc1cccc2[nH]cc(CCN3CCC[C@H]3COP(=O)(O)O)c12,D
5HT2A,,,,99,COc1cccc2[nH]c(Br)c(CCN3CCC[C@H]3COP(=O)(O)O)c12,D
5HT2A,,,,100,COc1cccc2[nH]c(Cl)c(CCN3CCC[C@H]3COP(=O)(O)O)c12,D
5HT2A,,,,101,CC(=O)OC[C@@H]1CCCN1CCc1c(Cl)[nH]c2cccc(O)c12,D
5HT2A,,,,102,O=P(O)(O)OC[C@@H]1CCCN1CCc1c[nH]c2ccccc12,D
5HT2A,,,,103,COc1ccc2[nH]cc(CCN3CCC[C@H]3COP(=O)(O)O)c2c1,D
5HT2A,,,,104,O=P(O)(O)OC[C@@H]1CCCN1CCc1c[nH]c2ccc(O)cc12,D
5HT2A,,,,105,COc1cccc2[nH]c(Cl)c(CCN3CCC[C@H]3COC(C)=O)c12,D
5HT2A,,,,106,CC(=O)OC[C@@H]1CCCN1CCc1c(Cl)[nH]c2ccc(O)cc12,D
5HT2A,,,,107,COc1ccc2[nH]c(Cl)c(CCN3CCC[C@H]3COC(C)=O)c2c1,D
5HT2A,,,,108,COc1ccc2[nH]cc(CCN3CCC[C@H]3COC(C)=O)c2c1,D
5HT2A,,,,109,CC(=O)OC[C@@H]1CCCN1CCc1c[nH]c2ccc(O)cc12,D
5HT2A,,,,110,CC(=O)OCC1CCN1CCc1c[nH]c2ccccc12,D
5HT2A,,,,111,O=P(O)(O)OCC1CCN1CCc1c[nH]c2ccccc12,D
5HT2A,,,,112,OCC1CCN1CCc1c(Br)[nH]c2ccccc12,D
5HT2A,,,,113,OCC1CCN1CCc1c(Cl)[nH]c2ccccc12,D
5HT2A,,,,114,COc1cccc2[nH]c(Br)c(CCN3CCC3CO)c12,D
5HT2A,,,,115,COc1cccc2[nH]c(Cl)c(CCN3CCC3CO)c12,D
5HT2A,,,,116,OCC1CCN1CCc1c(Br)[nH]c2cccc(O)c12,D
5HT2A,,,,117,OCC1CCN1CCc1c(Cl)[nH]c2cccc(O)c12,D
5HT2A,,,WO 2024/067302 ,ER10295,COCc1ccc(CCC(=O)N(C)C2CCN(CC(=O)c3ccc(F)cc3)CC2)cc1,B
5HT2A,,,,ER10296,COCc1ccc(CNC(=O)CC2CCN(CC(=O)c3ccc(F)cc3)CC2)cc1,B
5HT2A,,,,ER10305,COCc1ccc(CC(=O)N(C)C2CCN(CC(=O)c3ccc(F)cc3)CC2)cn1,A
5HT2A,,,,ER10316,O=C(CN1CCC(CNC(=O)c2ccccc2)CC1)c1ccc(F)cc1,A
5HT2A,,,,ER10317,O=C(CN1CCC(CNC(=O)c2ccccn2)CC1)c1ccc(F)cc1,A
5HT2A,,,,ER10318,O=C(CN1CCC(CNC(=O)c2cccnc2)CC1)c1ccc(F)cc1,A
5HT2A,,,,ER10319,O=C(CN1CCC(CNC(=O)c2ccncc2)CC1)c1ccc(F)cc1,A
5HT2A,,,,ER10320,COc1ccccc1C(=O)NCC1CCN(CC(=O)c2ccc(F)cc2)CC1,A
5HT2A,,,,ER10321,COc1cccc(C(=O)NCC2CCN(CC(=O)c3ccc(F)cc3)CC2)c1,A
5HT2A,,,,ER10322,COc1ccc(C(=O)NCC2CCN(CC(=O)c3ccc(F)cc3)CC2)cc1,A
5HT2A,,,,ER10323,COc1cccc(C(=O)NCC2CCN(CC(=O)c3ccc(F)cc3)CC2)n1,A
5HT2A,,,,ER10324,Cc1cccc(C(=O)NCC2CCN(CC(=O)c3ccc(F)cc3)CC2)n1,A
5HT2A,,,,ER10325,COc1cc(C(=O)NCC2CCN(CC(=O)c3ccc(F)cc3)CC2)ccn1,B
5HT2A,,,,ER10326,Cc1cc(C(=O)NCC2CCN(CC(=O)c3ccc(F)cc3)CC2)ccn1,A
5HT2A,,,,ER10327,COc1ncccc1C(=O)NCC1CCN(CC(=O)c2ccc(F)cc2)CC1,A
5HT2A,,,,ER10328,Cc1ncccc1C(=O)NCC1CCN(CC(=O)c2ccc(F)cc2)CC1,B
5HT2A,,,,ER10329,COc1ccc(C(=O)NCC2CCN(CC(=O)c3ccc(F)cc3)CC2)cn1,A
5HT2A,,,,ER10330,Cc1ccc(C(=O)NCC2CCN(CC(=O)c3ccc(F)cc3)CC2)cn1,A
5HT2A,,,,ER10349,Cc1cccnc1C(=O)NCC1CCN(CC(=O)c2ccc(F)cc2)CC1,B
5HT2A,,,,ER10350,Cc1ccncc1C(=O)NCC1CCN(CC(=O)c2ccc(F)cc2)CC1,A
5HT2A,,,,ER10351,Cc1ccnc(C(=O)NCC2CCN(CC(=O)c3ccc(F)cc3)CC2)c1,A
5HT2A,,,,ER10352,Cc1cncc(C(=O)NCC2CCN(CC(=O)c3ccc(F)cc3)CC2)c1,A
5HT2A,,,,ER10353,COc1cccnc1C(=O)NCC1CCN(CC(=O)c2ccc(F)cc2)CC1,A
5HT2A,,,,ER10354,COc1ccncc1C(=O)NCC1CCN(CC(=O)c2ccc(F)cc2)CC1,A
5HT2A,,,,ER10355,COc1ccnc(C(=O)NCC2CCN(CC(=O)c3ccc(F)cc3)CC2)c1,A
5HT2A,,,,ER10356,COc1cncc(C(=O)NCC2CCN(CC(=O)c3ccc(F)cc3)CC2)c1,B
5HT2A,,,,ER10394,COCc1cccc(C(=O)NCC2CCN(CC(=O)c3ccc(F)cc3)CC2)n1,A
5HT2A,,,WO 2024/067304 ,ER10256,COCc1ccc(CNC(=O)N(C)CC2CCN(CC(=O)c3ccc(F)cc3)CC2)cc1,A
5HT2A,,,,ER10257,COCc1ccc(CNC(=O)NCC2CCN(CC(=O)c3ccc(F)cc3)CC2)cc1,A
5HT2A,,,,ER10258,COCc1ccc(CN(C)C(=O)NCC2CCN(CC(=O)c3ccc(F)cc3)CC2)cc1,A
5HT2A,,,,ER10259,COCC1CCC(CNC(=O)N(C)CC2CCN(CC(=O)c3ccc(F)cc3)CC2)CC1,A
5HT2A,,,,ER10260,CCOc1ccc(CNC(=O)N(C)CC2CCN(CC(=O)c3ccc(F)cc3)CC2)cc1,A
5HT2A,,,,ER10261,COCC1CCC(CNC(=O)NCC2CCN(CC(=O)c3ccc(F)cc3)CC2)CC1,B
5HT2A,,,,ER10268,COCc1ccc(CNC(=O)N(C)CC2CCN(CC(=O)c3ccc(F)cc3)CC2)cn1,A
5HT2A,,,,ER10269,COCc1ccc(CN(C)C(=O)NCC2CCN(CC(=O)c3ccc(F)cc3)CC2)cn1,A
5HT2A,,,,ER10270,COCc1ccc(NC(=O)N(C)CC2CCN(CC(=O)c3ccc(F)cc3)CC2)nc1,A
5HT2A,,,,ERI0271,Cc1nc(CNC(=O)N(C)CC2CCN(CC(=O)c3ccc(F)cc3)CC2)co1,A
5HT2A,,,,ERI0272,COCc1ccc(CNC(=O)NCC2CCN(CC(=O)c3ccc(F)cc3)CC2)cn1,B
5HT2A,,,,ER10273,COCc1ccc(CNC(=O)N(C)CC2CCN(CC(=O)c3ccc(F)cc3)CC2)nc1,A
5HT2A,,,,ER10274,COCc1ccc(NC(=O)N(C)CC2CCN(CC(=O)c3ccc(F)cc3)CC2)cc1,B
5HT2A,,,,ER10275,CCOc1ccc(CNC(=O)N(C)CC2CCN(CC(=O)c3ccc(F)cc3)CC2)cn1,A
5HT2A,,,,ER10276-0,CCOC1CCC(CNC(=O)N(C)CC2CCN(CC(=O)c3ccc(F)cc3)CC2)CC1,B
5HT2A,,,,ER10276-0A,CCOC1CCC(CNC(=O)N(C)CC2CCN(CC(=O)c3ccc(F)cc3)CC2)CC1,B
5HT2A,,,,ER10277,CN(CC1CCN(CC(=O)c2ccc(F)cc2)CC1)C(=O)NCc1ccccc1,A
5HT2A,,,,ER10278,COCc1ccc(CNC(=O)N(CC2CCN(CC(=O)c3ccc(F)cc3)CC2)C2CC2)cc1,A
5HT2A,,,,ER10279,COc1ccc(CNC(=O)N(C)CC2CCN(CC(=O)c3ccc(F)cc3)CC2)cc1,A
5HT2A,,,,ERI0282,COCc1cnc(CNC(=O)N(C)CC2CCN(CC(=O)c3ccc(F)cc3)CC2)s1,A
5HT2A,,,,ER10293,COc1ccc(CNC(=O)N(C)C2CCN(CC(=O)c3ccc(F)cc3)CC2)cc1,B
5HT2A,,,,ER10294,COCc1ccc(CNC(=O)N(C)C2CCN(CC(=O)c3ccc(F)cc3)CC2)cc1,B
5HT2A,,,,ERI0298,COCc1ccc(CNC(=O)N(C)CC2CCN(CC(=O)c3ccc(F)cc3)CC2F)cc1,A
5HT2A,,,,ER1030I,COCc1ccc(NC(=O)N(C)CC2CCN(CC(=O)c3ccc(F)cc3)CC2)cn1,A
5HT2A,,,,ER10302,COc1ccc(NC(=O)N(C)CC2CCN(CC(=O)c3ccc(F)cc3)CC2)cn1,A
5HT2A,,,,ERI0303,CCOCc1ccc(NC(=O)N(C)CC2CCN(CC(=O)c3ccc(F)cc3)CC2)nc1,A
5HT2A,,,,ER10304,COc1ccc(NC(=O)N(C)CC2CCN(CC(=O)c3ccc(F)cc3)CC2)nc1,A
5HT2A,,,,ERI0311,CCOCc1ccc(CNC(=O)N(C)CC2CCN(CC(=O)c3ccc(F)cc3)CC2)cn1,A
5HT2A,,,,ER10312,COc1ccc(CNC(=O)N(C)CC2CCN(CC(=O)c3ccc(F)cc3)CC2)cn1,A
5HT2A,,,,ER10313,COc1ccc(CNC(=O)N(C)CC2CCN(CC(=O)c3ccc(F)cc3)CC2)cc1,A
5HT2A,,,,ER10314,CN(C(=O)NCC1CCN(CC(=O)c2ccc(F)cc2)CC1)c1ccccc1,A
5HT2A,,,,ER10315,CN(C(=O)NCC1CCN(CC(=O)c2ccc(F)cc2)CC1)c1ccccn1,A
5HT2A,,,,ER10331,COc1cccc(N(C)C(=O)NCC2CCN(CC(=O)c3ccc(F)cc3)CC2)n1,A
5HT2A,,,,ER10332,Cc1cccc(N(C)C(=O)NCC2CCN(CC(=O)c3ccc(F)cc3)CC2)n1,A
5HT2A,,,,ER10333,CN(CC1CCN(CC(=O)c2ccc(F)cc2)CC1)C(=O)NCc1cccnc1,A
5HT2A,,,,ERI0334,CN(CC1CCN(CC(=O)c2ccc(F)cc2)CC1)C(=O)NCc1ccccn1,B
5HT2A,,,,ER10335,CN(CC1CCN(CC(=O)c2ccc(F)cc2)CC1)C(=O)NCc1nccs1,B
5HT2A,,,,ER10336,COc1ccc(CN(C)C(=O)NCC2CCN(CC(=O)c3ccc(F)cc3)CC2)cn1,A
5HT2A,,,,ER10337,Cc1cccc(CNC(=O)N(C)CC2CCN(CC(=O)c3ccc(F)cc3)CC2)n1,B
5HT2A,,,,ER10338,Cc1cnc(CNC(=O)N(C)CC2CCN(CC(=O)c3ccc(F)cc3)CC2)s1,B
5HT2A,,,,ER10339,COc1ncccc1CNC(=O)N(C)CC1CCN(CC(=O)c2ccc(F)cc2)CC1,A
5HT2A,,,,ER10340,COc1cccc(CNC(=O)N(C)CC2CCN(CC(=O)c3ccc(F)cc3)CC2)n1,A
5HT2A,,,,ERI0341,Cc1csc(CNC(=O)N(C)CC2CCN(CC(=O)c3ccc(F)cc3)CC2)n1,B
5HT2A,,,,ER10342,Cc1ccc(CNC(=O)N(C)CC2CCN(CC(=O)c3ccc(F)cc3)CC2)cn1,A
5HT2A,,,,ER10343,COc1ccc(CNC(=O)N(C)CC2CCN(CC(=O)c3ccc(F)cc3)CC2)nc1,A
5HT2A,,,,ER10346,Cc1ncccc1CNC(=O)N(C)CC1CCN(CC(=O)c2ccc(F)cc2)CC1,A
5HT2A,,,,ER10347,Cc1ccc(CNC(=O)N(C)CC2CCN(CC(=O)c3ccc(F)cc3)CC2)nc1,B
5HT2A,,,,ER10368,Cc1ncc(CNC(=O)N(C)CC2CCN(CC(=O)c3ccc(F)cc3)CC2)s1,A
5HT2A,,,,ER10369,Cc1ncc(CNC(=O)N(C)CC2CCN(CC(=O)c3ccc(F)cc3)CC2)o1,A
5HT2A,,,,ER10370,Cc1nc(CNC(=O)N(C)CC2CCN(CC(=O)c3ccc(F)cc3)CC2)cs1,A
5HT2A,,,,ERI0299,COCc1ccc(CNC(=O)OCC2CCN(CC(=O)c3ccc(F)cc3)CC2)cc1,A
5HT2A,,,,ER10344,COc1ccc(CN(C)C(=O)OCC2CCN(CC(=O)c3ccc(F)cc3)CC2)cn1,B
5HT2A,,,,ER10345,COc1ccc(CNC(=O)OCC2CCN(CC(=O)c3ccc(F)cc3)CC2)cn1,A
5HT2A,,,,ER10348,CN(C(=O)OCC1CCN(CC(=O)c2ccc(F)cc2)CC1)c1ccccn1,B
5HT2A,,,,ERI0300,COCc1ccc(CNC(=O)COC2CCN(CC(=O)c3ccc(F)cc3)CC2)cc1,B
5HT2A,,,CN 117624169 A ,1,COc1ccc2c3c([nH]c2c1)CCN(CCc1ccccc1OC)CC3,A
5HT2A,,,,2,COc1ccc2c3c([nH]c2c1)CCN(CC(C)c1ccccc1OC)CC3,B
5HT2A,,,,3,COc1ccc2c3c([nH]c2c1)CCN(C[C@H](C)c1ccccc1OC)CC3,B
5HT2A,,,,4,COc1ccc2c3c([nH]c2c1)CCN(C[C@@H](C)c1ccccc1OC)CC3,B
5HT2A,,,,5,COc1ccc2c3c([nH]c2c1)CCN(CC(C)c1ccccc1O)CC3,B
5HT2A,,,,6,COc1ccc2c3c([nH]c2c1)CCN(CC(C)c1ccccc1F)CC3,B
5HT2A,,,,7,COc1ccc2c3c([nH]c2c1)CCN(CC(C)c1ccccc1Cl)CC3,B
5HT2A,,,,8,COc1ccc2c3c([nH]c2c1)CCN(CC(C)c1ccccc1C#N)CC3,B
5HT2A,,,,9,COc1ccc2c3c([nH]c2c1)CCN(CC(C)c1cccc(F)c1)CC3,B
5HT2A,,,,10,COc1ccc2c3c([nH]c2c1)CCN(CC(C)c1ccccn1)CC3,B
5HT2A,,,,11,COc1ccc2c3c([nH]c2c1)CCN(CC(C)c1ccc(F)cc1)CC3,B
5HT2A,,,,12,COc1cccc(C(C)CN2CCc3[nH]c4cc(OC)ccc4c3CC2)c1,B
5HT2A,,,,13,COc1ccc(C(C)CN2CCc3[nH]c4cc(OC)ccc4c3CC2)cc1,B
5HT2A,,,,14,COc1ccc2c3c([nH]c2c1)CCN(CC(C)c1ccc(C)cc1)CC3,B
5HT2A,,,,15,COc1ccc2c3c([nH]c2c1)CCN(CC(C)c1cccc(C)c1)CC3,B
5HT2A,,,,16,COc1ccc2c3c([nH]c2c1)CCN(CC(C)c1ccccc1C)CC3,B
5HT2A,,,,17,COc1ccc2c3c([nH]c2c1)CCN(CC(C)c1ccccc1SC)CC3,B
5HT2A,,,,18,COc1ccc2c3c([nH]c2c1)CCN(CC(F)(F)c1ccccc1OC)CC3,B
5HT2A,,,,19,COc1ccc2c3c([nH]c2c1)CCN(CC(c1ccccc1OC)(C(F)(F)F)C(F)(F)F)CC3,B
5HT2A,,,,20,COc1ccc2c3c([nH]c2c1)CCN(CC1(c2ccccc2OC)CC1)CC3,B
5HT2A,,,,21,COc1ccc2c3c([nH]c2c1)CCN(CCOc1ccccc1OC)CC3,B
5HT2A,,,,22,COc1ccc2c3c([nH]c2c1)CCN(CCOc1ccccc1F)CC3,B
5HT2A,,,,23,COc1ccc2c3c([nH]c2c1)CCN(CCOc1ccccc1O)CC3,B
5HT2A,,,,24,COc1ccc2c3c([nH]c2c1)CCN(CCOc1ccccc1C#N)CC3,B
5HT2A,,,,25,COc1ccc2c3c([nH]c2c1)CCN(CCOc1ccccc1Cl)CC3,B
5HT2A,,,,26,COc1ccc2c3c([nH]c2c1)CCN(CCOc1cccc(F)c1)CC3,B
5HT2A,,,,27,COc1ccc2c3c([nH]c2c1)CCN(CCOc1ccc(F)cc1)CC3,B
5HT2A,,,,28,COc1ccc2c3c([nH]c2c1)CCN(CCOc1ccc(Br)cc1)CC3,B
5HT2A,,,,29,COc1ccc2c3c([nH]c2c1)CCN(CCOc1ccc(C)cc1)CC3,B
5HT2A,,,,30,COc1ccc2c3c([nH]c2c1)CCN(CCNc1ccccc1OC)CC3,B
5HT2A,,,,31,COc1ccc2c3c([nH]c2c1)CCN(CCNc1ccccc1F)CC3,B
5HT2A,,,,32,COc1ccc2c3c([nH]c2c1)CCN(CCNc1ccccc1O)CC3,B
5HT2A,,,,33,COc1ccc2c3c([nH]c2c1)CCN(CCNc1ccccc1C#N)CC3,B
5HT2A,,,,34,COc1ccc2c3c([nH]c2c1)CCN(CCNc1ccccc1Cl)CC3,B
5HT2A,,,,35,COc1ccc2c3c([nH]c2c1)CCN(CCNc1cccc(F)c1)CC3,B
5HT2A,,,,36,COc1ccc2c3c([nH]c2c1)CCN(CCNc1ccc(F)cc1)CC3,B
5HT2A,,,,37,COc1ccc2c3c([nH]c2c1)CCN(CCNc1ccc(Br)cc1)CC3,B
5HT2A,,,,38,COc1ccc2c3c([nH]c2c1)CCN(CCNc1ccc(C)cc1)CC3,B
5HT2A,,,,39,COc1ccc2c3c([nH]c2c1)CCN(CCc1coc2ccccc12)CC3,B
5HT2A,,,,40,COc1ccc2c3c([nH]c2c1)CCN(CCc1noc2ccccc12)CC3,B
5HT2A,,,,41,COc1ccc2c3c([nH]c2c1)CCN(CCc1coc2cc(F)ccc12)CC3,B
5HT2A,,,,42,COc1ccc2c3c([nH]c2c1)CCN(CC1Cc2c(cccc2OC)CO1)CC3,B
5HT2A,,,,43,COc1ccc2c3c([nH]c2c1)CCN(CC1Cc2c(O)cccc2CO1)CC3,B
5HT2A,,,,44,COc1ccc2c3c([nH]c2c1)CCN(CCc1n[nH]c2ccc(F)cc12)CC3,B
5HT2A,,,,45,COc1ccc2c3c([nH]c2c1)CCN(CC1Cc2c(F)cccc2CO1)CC3,B
5HT2A,,,,46,COc1ccc2c3c([nH]c2c1)CCN(CCC1COc2ccccc21)CC3,B
5HT2A,,,,47,[2H]C([2H])(CCN1CCc2[nH]c3cc(OC)ccc3c2CC1)c1ccccc1OC,B
5HT2A,,,,48,[2H]C([2H])(Cc1ccccc1OC)CN1CCc2[nH]c3cc(OC)ccc3c2CC1,B
5HT2A,,,,49,[2H]C([2H])(CCc1ccccc1OC)N1CCc2[nH]c3cc(OC)ccc3c2CC1,B
5HT2A,,,,50,[2H]C([2H])(CN1CCc2[nH]c3cc(OC)ccc3c2CC1)c1ccccc1OC,B
5HT2A,,,,51,COc1ccc2c3c([nH]c2c1)CCN(CC1Cc2c(C#N)cccc2CO1)CC3,B
5HT2A,,,,52,COc1ccc2c3c([nH]c2c1)CCN(CC1Cc2ccccc2CN1)CC3,B
5HT2A,,,,53,COc1ccc2c3c([nH]c2c1)CCN(CC1Cc2c(C#N)cccc2CO1)CC3,B
5HT2A,,,,54,COc1ccc2c3c([nH]c2c1)CCN(CCc1nsc2ccc(F)cc12)CC3,B
5HT2A,,,,55,COc1ccc2c3c([nH]c2c1)CCN(CCc1csc2ccccc12)CC3,B
5HT2A,,,,56,COc1ccc2c3c([nH]c2c1)CCN(CC1=COc2cccc(C#N)c2C1)CC3,B
5HT2A,,,,57,COc1ccc2c3c([nH]c2c1)CCN(CCC1CNc2ccccc21)CC3,B
5HT2A,,,,58,COc1ccc2c3c([nH]c2c1)CCN(CCC1CNc2ccc(F)cc21)CC3,B
5HT2A,,,,59,COc1ccccc1CCCN1CCc2[nH]c3cc(C)ccc3c2CC1,B
5HT2A,,,,60,COc1ccccc1CCCN1CCc2[nH]c3cc(F)ccc3c2CC1,B
5HT2A,,,,61,COc1ccccc1CCCN1CCc2[nH]c3cc(Cl)ccc3c2CC1,B
5HT2A,,,,62,COc1ccc2[nH]c3c(c2c1)CCN(CCCc1ccccc1OC)CC3,B
5HT2A,,,,63,COc1ccccc1CCCN1CCc2[nH]c3ccc(F)cc3c2CC1,B
5HT2A,,,,64,COc1ccccc1CCCN1CCc2[nH]c3ccc(C(F)(F)F)cc3c2CC1,B
5HT2A,,,,65,COc1ccccc1CCCN1CCc2[nH]c3c(F)cccc3c2CC1,B
5HT2A,,,,66,COc1ccccc1CCCN1CCc2[nH]c3c(C#N)cccc3c2CC1,B
5HT2A,,,,67,COc1ccccc1CCCN1CCc2[nH]c3cccc(Cl)c3c2CC1,B
5HT2A,,,,68,COc1ccccc1CCCN1CCc2[nH]c3cccc(O)c3c2CC1,B
5HT2A,,,,69,COc1ccc2c3c([nH]c2n1)CCN(CCCc1ccccc1OC)CC3,B
5HT2A,,,,70,COc1ccccc1CCCN1CCc2[nH]c3nc(OC(F)F)ccc3c2CC1,B
5HT2A,,,,71,COc1ccccc1CCCN1CCc2[nH]c3ncc(F)cc3c2CC1,B
5HT2A,,,,72,COc1cnc2[nH]c3c(c2c1)CCN(CCCc1ccccc1OC)CC3,B
5HT2A,,,,73,COc1ccccc1CCCN1CCc2[nH]c3nccc(Cl)c3c2CC1,B
5HT2A,,,,74,COc1ccccc1CCCN1CCc2[nH]c3nccc(F)c3c2CC1,B
5HT2A,,,,75,COc1ccc2c3c(n(C)c2n1)CCN(CCCc1ccccc1OC)CC3,B
5HT2A,,,,76,CCn1c2c(c3ccc(OC)nc31)CCN(CCCc1ccccc1OC)CC2,B
5HT2A,,,,77,COc1ccc2c3c(n(C4CCC4)c2n1)CCN(CCCc1ccccc1OC)CC3,B
5HT2A,,,,78,COc1ccc2c3c(n(C(C)(C)C)c2n1)CCN(CCCc1ccccc1OC)CC3,B
5HT2A,,,,79,COc1ccc2c3c([nH]c2n1)CCN(CCCc1ccccc1OC)C(C)C3,B
5HT2A,,,,80,COc1ccc2c3c([nH]c2n1)CCN(CCCc1ccccc1OC)C(F)C3,B
5HT2A,,,,81,COc1ccc2c3c([nH]c2n1)CCN(CCCc1ccccc1OC)CC3C,B
5HT2A,,,,82,[2H]C1([2H])Cc2c([nH]c3nc(OC)ccc23)CCN1CCCc1ccccc1OC,B
5HT2A,,,,83,COc1ccc2c3c([nH]c2c1)CCN(CCCc1ccccc1OC)C(C)C3,B
5HT2A,,,,84,COc1ccc2c3c([nH]c2c1)CCN(CCCc1ccccc1OC)C(F)C3,B
5HT2A,,,,85,COc1ccc2c3c([nH]c2c1)CCN(CCCc1ccccc1OC)CC3C,B
5HT2A,,,,86,[2H]C1([2H])Cc2c([nH]c3cc(OC)ccc23)CCN1CCCc1ccccc1OC,B
5HT2A,,,,87,COc1ccc2c3c([nH]c2c1)CCN(CC(=O)n1cccc1)CC3,B
5HT2A,,,,88,COc1ccc2c3c([nH]c2c1)CCN(CCn1cccc1)CC3,B
5HT2A,,,,89,[2H]n1c2c(c3ccc(OC)cc31)CCN(CCc1ccccc1OC)CC2,B
5HT2A,,,,90,COc1ccc2c3c([nH]c2c1)CCN(CC(O)c1ccccc1OC)CC3,B
5HT2A,,,,91,COc1ccc2c3c([nH]c2c1)CCN(CC(N)c1ccccc1OC)CC3,B
5HT2A,,,,92,COc1ccc2c3c([nH]c2c1)CCN(CCc1c(C)cccc1N)CC3,B
5HT2A,,,,93,[2H]C([2H])(c1ccccc1OC)C([2H])([2H])N1CCc2[nH]c3cc(OC)ccc3c2CC1,B
5HT2A,,,,94,COc1ccc2c3c([nH]c2c1)CCN(CCc1ccccc1OC)C(=O)C3,B
5HT2A,,,,95,COc1ccccc1CCN1CCc2[nH]c3cc(C=O)ccc3c2CC1,B
5HT2A,,,,96,COc1cc(C(C)=O)c2c3c([nH]c2c1)CCN(CCc1ccccc1OC)CC3,B
5HT2A,,,,97,CCOc1ccc2c3c([nH]c2c1)CCN(CCc1ccccc1OC)CC3,B
5HT2A,,,,98,CNC(=O)Nc1ccccc1CCN1CCc2[nH]c3cc(OC)ccc3c2CC1,B
5HT2A,,,,99,CNC(=O)c1ccc(CCN2CCc3[nH]c4cc(OC)ccc4c3CC2)c(OC)c1,B
5HT2A,,,,100,COc1ccc2c3c([nH]c2c1)CCN(CCc1ccc(C(C)=O)cc1OC)CC3,B
5HT2A,,,,101,COc1ccc2c3c([nH]c2c1)CCN(CCc1c(C)nc2n(c1=O)CCCC2)CC3,B
5HT2A,,,,102,COc1ccc2c3c([nH]c2c1)C1CC3CN(CCc2ccccc2OC)C1,B
5HT2A,,,,103,COc1ccc2c3c([nH]c2c1)C1CC(C3)N(CCc2ccccc2OC)C1,B
5HT2A,,,,104,COc1ccc2c3c([nH]c2c1)C1CC3CN(CCCc2ccccc2OC)C1,B
5HT2A,,,,105,COc1ccc2c3c([nH]c2c1)C1CC(C3)N(CCCc2ccccc2OC)C1,B
5HT2A,,,,106,COc1ccc2c3c([nH]c2c1)CCN(CCC(C)c1ccccc1OC)CC3,B
5HT2A,,,,107,COc1ccc2c3c([nH]c2c1)CCN(CCc1cnn(C)c1)CC3,B
5HT2A,,,WO 2024/122617 ,1,Cn1ncc(Br)c1-c1cc(Nc2ccc(C(F)(F)F)cc2)ccc1OCCO,A
5HT2A,,,,2,Cn1ncc(Br)c1-c1cc(Nc2ccc(C(F)(F)F)nc2)ccc1OCCO,A
5HT2A,,,,3,Cn1ncc(Br)c1-c1cc(Nc2ccc(F)cc2)ccc1OCCO,A
5HT2A,,,,4,Cn1ncc(Br)c1-c1cc(Nc2ccc(C(F)(F)F)cn2)ccc1OCCO,A
5HT2A,,,,5,Cn1ncc(Br)c1-c1cc(Nc2ncc(C(F)(F)F)s2)ccc1OCCO,A
5HT2A,,,,6,Cn1ncc(Br)c1-c1cc(Nc2ncc(C(F)(F)F)cc2F)ccc1OCCO,A
5HT2A,,,,7,Cn1ncc(Br)c1-c1cc(Nc2ccc(C(F)(F)F)nn2)ccc1OCCO,A
5HT2A,,,,8,Cc1cnn(C)c1-c1cc(Nc2ncc(C(F)(F)F)cc2F)ccc1OCCO,A
5HT2A,,,,9,Cn1nccc1-c1cc(Nc2ncc(C(F)(F)F)cc2F)ccc1OCCO,A
5HT2A,,,,10,Cc1noc(C)c1-c1cc(Nc2ncc(C(F)(F)F)cc2F)ccc1OCCO,B
5HT2A,,,,11,OCCOc1ccc(Nc2ncc(C(F)(F)F)cc2F)cc1-c1ccncc1Cl,B
5HT2A,,,,12,Cc1cnccc1-c1cc(Nc2ncc(C(F)(F)F)cc2F)ccc1OCCO,B
5HT2A,,,,13,Cc1ncccc1-c1cc(Nc2ncc(C(F)(F)F)cc2F)ccc1OCCO,B
5HT2A,,,,14,COc1ncccc1-c1cc(Nc2ncc(C(F)(F)F)cc2F)ccc1OCCO,B
5HT2A,,,,15,Cn1ncc(Cl)c1-c1cc(Nc2ncc(C(F)(F)F)cc2F)ccc1OCCO,B
5HT2A,,,,16,Cn1ncc(Br)c1-c1cc(Nc2ncc(F)cc2F)ccc1OCCO,B
5HT2A,,,,17,Cn1ncc(Br)c1-c1cc(Nc2ncc(Cl)cc2F)ccc1OCCO,B
5HT2A,,,,18,Cn1ncc(F)c1-c1cc(Nc2ncc(C(F)(F)F)cc2F)ccc1OCCO,B
5HT2A,,,,19,OCCOc1ccc(Nc2ncc(C(F)(F)F)cc2F)cc1-c1c(F)cccc1Cl,B
5HT2A,,,,20,Cc1cccc(F)c1-c1cc(Nc2ncc(C(F)(F)F)cc2F)ccc1OCCO,B
5HT2A,,,,21,Cc1cc(C)c(-c2cc(Nc3ncc(C(F)(F)F)cc3F)ccc2OCCO)c(C)c1,B
5HT2A,,,,22,Cc1nn(C)c(C)c1-c1cc(Nc2ncc(C(F)(F)F)cc2F)ccc1OCCO,B
5HT2A,,,,23,Cc1n[nH]c(C)c1-c1cc(Nc2ncc(C(F)(F)F)cc2F)ccc1OCCO,B
5HT2A,,,,24,Cc1ccncc1-c1cc(Nc2ncc(C(F)(F)F)cc2F)ccc1OCCO,B
5HT2A,,,,25,Cc1ccc(-c2cc(Nc3ncc(C(F)(F)F)cc3F)ccc2OCCO)c(C)n1,B
5HT2A,,,,26,OCCOc1ccc(Nc2ncc(C(F)(F)F)cc2F)cc1-c1ccnc(F)c1Cl,B
5HT2A,,,,27,Cn1cnc(Br)c1-c1cc(Nc2ncc(C(F)(F)F)cc2F)ccc1OCCO,B
5HT2A,,,,28,Cc1cnc(Nc2ccc(OCCO)c(-c3c(Br)cnn3C)c2)s1,B
5HT2A,,,,29,Cn1ncc(Br)c1-c1cc(Nc2nc3ccccc3s2)ccc1OCCO,B
5HT2A,,,,30,Cc1cncc(C)c1-c1cc(Nc2ncc(C(F)(F)F)cc2F)ccc1OCCO,B
5HT2A,,,,31,Cn1ncc(C#N)c1-c1cc(Nc2ncc(C(F)(F)F)cc2F)ccc1OCCO,B
5HT2A,,,,32,Cn1cnc(Br)c1-c1cc(Nc2ncc(F)cc2F)ccc1OCCO,B
5HT2A,,,,33,Cc1nnn(C)c1-c1cc(Nc2ncc(C(F)(F)F)cc2F)ccc1OCCO,B
5HT2A,,,,34,Cc1cccc(C)c1-c1cc(Nc2ncc(C(F)(F)F)cc2F)ccc1OCCO,B
5HT2A,,,,35,Cc1cnn(C)c1-c1cc(Nc2ncc(C(F)(F)F)cc2F)c(Oc2ccn(C)n2)cc1OCCO,B
5HT2A,,,,36,Cn1ncc(Br)c1-c1cc(Nc2nc(C(F)(F)F)cs2)ccc1OCCO,B
5HT2A,,,,37,Cn1ncc(Br)c1-c1cc(Nc2ncc(C#N)s2)ccc1OCCO,B
5HT2A,,,,38,Cn1ncc(Br)c1-c1cc(Nc2ncc(C3CC3)s2)ccc1OCCO,B
5HT2A,,,,39,Cn1ncc(Br)c1-c1cc(Nc2ncc(-c3ccccc3)s2)ccc1OCCO,B
5HT2A,,,,40,Cn1ncc(Br)c1-c1cc(Nc2ncc(Cl)s2)ccc1OCCO,B
5HT2A,,,,41,Cn1ncc(Br)c1-c1cc(Nc2nc3ccccc3o2)ccc1OCCO,B
5HT2A,,,,42,Cn1ncc(Br)c1-c1cc(Nc2nc3ccccc3n2C)ccc1OCCO,B
5HT2A,,,,43,Cn1ncc(Br)c1-c1cc(Nc2ncc(Br)cc2F)ccc1OCCO,B
5HT2A,,,,44,Cn1ncc(Br)c1-c1cc(Nc2ncc(C#N)cc2F)ccc1OCCO,B
5HT2A,,,,45,Cn1ncc(Br)c1-c1cc(Nc2ncccc2F)ccc1OCCO,B
5HT2A,,,,46,COC(=O)c1cnc(Nc2ccc(OCCO)c(-c3c(Br)cnn3C)c2)c(F)c1,B
5HT2A,,,,47,Cn1ncc(Br)c1-c1cc(Nc2cc(C(F)(F)F)ccn2)ccc1OCCO,B
5HT2A,,,,48,Cn1ncc(Br)c1-c1cc(Nc2ccc(C3CC3)cn2)ccc1OCCO,B
5HT2A,,,,49,Cc1cnc(Nc2ccc(OCCO)c(-c3c(Br)cnn3C)c2)c(F)c1,B
5HT2A,,,,50,Cc1ncnc(C)c1-c1cc(Nc2ncc(C(F)(F)F)cc2F)ccc1OCCO,B
5HT2A,,,,51,Cn1ncc(C#N)c1-c1cc(Nc2ncc(Cl)cc2F)ccc1OCCO,B
5HT2A,,,,52,Cn1ncc(C(F)(F)F)c1-c1cc(Nc2ncc(C(F)(F)F)cc2F)ccc1OCCO,B
5HT2A,,,,53,C=Cc1cnn(C)c1-c1cc(Nc2ncc(C(F)(F)F)cc2F)ccc1OCCO,B
5HT2A,,,,54,C=C(C)c1cnn(C)c1-c1cc(Nc2ncc(C(F)(F)F)cc2F)ccc1OCCO,B
5HT2A,,,,55,CCc1cnn(C)c1-c1cc(Nc2ncc(C(F)(F)F)cc2F)ccc1OCCO,B
5HT2A,,,,56,CC(C)c1cnn(C)c1-c1cc(Nc2ncc(C(F)(F)F)cc2F)ccc1OCCO,B
5HT2A,,,,57,Cc1ncnc(C)c1-c1cc(Nc2ncc(Cl)cc2F)ccc1OCCO,B
5HT2A,,,,58,C#Cc1cnn(C)c1-c1cc(Nc2ncc(C(F)(F)F)cc2F)ccc1OCCO,B
5HT2A,,,,59,Cn1nccc1-c1cc(Nc2ncc(C(F)(F)F)cc2F)ncc1OCCO,B
5HT2A,,,,60,Cn1ncc(Br)c1-c1cc(Nc2ccc(OC(F)F)cn2)ccc1OCCO,B
5HT2A,,,,61,Cn1ncc(Br)c1-c1cc(Nc2ccc(OC(F)(F)F)cc2)ccc1OCCO,B
5HT2A,,,,62,Cn1ncc(Br)c1-c1cc(Nc2ncc(C(F)(F)F)cc2F)ncc1OCCO,B
5HT2A,,,,63,Cc1cnn(C)c1-c1cc(Nc2ncc(C(F)(F)F)cc2F)ncc1OCCO,B
5HT2A,,,,64,Cn1ncc(Br)c1-c1cc(Nc2nc3ccc(Cl)cc3s2)ccc1OCCO,B
5HT2A,,,,65,Cn1cnc(C#N)c1-c1cc(Nc2ncc(C(F)(F)F)cc2F)ccc1OCCO,B
5HT2A,,,,66,CCn1ncc(Br)c1-c1cc(Nc2ncc(C(F)(F)F)cc2F)ccc1OCCO,B
5HT2A,,,,67,OCCOc1ccc(Nc2ncc(C(F)(F)F)cc2F)cc1-c1c(Br)cnn1C1CC1,B
5HT2A,,,,68,CCn1ncc(C)c1-c1cc(Nc2ncc(C(F)(F)F)cc2F)ccc1OCCO,B
5HT2A,,,,69,Cn1ncc(Br)c1-c1cc(Nc2nc3cc(Cl)ccc3s2)ccc1OCCO,B
5HT2A,,,,70,Cn1ncc(Br)c1-c1cc(Nc2nc3ccc(F)cc3s2)ccc1OCCO,B
5HT2A,,,,71,Cn1ncc(Br)c1-c1cc(Nc2nc3c(Cl)cccc3s2)ccc1OCCO,B
5HT2A,,,,72,Cn1ncc(C#N)c1-c1cc(Nc2ncc(C(F)(F)F)cc2F)ncc1OCCO,B
5HT2A,,,,73,Cn1ncc(Br)c1-c1nc(Nc2ccc(C(F)(F)F)cn2)ccc1OCCO,B
5HT2A,,,,74,Cc1cnn(C2CC2)c1-c1cc(Nc2ncc(C(F)(F)F)cc2F)ccc1OCCO,B
5HT2A,,,,75,Cc1cnn(C)c1-c1cc(Nc2ccc(C(F)(F)F)cn2)ccc1OCCO,B
5HT2A,,,,76,Cn1ncc(Br)c1-c1cc(Nc2nc3cnccc3s2)ccc1OCCO,B
5HT2A,,,,77,Cn1ncc(Br)c1-c1cc(Nc2nc3cc(F)ccc3[nH]2)ccc1OCCO,B
5HT2A,,,,78,Cn1ncc(Br)c1-c1cc(Nc2nc3cc(Cl)ccc3[nH]2)ccc1OCCO,B
5HT2A,,,,79,COc1cnc(Nc2ccc(OCCO)c(-c3c(Br)cnn3C)c2)c(F)c1,B
5HT2A,,,,80,Cn1ncc(Br)c1-c1cc(Nc2ccc(C(C)(F)F)cn2)ccc1OCCO,B
5HT2A,,,,81,Cn1ncc(Br)c1-c1cc(Nc2ccc(C(F)(F)F)cn2)cnc1OCCO,B
5HT2A,,,,82,Cn1ncc(Br)c1-c1cc(Nc2ncc(C(F)(F)F)cc2F)cnc1OCCO,B
5HT2A,,,,83,Cc1cnn(C)c1-c1cc(Nc2ncc(C(F)(F)F)cc2F)cnc1OCCO,B
5HT2A,,,,84,Cn1ncc(Br)c1-c1cc(Nc2nc3cc(Br)ccc3n2C)ccc1OCCO,B
5HT2A,,,,85,COc1ccc2nc(Nc3ccc(OCCO)c(-c4c(Br)cnn4C)c3)sc2c1,B
5HT2A,,,,86,Cn1ncc(F)c1-c1cc(Nc2ncc(Cl)cc2F)ccc1OCCO,B
5HT2A,,,,87,Cn1ncc(C#N)c1-c1cc(Nc2ncc(C(F)(F)F)cc2F)cnc1OCCO,B
5HT2A,,,,88,Cc1cnn(C)c1-c1cc(Nc2ncc(Cl)cc2F)ncc1OCCO,B
5HT2A,,,,89,Cn1ncc(Br)c1-c1cc(Nc2ncc(F)cc2F)ncc1OCCO,B
5HT2A,,,,90,Cn1ncc(Br)c1-c1cc(Nc2ccc(Cl)cn2)ccc1OCCO,B
5HT2A,,,,91,Cn1ncc(Br)c1-c1cc(Nc2ccc(C(F)F)cn2)ccc1OCCO,B
5HT2A,,,,92,Cn1ncc(Br)c1-c1cc(Nc2nc3ccc(F)cc3n2C)ccc1OCCO,B
5HT2A,,,,93,Cn1ncc(Br)c1-c1cc(Nc2ccc(C3CCC3)cn2)ccc1OCCO,B
5HT2A,,,,94,Cn1ncc(Br)c1-c1cc(Nc2ccc(CC(F)(F)F)cn2)ccc1OCCO,B
5HT2A,,,,95,Cn1cnc(Cl)c1-c1cc(Nc2ncc(C(F)(F)F)cc2F)ccc1OCCO,B
5HT2A,,,,96,Cn1cnc(Br)c1-c1cc(Nc2ncc(Cl)cc2F)ccc1OCCO,B
5HT2A,,,,97,Cc1nc(C)c(-c2cc(Nc3ncc(C(F)(F)F)cc3F)ccc2OCCO)c(C)n1,B
5HT2A,,,,98,Cc1nc(C)c(-c2cc(Nc3ncc(Cl)cc3F)ccc2OCCO)c(C)n1,B
5HT2A,,,,99,Cn1ncc(C#N)c1-c1cc(Nc2ccc(C(F)(F)F)cn2)ccc1OCCO,B
5HT2A,,,,100,Cc1ncnc(C)c1-c1cc(Nc2ccc(C(F)(F)F)cn2)ccc1OCCO,B
5HT2A,,,,101,Cn1ncc(Br)c1-c1cc(Nc2nc3cc(F)ccc3n2C)ccc1OCCO,B
5HT2A,,,,102,Cn1ncc(C#N)c1-c1cc(Nc2ccc(Cl)cn2)ccc1OCCO,B
5HT2A,,,,103,Cc1ncnc(C)c1-c1cc(Nc2ccc(Cl)cn2)ccc1OCCO,B
5HT2A,,,,104,Cn1ncc(Br)c1-c1cc(Nc2nc(C3CC3)ns2)ccc1OCCO,B
5HT2A,,,,105,Cn1ncc(Br)c1-c1cc(Nc2ncc(C(F)(F)F)cn2)ccc1OCCO,B
5HT2A,,,,106,Cn1cnc(F)c1-c1cc(Nc2ncc(C(F)(F)F)cc2F)ccc1OCCO,B
5HT2A,,,,107,Cc1cc(OCCO)c(-c2c(C#N)cnn2C)cc1Nc1ncc(C(F)(F)F)cc1F,B
5HT2A,,,,108,Cn1ncc(C#N)c1-c1cc(Nc2ncc(C(F)(F)F)cc2F)c(F)cc1OCCO,B
5HT2A,,,,109,Cn1ncc(C#N)c1-c1cc(Nc2ncc(C(F)(F)F)cc2F)c(Cl)cc1OCCO,B
5HT2A,,,,110,Cn1ncc(C#N)c1-c1cc(Nc2ncc(C(F)(F)F)cc2F)cc(F)c1OCCO,B
5HT2A,,,,111,Cn1ncc(Br)c1-c1cc(Nc2nccc3cccnc23)ccc1OCCO,B
5HT2A,,,,112,Cn1ncc(Br)c1-c1cc(Nc2nccc3ccccc23)ccc1OCCO,B
5HT2A,,,,113,Cn1ncc(Br)c1-c1cc(Nc2ncc(Cl)c3ccccc23)ccc1OCCO,B
5HT2A,,,,114,Cn1ncc(Br)c1-c1cc(Nc2nccn3c(Br)cnc23)ccc1OCCO,B
5HT2A,,,,115,Cn1ncc(Cl)c1-c1cc(Nc2ncc(C(F)(F)F)cc2F)ncc1OCCO,B
5HT2A,,,,116,Cn1ncc(Br)c1-c1cc(Nc2ccc(Cl)cn2)cnc1OCCO,B
5HT2A,,,,117,Cn1ncc(Br)c1-c1cc(Nc2ncc(Cl)cc2F)cnc1OCCO,B
5HT2A,,,,118,Cn1ncc(Br)c1-c1cc(Nc2nc3ccccc3s2)cnc1OCCO,B
5HT2A,,,,119,Cn1ncc(Br)c1-c1cc(Nc2ncc(Cl)cn2)ccc1OCCO,B
5HT2A,,,,120,Cn1ncc(Br)c1-c1cc(Nc2ncc(C3CC3)cn2)ccc1OCCO,B
5HT2A,,,,121,Cn1ncc(C#N)c1-c1cc(Nc2ccc(OC(F)(F)F)cn2)ccc1OCCO,B
5HT2A,,,,122,Cc1nc(C)c(-c2cc(Nc3ccc(C(F)(F)F)cn3)ccc2OCCO)c(C)n1,B
5HT2A,,,,123,Cc1nc(C)c(-c2cc(Nc3ccc(Cl)cn3)ccc2OCCO)c(C)n1,B
5HT2A,,,,124,Cc1ncnc(C)c1-c1cc(Nc2ccc(OC(F)(F)F)cn2)ccc1OCCO,B
5HT2A,,,,125,Cn1ncc(C#N)c1-c1cc(Nc2ccc(C(F)(F)F)cn2)c(F)cc1OCCO,B
5HT2A,,,,126,Cc1cnn(C)c1-c1cc(Nc2ccc(C(F)(F)F)cn2)c(Oc2ccn(C)n2)cc1OCCO,B
5HT2A,,,,127,Cn1ncc(F)c1-c1cc(Nc2ncc(C(F)(F)F)cc2F)cnc1OCCO,B
5HT2A,,,,128,Cn1ncc(Br)c1-c1cc(Nc2ccc(C3CC3)cn2)cnc1OCCO,B
5HT2A,,,,129,Cn1ncc(Br)c1-c1cc(Nc2ncc(C3CC3)s2)cnc1OCCO,B
5HT2A,,,,130,Cn1ncc(Br)c1-c1cc(Nc2ncc(Cl)s2)cnc1OCCO,B
5HT2A,,,,131,Cn1ncc(Br)c1-c1cc(Nc2ncc(C(F)(F)F)cn2)cnc1OCCO,B
5HT2A,,,,132,Cn1ncc(Br)c1-c1cc(Nc2ncc(Cl)cn2)cnc1OCCO,B
5HT2A,,,,133,Cn1ncc(Br)c1-c1cc(Nc2ncc(C3CC3)cn2)cnc1OCCO,B
5HT2A,,,,134,Cc1ncnc(C)c1-c1cc(Nc2ncc(C(F)(F)F)cc2F)cnc1OCCO,B
5HT2A,,,,135,Cc1nc(C)c(-c2cc(Nc3ncc(C(F)(F)F)cc3F)cnc2OCCO)c(C)n1,B
5HT2A,,,,136,Cn1ncc(Cl)c1-c1cc(Nc2ncc(Cl)cc2F)ccc1OCCO,B
5HT2A,,,,137,Cn1ncc(Cl)c1-c1cc(Nc2ncc(F)cc2F)ccc1OCCO,B
5HT2A,,,,138,Cn1ncc(Cl)c1-c1cc(Nc2ncc(Cl)cn2)ccc1OCCO,B
5HT2A,,,,139,Cn1ncc(F)c1-c1cc(Nc2ncc(Cl)cc2F)cnc1OCCO,B
5HT2A,,,,140,Cc1cnn(C)c1-c1cc(Nc2ncc(Cl)cc2F)ccc1OCCO,B
5HT2A,,,,141,Cc1cnn(C)c1-c1cc(Nc2ncc(Cl)cc2F)cnc1OCCO,B
5HT2A,,,,142,Cn1ncc(Cl)c1-c1cc(Nc2ncc(C(F)(F)F)cc2F)cnc1OCCO,B
5HT2A,,,,143,Cn1ncc(Cl)c1-c1cc(Nc2ncc(Cl)cc2F)cnc1OCCO,B
5HT2A,,,,144,Cc1cnn(C)c1-c1cc(Nc2ncc(C(F)(F)F)cc2F)c(F)cc1OCCO,B
5HT2A,,,,145,Cn1ncc(F)c1-c1cc(Nc2ncc(C(F)(F)F)cc2F)c(F)cc1OCCO,B
5HT2A,,,,146,Cc1nc(C)c(-c2cc(Nc3ncc(C(F)(F)F)cc3F)c(F)cc2OCCO)c(C)n1,B
5HT2A,,,,147,Cc1noc(C)c1-c1cc(Nc2ncc(C(F)(F)F)cc2F)c(F)cc1OCCO,B
5HT2A,,,,148,Cn1ncc(Br)c1-c1cc(Nc2ncc(C(F)(F)F)cn2)c(F)cc1OCCO,B
5HT2A,,,,149,Cn1ncc(Br)c1-c1cc(Nc2ncc(Cl)cn2)c(F)cc1OCCO,B
5HT2A,,,,150,Cn1ncc(Br)c1-c1cc(Nc2ncc(C(F)(F)F)cc2F)c(F)cc1OCCO,B
5HT2A,,,,151,Cn1ncc(Br)c1-c1cc(Nc2ccc(C(F)(F)F)cn2)c(F)cc1OCCO,B
5HT2A,,,,152,Cn1ncc(Br)c1-c1cc(Nc2ncc(Cl)cc2F)c(F)cc1OCCO,B
5HT2A,,,,153,Cn1ncc(Br)c1-c1cc(Nc2ccc(Cl)cn2)c(F)cc1OCCO,B
5HT2A,,,,154,Cn1ncc(Br)c1-c1cc(Nc2ncc(F)cc2F)c(F)cc1OCCO,B
5HT2A,,,,155,Cn1ncc(Br)c1-c1cc(Nc2ncc(Cl)cc2F)ncc1OCCO,B
5HT2A,,,,156,Cn1ncc(Cl)c1-c1cc(Nc2ncc(Cl)cc2F)ncc1OCCO,B
5HT2A,,,,157,Cc1cnn(C)c1-c1cc(Nc2ccc(C(F)(F)F)cn2)c(F)cc1OCCO,B
5HT2A,,,,158,Cc1nc(C)c(-c2cc(Nc3ccc(C(F)(F)F)cn3)c(F)cc2OCCO)c(C)n1,B
5HT2A,,,,159,Cn1ncc(Br)c1-c1cc(Nc2ncc(C(F)(F)F)cn2)ncc1OCCO,B
5HT2A,,,,160,Cc1cnn(C)c1-c1cc(Nc2ncc(Cl)cc2F)c(F)cc1OCCO,B
5HT2A,,,,161,Cn1ncc(Cl)c1-c1cc(Nc2ncc(C(F)(F)F)cn2)c(F)cc1OCCO,B
5HT2A,,,,162,Cn1ncc(Cl)c1-c1cc(Nc2ncc(Cl)cn2)c(F)cc1OCCO,B
5HT2A,,,,163,Cn1ncc(Cl)c1-c1cc(Nc2ccc(Cl)cn2)c(F)cc1OCCO,B
5HT2A,,,,164,Cn1ncc(Cl)c1-c1cc(Nc2ncc(F)cc2F)c(F)cc1OCCO,B
5HT2A,,,,165,Cn1ncc(Br)c1-c1cc(Nc2ncc(F)cn2)c(F)cc1OCCO,B
5HT2A,,,,166,Cc1nc(C)c(-c2cc(Nc3ncc(Cl)cc3F)c(F)cc2OCCO)c(C)n1,B
5HT2A,,,,167,Cc1nc(C)c(-c2cc(Nc3ccc(Cl)cn3)c(F)cc2OCCO)c(C)n1,B
5HT2A,,,,168,Cn1ncc(Br)c1-c1cc(Nc2ncc(OC(F)(F)F)cc2F)c(F)cc1OCCO,B
5HT2A,,,,169,COc1cnc(Nc2cc(-c3c(Cl)cnn3C)c(OCCO)cc2F)nc1,B
5HT2A,,,,170,Cn1ncc(F)c1-c1cc(Nc2ccc(C(F)(F)F)cn2)c(F)cc1OCCO,B
5HT2A,,,,171,Cn1ncc(F)c1-c1cc(Nc2ncc(Cl)cc2F)c(F)cc1OCCO,B
5HT2A,,,,172,Cc1cc(Cl)cnc1Nc1cc(-c2c(C)cnn2C)c(OCCO)cc1F,B
5HT2A,,,,173,Cc1nc(C)c(-c2cc(Nc3ncc(Cl)cc3C)c(F)cc2OCCO)c(C)n1,B
5HT2A,,,,174,Cc1nc(C)c(-c2cc(Nc3ncc(OC(F)(F)F)cc3F)c(F)cc2OCCO)c(C)n1,B
5HT2A,,,,175,Cc1nc(C)c(-c2cc(Nc3ncc(C(F)(F)F)cc3C)c(F)cc2OCCO)c(C)n1,B
5HT2A,,,,176,Cc1cc(OC(F)F)cnc1Nc1cc(-c2c(C)cnn2C)c(OCCO)cn1,B
5HT2A,,,,177,Cc1cc(OC(F)F)cnc1Nc1cc(-c2c(Br)cnn2C)c(OCCO)cn1,B
5HT2A,,,,178,Cc1cnn(C)c1-c1cc(Nc2ncc(OC(F)F)cc2F)ncc1OCCO,B
5HT2A,,,,179,Cc1cc(OC(F)(F)F)cnc1Nc1cc(-c2c(Br)cnn2C)c(OCCO)cn1,B
5HT2A,,,,180,Cc1cc(OC(F)(F)F)cnc1Nc1cc(-c2c(C)cnn2C)c(OCCO)cn1,B
5HT2A,,,,181,Cc1nc(C)c(-c2cc(Nc3ncc(OC(F)(F)F)cc3C)ncc2OCCO)c(C)n1,B
5HT2A,,,,182,CC(C)Oc1ccc(Nc2cc(-c3c(Br)cnn3C)c(OCCO)cn2)nc1,B
5HT2A,,,,183,Cc1cnn(C)c1-c1cc(Nc2ncc(OC(F)(F)F)cc2Cl)ncc1OCCO,B
5HT2A,,,,184,COCc1nc(C)c(-c2cc(Nc3ncc(C(F)(F)F)cc3F)c(F)cc2OCCO)c(C)n1,B
5HT2A,,,,185,Cn1ncc(Br)c1-c1cc(Nc2ccc(OC3CC3)cn2)ncc1OCCO,B
5HT2A,,,,186,COCc1nc(C)c(-c2cc(Nc3ncc(OC(F)(F)F)cc3C)ncc2OCCO)c(C)n1,B
5HT2A,,,,187,Cn1ncc(C#N)c1-c1cc(Nc2ncc(OC(F)(F)F)cc2Cl)ncc1OCCO,B
5HT2A,,,,188,Cn1ncc(C#N)c1-c1cc(Nc2ccc(-c3ccc(F)cc3)cn2)ncc1OCCO,B
5HT2A,,,,189,Cn1ncc(C#N)c1-c1cc(Nc2ccc(-c3ccc(Cl)cc3)cn2)ncc1OCCO,B
5HT2A,,,,190,Cn1ncc(C#N)c1-c1nc(Nc2ccc(-c3ccc(F)cc3)cn2)c(F)cc1OCCO,B
5HT2A,,,,191,Cn1ncc(C#N)c1-c1nc(Nc2ccc(-c3ccc(Cl)cc3)cn2)c(F)cc1OCCO,B
5HT2A,,,,192,COCc1nc(C)c(-c2cc(Nc3ccc(C4CC(F)(F)C4)cn3)ncc2OCCO)c(C)n1,B
5HT2A,,,,193,COCc1nc(C)c(-c2nc(Nc3ccc(C4CCC4)cn3)c(F)cc2OCCO)c(C)n1,B
5HT2A,,,,194,COCc1nc(C)c(-c2cc(Nc3ncc(C4CC4(F)F)cc3Cl)ncc2OCCO)c(C)n1,B
5HT2A,,,,195,COCc1nc(C)c(-c2cc(Nc3ncc(C4CC(F)(F)C4)cc3Cl)ncc2OCCO)c(C)n1,B
5HT2A,,,,196,COCc1nc(C)c(-c2cc(Nc3ncc(OC(F)(F)F)cc3OC)ncc2OCCO)c(C)n1,B
5HT2A,,,,197,Cc1nc(C)c(-c2cc(Nc3ncc(C(F)(F)F)cc3F)c(F)cc2OC[C@H](C)O)c(C)n1,B
5HT2A,,,,198,Cc1nc(C2CCCO2)nc(C)c1-c1cc(Nc2ncc(C(F)(F)F)cc2F)ncc1OCCO,B
5HT2A,,,,199,COCc1nc(C)c(-c2cc(Nc3ncc(C(F)(F)F)cc3F)ncc2OCCO)c(C)n1,B
5HT2A,,,,200,COCc1nc(C)c(-c2cc(Nc3ncc(OC(F)(F)F)cc3Cl)ncc2OCCO)c(C)n1,B
5HT2A,,,,201,COCc1nc(C)c(-c2cc(Nc3ncc(C(F)(F)F)cc3Cl)ncc2OCCO)c(C)n1,B
5HT2A,,,,202,Cc1ncnc(C)c1-c1cc(Nc2ncc(C(F)(F)F)cc2Cl)ncc1OCCO,B
5HT2A,,,,203,Cc1nc(COC(F)F)nc(C)c1-c1cc(Nc2ncc(C(F)(F)F)cc2Cl)ncc1OCCO,B
5HT2A,,,,204,Cc1nc(COC(C)C)nc(C)c1-c1cc(Nc2ncc(C(F)(F)F)cc2Cl)ncc1OCCO,B
5HT2A,,,,205,COCCOCc1nc(C)c(-c2cc(Nc3ncc(C(F)(F)F)cc3Cl)ncc2OCCO)c(C)n1,B
5HT2A,,,,206,Cc1nc(C2CC2)nc(C)c1-c1cc(Nc2ncc(C(F)(F)F)cc2Cl)ncc1OCCO,B
5HT2A,,,,207,Cc1nc(C2COC2)nc(C)c1-c1cc(Nc2ncc(C(F)(F)F)cc2Cl)ncc1OCCO,B
5HT2A,,,,208,Cc1nc(C2CCC2)nc(C)c1-c1cc(Nc2ncc(C(F)(F)F)cc2Cl)ncc1OCCO,B
5HT2A,,,,209,Cc1nc(N2CCCC2)nc(C)c1-c1cc(Nc2ncc(C(F)(F)F)cc2Cl)ncc1OCCO,B
5HT2A,,,,210,COc1nc(C)c(-c2cc(Nc3ncc(C(F)(F)F)cc3Cl)ncc2OCCO)c(C)n1,B
5HT2A,,,,211,Cc1nc(OCC(F)F)nc(C)c1-c1cc(Nc2ncc(C(F)(F)F)cc2Cl)ncc1OCCO,B
5HT2A,,,,212,Cc1nc(OC2CC2)nc(C)c1-c1cc(Nc2ncc(C(F)(F)F)cc2Cl)ncc1OCCO,B
5HT2A,,,,213,COCCOc1nc(C)c(-c2cc(Nc3ncc(C(F)(F)F)cc3Cl)ncc2OCCO)c(C)n1,B
5HT2A,,,,214,Cc1nc(OCC2CCCO2)nc(C)c1-c1cc(Nc2ncc(C(F)(F)F)cc2Cl)ncc1OCCO,B
5HT2A,,,,215,Cc1nc(N2CCCC2=O)nc(C)c1-c1cc(Nc2ncc(C(F)(F)F)cc2Cl)ncc1OCCO,B
5HT2A,,,,216,Cc1nc(C2CCO2)nc(C)c1-c1cc(Nc2ncc(C(F)(F)F)cc2Cl)ncc1OCCO,B
5HT2A,,,,217,COCCc1nc(C)c(-c2cc(Nc3ncc(C(F)(F)F)cc3Cl)ncc2OCCO)c(C)n1,B
5HT2A,,,,218,COCC(F)(F)COc1nc(C)c(-c2cc(Nc3ncc(C(F)(F)F)cc3Cl)ncc2OCCO)c(C)n1,B
5HT2A,,,,219,Cc1nc(OCC2COC2)nc(C)c1-c1cc(Nc2ncc(C(F)(F)F)cc2Cl)ncc1OCCO,B
5HT2A,,,,220,Cc1nc(OC2COC2)nc(C)c1-c1cc(Nc2ncc(C(F)(F)F)cc2Cl)ncc1OCCO,B
5HT2A,,,,221,CCc1nc(C)c(-c2cc(Nc3ncc(C(F)(F)F)cc3Cl)ncc2OCCO)c(C)n1,B
5HT2A,,,,222,CCCc1nc(C)c(-c2cc(Nc3ncc(C(F)(F)F)cc3Cl)ncc2OCCO)c(C)n1,B
5HT2A,,,,223,Cc1nc(C(F)F)nc(C)c1-c1cc(Nc2ncc(C(F)(F)F)cc2Cl)ncc1OCCO,B
5HT2A,,,,224,CC(CO)Oc1cnc(Nc2ncc(C(F)(F)F)cc2F)cc1-c1c(Br)cnn1C,B
5HT2A,,,,225,CC(CO)Oc1cnc(Nc2ncc(C(F)(F)F)cc2F)cc1-c1c(Br)cnn1C,B
5HT2A,,,,226,Cc1cc(C(F)(F)F)cnc1Nc1cc(-c2c(C)cnn2C)c(OCCO)cn1,B
5HT2A,,,,227,O=C1NCCc2c1cccc2-c1cc(Nc2ncc(C(F)(F)F)cc2F)ncc1OCCO,B
5HT2A,,,,228,Cn1ncc(Br)c1-c1cc(Nc2ncc(C(F)(F)F)cc2F)ncc1OC(F)(F)CO,B
5HT2A,,,,229,Cn1ncc(Cl)c1-c1cc(Nc2ccc(OC(C)(F)F)cn2)ncc1OCCO,B
5HT2A,,,,230,COCc1nc(C)c(-c2cc(Nc3ncc(-c4ccc(F)cc4)cc3Cl)ncc2OCCO)c(C)n1,B
5HT2A,,,,231,COCc1nc(C)c(-c2cc(Nc3ncc(OC(F)F)cc3Cl)ncc2OCCO)c(C)n1,B
5HT2A,,,,232,COCc1nc(C)c(-c2cc(Nc3ncc(OCC(F)(F)F)cc3Cl)ncc2OCCO)c(C)n1,B
5HT2A,,,,233,COCc1nc(C)c(-c2cc(Nc3ncc(OCC(F)(F)C(F)(F)F)cc3Cl)ncc2OCCO)c(C)n1,B
5HT2A,,,,234,COCc1nc(C)c(-c2cc(Nc3ncc(-c4ccc(Cl)c(F)c4)cc3Cl)ncc2OCCO)c(C)n1,B
5HT2A,,,,235,COCc1nc(C)c(-c2cc(Nc3ncc(-c4ccc(Cl)cn4)cc3Cl)ncc2OCCO)c(C)n1,B
5HT2A,,,,236,COCc1nc(C)c(-c2cc(Nc3ncc(-n4cc(Cl)cn4)cc3Cl)ncc2OCCO)c(C)n1,B
5HT2A,,,,237,COCc1nc(C)c(-c2cc(Nc3ncc(-c4cnn(C(F)F)c4)cc3Cl)ncc2OCCO)c(C)n1,B
5HT2A,,,,238,COCc1nc(C)c(-c2cc(Nc3ncc(OCCCC(F)(F)F)cc3Cl)ncc2OCCO)c(C)n1,B
5HT2A,,,,239,COCc1nc(C)c(-c2cc(Nc3ncc(-c4ncc(Cl)cn4)cc3Cl)ncc2OCCO)c(C)n1,B
5HT2A,,,,240,COCc1nc(C)c(-c2cc(Nc3ncc(-c4nc(C(F)(F)F)co4)cc3Cl)ncc2OCCO)c(C)n1,B
5HT2A,,,,241,COCc1nc(C)c(-c2cc(Nc3ncc(-c4ccc(C#N)cc4)cc3Cl)ncc2OCCO)c(C)n1,B
5HT2A,,,,242,COCc1nc(C)c(-c2cc(Nc3ncc(-c4ccc(C(F)F)cc4)cc3Cl)ncc2OCCO)c(C)n1,B
5HT2A,,,,243,COCc1nc(C)c(-c2cc(Nc3ncc(-c4cnn(C(F)(F)F)c4)cc3Cl)ncc2OCCO)c(C)n1,B
5HT2A,,,,244,COCc1nc(C)c(-c2cc(Nc3ncc(-c4ccc(C#N)nc4)cc3Cl)ncc2OCCO)c(C)n1,B
5HT2A,,,,245,COCc1nc(C)c(-c2cc(Nc3ncc(-c4cnc(C(F)(F)F)nc4)cc3Cl)ncc2OCCO)c(C)n1,B
5HT2A,,,,246,COCc1nc(C)c(-c2cc(Nc3ncc(-c4ccnc(C(F)(F)F)c4)cc3Cl)ncc2OCCO)c(C)n1,B
5HT2A,,,,247,COCc1nc(C)c(-c2nc(Nc3ccc(C(F)(F)F)c(C)n3)c(F)cc2OCCO)c(C)n1,B
5HT2A,,,,248,COCc1nc(C)c(-c2cc(Nc3ccc(C(F)(F)F)c(C)n3)ncc2OCCO)c(C)n1,B
5HT2A,,,,249,COCc1nc(C)c(-c2cc(Nc3ncc(-c4ncc(F)cn4)cc3Cl)ncc2OCCO)c(C)n1,B
5HT2A,,,,250,Cc1nc(C)c(-c2cc(Nc3ncc(OCC(F)(F)C(F)(F)F)cc3Cl)ncc2OCCO)c(C)n1,B
5HT2A,,,,251,COCc1nc(C)c(-c2cc(Nc3ncc(-c4ccc(F)cc4)cc3F)ncc2OCCO)c(C)n1,B
5HT2A,,,,252,COCc1nc(C)c(-c2cc(Nc3ncc(-c4ncc(F)cc4F)cc3Cl)ncc2OCCO)c(C)n1,B
5HT2A,,,,253,COCc1nc(C)c(-c2cc(Nc3ncc(-c4ncc(OC)cn4)cc3Cl)ncc2OCCO)c(C)n1,B
5HT2A,,,,254,COCc1nc(C)c(-c2cc(Nc3ncc(-c4ccc(F)c(F)c4)cc3Cl)ncc2OCCO)c(C)n1,B
5HT2A,,,,255,COCc1nc(C)c(-c2cc(Nc3ncc(-c4ccc(F)c(Cl)c4)cc3Cl)ncc2OCCO)c(C)n1,B
5HT2A,,,,256,COCc1nc(C)c(-c2cc(Nc3ncc(-c4ccc(F)cc4F)cc3Cl)ncc2OCCO)c(C)n1,B
5HT2A,,,,257,COCc1nc(C)c(-c2cc(Nc3ncc(-c4cccc(F)c4)cc3Cl)ncc2OCCO)c(C)n1,B
5HT2A,,,,258,COCc1nc(C)c(-c2cc(Nc3ncc(-c4cc(F)cc(F)c4)cc3Cl)ncc2OCCO)c(C)n1,B
5HT2A,,,,259,COCc1nc(C)c(-c2cc(Nc3ncc(-c4cccc(F)c4F)cc3Cl)ncc2OCCO)c(C)n1,B
5HT2A,,,,260,COCc1nc(C)c(-c2cc(Nc3ncc(-c4cccc(C#N)c4)cc3Cl)ncc2OCCO)c(C)n1,B
5HT2A,,,,261,COCc1nc(C)c(-c2cc(Nc3ncc(-c4ccc(OC(F)F)cc4)cc3Cl)ncc2OCCO)c(C)n1,B
5HT2A,,,,262,COCc1nc(C)c(-c2cc(Nc3ncc(-c4cccc(C(F)F)c4)cc3Cl)ncc2OCCO)c(C)n1,B
5HT2A,,,,263,COCc1nc(C)c(-c2cc(Nc3ncc(-c4ccc(Cl)cc4F)cc3Cl)ncc2OCCO)c(C)n1,B
5HT2A,,,,264,COCc1ccc(-c2cnc(Nc3cc(-c4c(C)nc(COC)nc4C)c(OCCO)cn3)c(Cl)c2)cc1,B
5HT2A,,,,265,COCc1nc(C)c(-c2cc(Nc3ncc(-c4ccc(C#N)c(F)c4)cc3Cl)ncc2OCCO)c(C)n1,B
5HT2A,,,,266,COCc1nc(C)c(-c2cc(Nc3ncc(OC(C)(F)F)cc3Cl)ncc2OCCO)c(C)n1,B
5HT2A,,,,267,Cc1nc(C)c(-c2nc(Nc3ccc(C(F)(F)F)cc3)c(F)cc2OCCO)c(C)n1,B
5HT2A,,,,268,Cc1nc(C)c(-c2nc(Nc3ccc(OC(F)F)cc3)c(F)cc2OCCO)c(C)n1,B
5HT2A,,,,269,Cn1ncc(Br)c1-c1cc(Nc2ncc(OC(F)(F)F)cn2)cnc1OCCO,B
5HT2A,,,,270,Cc1nc(C)c(-c2cc(Nc3ncc(OC(F)(F)F)cc3Cl)ncc2OCCO)c(C)n1,B
5HT2A,,,,271,Cc1nc(C)c(-c2cc(Nc3ccc(-c4ccc(F)cc4)cn3)cnc2O[C@H](C)CO)c(C)n1,B
5HT2A,,,,272,COCc1nc(C)c(-c2cc(Nc3ccc(-c4ccc(F)cc4)cn3)ncc2OCCO)c(C)n1,B
5HT2A,,,,273,COCc1nc(C)c(-c2cc(Nc3ccc(-c4ccc(Cl)cc4)cn3)ncc2OCCO)c(C)n1,B
5HT2A,,,,274,Cn1ncc(Br)c1-c1cc(Nc2ncc(Cl)cn2)ncc1OCCO,B
5HT2A,,,,275,Cn1ncc(Br)c1-c1cc(Nc2cc(C(F)(F)F)c(Cl)cn2)ncc1OCCO,B
5HT2A,,,,276,Cn1ncc(Br)c1-c1nc(Nc2ccc(C(F)(F)F)cc2)c(F)cc1OCCO,B
5HT2A,,,,277,Cn1ncc(Br)c1-c1cc(Nc2ccc(OC(F)(F)F)cn2)ncc1OCCO,B
5HT2A,,,,278,Cn1ncc(Br)c1-c1nc(Nc2ccc(Cl)cn2)c(F)cc1OCCO,B
5HT2A,,,,279,Cn1ncc(Br)c1-c1nc(Nc2ccc(C(F)(F)F)cn2)c(F)cc1OCCO,B
5HT2A,,,,280,Cn1ncc(Br)c1-c1nc(Nc2ccc(OC(F)(F)F)cn2)c(F)cc1OCCO,B
5HT2A,,,,281,Cn1ncc(Br)c1-c1cc(Nc2ncc(C3CC3)cn2)ncc1OCCO,B
5HT2A,,,,282,Cc1cnn(C)c1-c1nc(Nc2ccc(Cl)cc2F)c(F)cc1OCCO,B
5HT2A,,,,283,Cc1cnn(C)c1-c1nc(Nc2ccc(C(F)(F)F)cc2)c(F)cc1OCCO,B
5HT2A,,,,284,Cn1ncc(Br)c1-c1cc(Nc2ccc(Cl)cn2)ncc1OCCO,B
5HT2A,,,,285,Cn1ncc(Br)c1-c1cc(Nc2nc3ccccc3s2)ncc1OCCO,B
5HT2A,,,,286,Cn1ncc(Br)c1-c1cc(Nc2ncc(OC(F)F)cn2)ncc1OCCO,B
5HT2A,,,,287,Cn1ncc(Br)c1-c1cc(Nc2ncc(OC(F)(F)F)cc2F)ncc1OCCO,B
5HT2A,,,,288,Cn1ncc(Br)c1-c1cc(Nc2ccc(OC(F)F)cn2)ncc1OCCO,B
5HT2A,,,,289,Cn1ncc(Br)c1-c1nc(Nc2cnc(C(F)(F)F)nc2)c(F)cc1OCCO,B
5HT2A,,,,290,Cn1ncc(Br)c1-c1nc(Nc2ccc(C(F)(F)F)nc2)c(F)cc1OCCO,B
5HT2A,,,,291,Cn1ncc(Br)c1-c1cc(Nc2nc3ccccc3o2)ncc1OCCO,B
5HT2A,,,,292,Cc1cnn(C)c1-c1cc(Nc2ncc(OC(F)(F)F)cc2F)ncc1OCCO,B
5HT2A,,,,293,Cc1cnn(C)c1-c1cc(Nc2ccc(OC(F)(F)F)cn2)ncc1OCCO,B
5HT2A,,,,294,Cn1ncc(Br)c1-c1nc(Nc2ccc(OC(F)F)cn2)c(F)cc1OCCO,B
5HT2A,,,,295,Cc1nc(C)c(-c2cc(Nc3ccc(OC(F)(F)F)cn3)ncc2OCCO)c(C)n1,B
5HT2A,,,,296,Cn1ncc(Br)c1-c1cc(Nc2ncc(OC(F)(F)F)cn2)ncc1OCCO,B
5HT2A,,,,297,Cc1nc(C)c(-c2cc(Nc3ccc(C4(C(F)(F)F)CC4)cn3)ncc2OCCO)c(C)n1,B
5HT2A,,,,298,Cc1nc(C)c(-c2cc(Nc3ccc(-c4ccccc4)cn3)ncc2OCCO)c(C)n1,B
5HT2A,,,,299,Cn1ncc(Br)c1-c1cc(Nc2ncc(OC(F)F)cc2F)ncc1OCCO,B
5HT2A,,,,300,Cc1nc(C)c(-c2cc(Nc3ncc(OC(F)(F)F)cc3F)ncc2OCCO)c(C)n1,B
5HT2A,,,,301,Cn1ncc(Br)c1-c1cc(Nc2ccc(OC(C)(F)F)cn2)ncc1OCCO,B
5HT2A,,,,302,Cc1nc(C)c(-c2cc(Nc3cc(OC(F)F)c(Cl)cn3)ncc2OCCO)c(C)n1,B
5HT2A,,,,303,Cc1nc(C)c(-c2cc(Nc3ccc(-c4ccc(C(F)(F)F)cc4)cn3)ncc2OCCO)c(C)n1,B
5HT2A,,,,304,Cn1ncc(Cl)c1-c1cc(Nc2ncc(OC(F)F)cc2F)ncc1OCCO,B
5HT2A,,,,305,Cn1ncc(Cl)c1-c1cc(Nc2ncc(OC(F)(F)F)cc2F)ncc1OCCO,B
5HT2A,,,,306,Cc1nc(C)c(-c2cc(Nc3ncc(C(F)(F)F)cc3F)ncc2OCCO)c(C)n1,B
5HT2A,,,,307,Cn1ncc(Br)c1-c1cc(Nc2ccc(OCC(F)(F)F)cn2)ncc1OCCO,B
5HT2A,,,,308,Cc1nc(C)c(-c2cc(Nc3ccc(Oc4ccc(F)cc4)cn3)ncc2OCCO)c(C)n1,B
5HT2A,,,,309,Cc1nc(C)c(-c2cc(Nc3ccc(-c4ccc(F)cc4)cn3)ncc2OCCO)c(C)n1,B
5HT2A,,,,310,Cc1nc(C)c(-c2cc(Nc3ccc(-c4ccc(Cl)cc4)cn3)ncc2OCCO)c(C)n1,B
5HT2A,,,,311,Cn1ncc(Cl)c1-c1cc(Nc2ncc(C(F)(F)F)cn2)ncc1OCCO,B
5HT2A,,,,312,Cn1ncc(Cl)c1-c1cc(Nc2ncc(OC(F)(F)F)cn2)ncc1OCCO,B
5HT2A,,,,313,Cn1ncc(Cl)c1-c1cc(Nc2ccc(OCC(F)(F)F)cn2)ncc1OCCO,B
5HT2A,,,,314,Cc1nc(C)c(-c2cc(Nc3ccc(-c4ccc(C(F)(F)F)cn4)cn3)ncc2OCCO)c(C)n1,B
5HT2A,,,,315,Cc1nc(C)c(-c2cc(Nc3ccc(-c4ccc(C(F)(F)F)nc4)cn3)ncc2OCCO)c(C)n1,B
5HT2A,,,,316,Cc1nc(C)c(-c2cc(Nc3ncc(-c4ccc(F)cc4)cc3F)ncc2OCCO)c(C)n1,B
5HT2A,,,,317,Cc1nc(C)c(-c2cc(Nc3ccc(-c4ccc(F)cc4)cn3)ncc2O[C@H](C)CO)c(C)n1,B
5HT2A,,,,318,Cc1nc(C)c(-c2cc(Nc3ncc(-c4ccc(F)cc4)cc3C)ncc2OCCO)c(C)n1,B
5HT2A,,,,319,Cc1nc(C)c(-c2cc(Nc3ncc(-c4ccc(C(F)(F)F)cc4)cn3)ncc2OCCO)c(C)n1,B
5HT2A,,,,320,Cn1ncc(Cl)c1-c1cc(Nc2ccc(OCC(F)F)cn2)ncc1OCCO,B
5HT2A,,,,321,Cn1ncc(Cl)c1-c1cc(Nc2ncc(OCC(F)F)cc2F)ncc1OCCO,B
5HT2A,,,,322,Cn1ncc(Cl)c1-c1cc(Nc2ncc(OCC(F)(F)F)cc2F)ncc1OCCO,B
5HT2A,,,,323,COCc1nc(C)c(-c2cc(Nc3ncc(Br)cc3Cl)ncc2OCCO)c(C)n1,B
5HT2A,,,,324,COCc1nc(C)c(-c2cc(Nc3ccc(OCc4ccccc4)cn3)ncc2OCCO)c(C)n1,B
5HT2A,,,,325,COCc1nc(C)c(-c2cc(Nc3ncc(-n4ccc(C(F)(F)F)n4)cc3Cl)ncc2OCCO)c(C)n1,B
5HT2A,,,,326,COCc1nc(C)c(-c2cc(Nc3ncc(-c4ccn(C(F)F)n4)cc3Cl)ncc2OCCO)c(C)n1,B
5HT2A,,,,327,COCc1nc(C)c(-c2cc(Nc3ncc(-n4cc(C(F)F)cn4)cc3Cl)ncc2OCCO)c(C)n1,B
5HT2A,,,,328,COCc1nc(C)c(-c2cc(Nc3ncc(-c4nc(C(F)(F)F)cs4)cc3Cl)ncc2OCCO)c(C)n1,B
5HT2A,,,,329,COCc1nc(C)c(-c2cc(Nc3ncc(-c4ncc(C(F)(F)F)s4)cc3Cl)ncc2OCCO)c(C)n1,B
5HT2A,,,,330,COCc1nc(C)c(-c2cc(Nc3ncc(-n4ccc(Cl)n4)cc3Cl)ncc2OCCO)c(C)n1,B
5HT2A,,,,331,CCc1coc(-c2cnc(Nc3cc(-c4c(C)nc(COC)nc4C)c(OCCO)cn3)c(Cl)c2)n1,B
5HT2A,,,,332,COCc1nc(C)c(-c2cc(Nc3ncc(OC4CC(F)(F)C4)cc3Cl)ncc2OCCO)c(C)n1,B
5HT2A,,,,333,COCc1nc(C)c(-c2cc(Nc3ncc(OCC(F)(F)C(F)F)cc3Cl)ncc2OCCO)c(C)n1,B
5HT2A,,,,334,COCc1nc(C)c(-c2nc(Nc3ccc(C(F)(F)F)cn3)c(F)cc2OCCO)c(C)n1,B
5HT2A,,,,335,COCc1nc(C)c(-c2cc(Nc3ncc(-c4ncc(C)s4)cc3Cl)ncc2OCCO)c(C)n1,B
5HT2A,,,,336,Cn1ncc(Br)c1-c1nc(Nc2ccc(C(F)(F)F)cc2)ncc1OCCO,B
5HT2A,,,,337,Cn1ncc(Br)c1-c1nc(Nc2ccc(C(F)(F)F)cn2)ncc1OCCO,B
5HT2A,,,,338,Cn1ncc(Br)c1-c1nc(Nc2ccc(C(F)(F)F)cc2F)ncc1OCCO,B
5HT2A,,,,339,Cn1ncc(Br)c1-c1nc(Nc2ccc(Cl)cc2)ncc1OCCO,B
5HT2A,,,,340,Cn1ncc(Br)c1-c1nc(Nc2ccc(Cl)cc2F)ncc1OCCO,B
5HT2A,,,,341,Cc1cc(Cl)cnc1Nc1ccc(OCCO)c(-c2c(Br)cnn2C)c1,B
5HT2A,,,,342,Cn1ncc(Br)c1-c1nc(Nc2ccc(Cl)cc2Cl)ncc1OCCO,B
5HT2A,,,,343,Cc1cc(Cl)ccc1Nc1ncc(OCCO)c(-c2c(Br)cnn2C)n1,B
5HT2A,,,,344,Cn1ncc(Br)c1-c1nc(Nc2ccc(Cl)c(Cl)c2)ncc1OCCO,B
5HT2A,,,,345,Cn1ncc(Br)c1-c1nc(Nc2ccc(Cl)c(F)c2)ncc1OCCO,B
5HT2A,,,,346,Cc1cc(OC(F)(F)F)ccc1Nc1ncc(OCCO)c(-c2c(Br)cnn2C)n1,B
5HT2A,,,,347,Cn1ncc(Br)c1-c1nc(Nc2ccc(OC(F)(F)F)cc2)ncc1OCCO,B
5HT2A,,,,348,Cc1cc(Nc2ncc(OCCO)c(-c3c(Br)cnn3C)n2)ccc1Cl,B
5HT2A,,,,349,Cn1ncc(Br)c1-c1nc(Nc2ccc(C(F)(F)F)nc2)ncc1OCCO,B
5HT2A,,,,350,Cn1ncc(Br)c1-c1nc(Nc2ccc(Cl)c(C(F)(F)F)c2)ncc1OCCO,B
5HT2A,,,,351,Cn1ncc(Br)c1-c1nc(Nc2ccc(C(F)(F)F)c(Cl)c2)ncc1OCCO,B
5HT2A,,,,352,Cn1ncc(Br)c1-c1nc(Nc2ccc(C#N)cc2)ncc1OCCO,B
5HT2A,,,,353,Cn1ncc(Br)c1-c1nc(Nc2ccc(OC(F)F)cc2)ncc1OCCO,B
5HT2A,,,,354,Cn1ncc(Br)c1-c1nc(Nc2ccc(C#N)cc2F)ncc1OCCO,B
5HT2A,,,,355,Cc1cc(C#N)ccc1Nc1ncc(OCCO)c(-c2c(Br)cnn2C)n1,B
5HT2A,,,,356,Cc1cnn(C)c1-c1nc(Nc2ccc(OC(F)(F)F)cc2)ncc1OCCO,B
5HT2A,,,,357,Cc1nc(C)c(-c2nc(Nc3ccc(OC(F)(F)F)cc3)ncc2OCCO)c(C)n1,B
5HT2A,,,,358,O=C1NCc2c1cccc2-c1cc(Nc2ncc(C(F)(F)F)cc2F)ncc1OCCO,B
5HT2A,,,,359,CNC(=O)c1ccc(F)c(-c2cc(Nc3ncc(C(F)(F)F)cc3F)ncc2OCCO)c1F,B
5HT2A,,,,360,O=C1OCc2c1cccc2-c1cc(Nc2ncc(C(F)(F)F)cc2F)ncc1OCCO,B
5HT2A,,,,361,Cc1nc(C)c(-c2cc(Nc3ncc(C(F)(F)F)cc3F)ncc2O[C@H](C)CO)c(C)n1,B
5HT2A,,,,362,C[C@H](CO)Oc1cnc(Nc2ncc(C(F)(F)F)cc2F)cc1-c1cccc2c1CNC2=O,B
5HT2A,,,,363,Cc1nc(C)c(-c2nc(Nc3ccc(-c4ccc(C(F)(F)F)nc4)cn3)c(F)cc2OCCO)c(C)n1,B
5HT2A,,,,364,Cc1nc(C)c(-c2nc(Nc3ccc(-c4ccc(C(F)(F)F)nc4)cn3)c(F)cc2O[C@H](C)CO)c(C)n1,B
5HT2A,,,,365,COCc1nc(C)c(-c2nc(Nc3ccc(-c4ccc(C(F)(F)F)nc4)cn3)c(F)cc2OCCO)c(C)n1,B
5HT2A,,,,366,OCCOc1cnc(Nc2ncc(C(F)(F)F)cc2F)cc1-c1cccnc1C(F)F,B
5HT2A,,,,367,CCc1ncccc1-c1cc(Nc2ncc(C(F)(F)F)cc2F)ncc1OCCO,B
5HT2A,,,,368,O=C1NCc2c1cncc2-c1cc(Nc2ncc(C(F)(F)F)cc2F)ncc1OCCO,B
5HT2A,,,,369,COC(=O)c1ccc(C)c(-c2cc(Nc3ncc(C(F)(F)F)cc3F)ncc2OCCO)c1,B
5HT2A,,,,370,COC(=O)c1ccc(-c2cc(Nc3ncc(C(F)(F)F)cc3F)ncc2OCCO)c(C)c1,B
5HT2A,,,,371,CNC(=O)c1cnc(C)c(-c2cc(Nc3ncc(C(F)(F)F)cc3F)ncc2OCCO)c1,B
5HT2A,,,,372,Cc1cc(CO)ccc1-c1cc(Nc2ncc(C(F)(F)F)cc2F)ncc1OCCO,B
5HT2A,,,,373,Cc1ccc(CO)cc1-c1cc(Nc2ncc(C(F)(F)F)cc2F)ncc1OCCO,B
5HT2A,,,,374,Cc1nc(COC2CC2)nc(C)c1-c1cc(Nc2ncc(C(F)(F)F)cc2Cl)ncc1OCCO,B
5HT2A,,,,375,Cc1nc(COCC(F)F)nc(C)c1-c1cc(Nc2ncc(C(F)(F)F)cc2Cl)ncc1OCCO,B
5HT2A,,,,376,Cc1nc(COC2COC2)nc(C)c1-c1cc(Nc2ncc(C(F)(F)F)cc2Cl)ncc1OCCO,B
5HT2A,,,,377,Cc1nc(CO[C@H]2CCOC2)nc(C)c1-c1cc(Nc2ncc(C(F)(F)F)cc2Cl)ncc1OCCO,B
5HT2A,,,,378,Cc1nc(CO[C@@H]2CCOC2)nc(C)c1-c1cc(Nc2ncc(C(F)(F)F)cc2Cl)ncc1OCCO,B
5HT2A,,,,379,Cc1cnn(Cc2nc(C)c(-c3cc(Nc4ncc(C(F)(F)F)cc4Cl)ncc3OCCO)c(C)n2)c1,B
5HT2A,,,,380,COc1nc(C)nc(OC)c1-c1cc(Nc2ncc(C(F)(F)F)cc2Cl)ncc1OCCO,B
5HT2A,,,,381,Cc1nc(COC2CCOCC2)nc(C)c1-c1cc(Nc2ncc(C(F)(F)F)cc2Cl)ncc1OCCO,B
5HT2A,,,,382,Cc1nc(COC2CCCOC2)nc(C)c1-c1cc(Nc2ncc(C(F)(F)F)cc2Cl)ncc1OCCO,B
5HT2A,,,,383,Cc1nc(C)c(-c2nc(Nc3ccc(OC(F)(F)F)c(C)n3)c(F)cc2OCCO)c(C)n1,B
5HT2A,,,,384,Cc1nc(C)c(-c2nc(Nc3ccc(C(F)(F)F)c(C)n3)c(F)cc2OCCO)c(C)n1,B
5HT2A,,,,385,Cn1ncc(Cl)c1-c1nc(Nc2ccc(C(F)(F)F)cn2)c(F)cc1OCCO,B
5HT2A,,,,386,Cn1ncc(Cl)c1-c1nc(Nc2ccc(OC(F)(F)F)cn2)c(F)cc1OCCO,B
5HT2A,,,,387,Cn1ncc(Br)c1-c1nc(Nc2ccc(C(F)(F)F)cn2)c(Cl)cc1OCCO,B
5HT2A,,,,388,Cn1ncc(Br)c1-c1nc(Nc2nc3ccc(F)cc3s2)c(F)cc1OCCO,B
5HT2A,,,,389,Cc1nc(C)c(-c2cc(Nc3ncc(C(F)(F)F)cc3C)ncc2OCCO)c(C)n1,B
5HT2A,,,,390,Cc1nc(C)c(-c2cc(Nc3ncc(C(F)(F)F)cc3Cl)ncc2OCCO)c(C)n1,B
5HT2A,,,,391,CNC(=O)c1ccc(F)c(-c2cc(Nc3ncc(C(F)(F)F)cc3F)ncc2OCCO)c1,B
5HT2A,,,,392,Cc1nc(C)c(-c2cc(Nc3ncc(OC(F)(F)F)cc3F)ncc2O[C@H](C)CO)c(C)n1,B
5HT2A,,,,393,COCc1nc(C)c(-c2nc(Nc3cc(-c4ccccc4)no3)c(F)cc2OCCO)c(C)n1,B
5HT2A,,,,394,COCc1nc(C)c(-c2nc(Nc3ccc(C(F)(F)F)c(OC)n3)c(F)cc2OCCO)c(C)n1,B
5HT2A,,,,395,COCc1nc(C)c(-c2nc(Nc3ccc(OC(F)(F)F)c(C)n3)c(F)cc2OCCO)c(C)n1,B
5HT2A,,,,396,COCc1nc(C)c(-c2nc(Nc3ccc(C(F)(F)F)c(C#N)n3)c(F)cc2OCCO)c(C)n1,B
5HT2A,,,,397,Cn1ncc(Br)c1-c1cc(Nc2ncc(C(F)(F)F)cn2)c(Cl)cc1OCCO,B
5HT2A,,,,398,Cn1ncc(Br)c1-c1cc(Nc2ncc(Cl)cn2)c(Cl)cc1OCCO,B
5HT2A,,,,399,Cn1ncc(Br)c1-c1cc(Nc2ncc(C(F)(F)F)cc2F)c(Cl)cc1OCCO,B
5HT2A,,,,400,Cn1ncc(Br)c1-c1cc(Nc2ccc(C(F)(F)F)cn2)c(Cl)cc1OCCO,B
5HT2A,,,,401,Cn1ncc(Br)c1-c1cc(Nc2ccc(Cl)cn2)c(Cl)cc1OCCO,B
5HT2A,,,,402,Cn1ncc(Br)c1-c1cc(Nc2ccc(C(F)(F)F)nn2)c(F)cc1OCCO,B
5HT2A,,,,403,Cn1ncc(Br)c1-c1cc(Nc2ccc(C(F)F)nn2)c(F)cc1OCCO,B
5HT2A,,,,404,Cn1ncc(Br)c1-c1cc(Nc2cnc(C(F)(F)F)cn2)c(F)cc1OCCO,B
5HT2A,,,,405,Cn1ncc(Br)c1-c1cc(Nc2nc3ccc(F)cc3s2)c(F)cc1OCCO,B
5HT2A,,,,406,Cn1ncc(Br)c1-c1cc(Nc2nc3ccc(F)cc3[nH]2)c(F)cc1OCCO,B
5HT2A,,,,407,Cn1ncc(Br)c1-c1cc(Nc2cc(C(F)(F)F)ccn2)c(F)cc1OCCO,B
5HT2A,,,,408,Cn1ncc(Br)c1-c1cc(Nc2nc3ccc(F)cc3s2)c(Cl)cc1OCCO,B
5HT2A,,,,409,Cn1ncc(Cl)c1-c1cc(Nc2ncc(C(F)(F)F)cc2F)c(Cl)cc1OCCO,B
5HT2A,,,,410,Cn1ncc(Cl)c1-c1cc(Nc2ncc(C(F)(F)F)cn2)c(Cl)cc1OCCO,B
5HT2A,,,WO 2024/138032 ,1,COC1=CC(CCNCC2=CC(C)=CC(Cl)=C2)=C(OC)C=N1,A
5HT2A,,,,2,COC1=CN=C(OC)C(CCNCC2=CC(C)=CC(Cl)=C2)=C1,A
5HT2A,,,,3,COC1=CC=C(OC)C(CCNCC2=CC(C)=CC(Cl)=C2)=N1,A
5HT2A,,,WO 2024/145659 ,2,CN1CCN2c3c(cccc31)[C@@H]1CN(CCCCC(=O)c3ccc(F)cc3)CC[C@@H]12,B
5HT2A,,,,3,CN1CCN2c3c(cccc31)[C@@H]1CN(CCC(=O)c3ccc(F)cc3)CC[C@@H]12,A
5HT2A,,,,4,CN1c2cccc3c2N(CC12CC2)[C@H]1CCN(CCCC(=O)c2ccc(F)cc2)C[C@@H]31,A
5HT2A,,,,5,CN1CCN2c3c(cccc31)[C@@H]1CN(CCCCCC(=O)c3ccc(F)cc3)CC[C@@H]12,B
5HT2A,,,,6,COCCOc1ccc(C(=O)CCCN2CC[C@H]3[C@@H](C2)c2cccc4c2N3CCN4C)cc1,D
5HT2A,,,,7,O=C(CCCN1CC[C@H]2[C@@H](C1)c1cccc3c1N2CCC31CC1)c1ccc(F)cc1,A
5HT2A,,,,8,Fc1ccc(OCCCN2CC[C@H]3[C@@H](C2)c2cccc4c2N3CCC42CC2)cc1,A
5HT2A,,,,12,CN1CCN2c3c(cccc31)[C@@H]1CN(CCOCCOc3ccc(F)cc3)CC[C@@H]12,D
5HT2A,,,,13,CN1CCN2c3c(cccc31)[C@@H]1CN(CCCC(=O)c3ccc(OCc4ccc(F)cc4)cc3)CC[C@@H]12,A
5HT2A,,,,14,CN1c2cccc3c2N(CC12CC2)[C@H]1CCN(CCC(=O)c2ccc(F)cc2)C[C@@H]31,A
5HT2A,,,,15,CN1c2cccc3c2N(CC12CC2)[C@H]1CCN(CCOc2ccc(F)cc2)C[C@@H]31,A
5HT2A,,,,16,Cc1cc(F)ccc1C(=O)CCN1CC[C@H]2[C@@H](C1)c1cccc3c1N2CC1(CC1)N3C,A
5HT2A,,,,17,Cc1cc(F)ccc1OCCN1CC[C@H]2[C@@H](C1)c1cccc3c1N2CC1(CC1)N3C,A
5HT2A,,,,19,CN1c2cccc3c2N(CC12CC2)[C@H]1CCN(CCCc2cccc(Cl)c2)C[C@@H]31,A
5HT2A,,,,20,COc1cccc(CCCN2CC[C@H]3[C@@H](C2)c2cccc4c2N3CC2(CC2)N4C)c1,A
5HT2A,,,,21,CN1c2cccc3c2N(CC12CC2)[C@H]1CCN(CCCc2cccc(C(F)(F)F)c2)C[C@@H]31,A
5HT2A,,,,22,CN1c2cccc3c2N(CC12CC2)[C@H]1CCN(CCCc2ccccc2Cl)C[C@@H]31,A
5HT2A,,,,23,Cc1ccccc1CCCN1CC[C@H]2[C@@H](C1)c1cccc3c1N2CC1(CC1)N3C,A
5HT2A,,,,24,CN1c2cccc3c2N(CC12CC2)[C@H]1CCN(CCc2ccccc2Cl)C[C@@H]31,A
5HT2A,,,,25,COc1ccccc1CCN1CC[C@H]2[C@@H](C1)c1cccc3c1N2CC1(CC1)N3C,A
5HT2A,,,,26,CN1CCN2c3c(cccc31)[C@@H]1CN(CCOc3ccc(F)cc3)CC[C@@H]12,A
5HT2A,,,,27,Cc1cc(F)ccc1OCCN1CC[C@H]2[C@@H](C1)c1cccc3c1N2CCN3C,A
5HT2A,,,,28,COc1ccccc1CCCN1CC[C@H]2[C@@H](C1)c1cccc3c1N2CCN3C,A
5HT2A,,,,29,COc1cccc(CCCN2CC[C@H]3[C@@H](C2)c2cccc4c2N3CCN4C)c1,A
5HT2A,,,,30,CN1CCN2c3c(cccc31)[C@@H]1CN(CCCc3cccc(Cl)c3)CC[C@@H]12,A
5HT2A,,,,31,CN1CCN2c3c(cccc31)[C@@H]1CN(CCCc3ccccc3Cl)CC[C@@H]12,A
5HT2A,,,,32,CN1CCN2c3c(cccc31)[C@@H]1CN(CCCc3cccc(C(F)(F)F)c3)CC[C@@H]12,A
5HT2A,,,,33,CN1CCN2c3c(cccc31)[C@@H]1CN(CCc3ccccc3Cl)CC[C@@H]12,A
5HT2A,,,,34,COc1ccccc1CCN1CC[C@H]2[C@@H](C1)c1cccc3c1N2CCN3C,A
5HT2A,,,,35,Cc1ccccc1CCCN1CC[C@H]2[C@@H](C1)c1cccc3c1N2CCN3C,A
5HT2A,,,,36,O=C(CCN1CC[C@H]2[C@@H](C1)c1cccc3c1N2CCCC3)c1ccc(F)cc1,A
5HT2A,,,,37,Fc1ccc(OCCN2CC[C@H]3[C@@H](C2)c2cccc4c2N3CCCC4)cc1,A
5HT2A,,,,38,COc1ccccc1CCN1CC[C@H]2[C@@H](C1)c1cccc3c1N2CCCC3,A
5HT2A,,,,39,COc1ccccc1CCCN1CC[C@H]2[C@@H](C1)c1cccc3c1N2CC1(CC1)N3C,A
5HT2A,,,,41,Cc1cc(F)ccc1C(=O)CCN1CC[C@H]2[C@@H](C1)c1cccc3c1N2CCN3C,A
5HT2A,,,,42,Fc1ccc(OCCN2CC[C@H]3[C@@H](C2)c2cccc4c2N3CCCO4)cc1,C
5HT2A,,,,43,O=C(CCN1CC[C@H]2[C@@H](C1)c1cccc3c1N2CCCO3)c1ccc(F)cc1,D
5HT2A,,,,44,O=C(CCN1CC[C@H]2[C@@H](C1)c1cccc3c1N2CCCS3)c1ccc(F)cc1,A
5HT2A,,,,45,O=C(CCN1CC[C@H]2[C@@H](C1)c1cccc3c1N2CCC3)c1ccc(F)cc1,A
5HT2A,,,,46,O=C(CCN1CC[C@H]2[C@@H](C1)c1cccc3c1N2CCS3)c1ccc(F)cc1,A
5HT2A,,,,71,COc1cccc(CCN2CC[C@H]3[C@@H](C2)c2cccc4c2N3CCN4C)c1,A
5HT2A,,,,75,CN1CCN2c3c(cccc31)[C@@H]1CN(CCc3ccccc3C#N)CC[C@@H]12,D
5HT2A,,,,76,CN1CCN2c3c(cccc31)[C@@H]1CN(CCCc3ccccc3C#N)CC[C@@H]12,B
5HT2A,,,,77,CN1CCN2c3c(cccc31)[C@@H]1CN(CCn3ccccc3=O)CC[C@@H]12,D
5HT2A,,,,78,COc1cc(F)ccc1CCN1CC[C@H]2[C@@H](C1)c1cccc3c1N2CCN3C,A
5HT2A,,,,80,CN1CCN2c3c(cccc31)[C@@H]1CN(CCc3ccccc3OC(F)(F)F)CC[C@@H]12,C
5HT2A,,,,81,CCc1ccccc1CCN1CC[C@H]2[C@@H](C1)c1cccc3c1N2CCN3C,A
5HT2A,,,,82,COc1ccc(CCN2CC[C@H]3[C@@H](C2)c2cccc4c2N3CCN4C)cc1,C
5HT2A,,,,84,CN1CCN2c3c(cccc31)[C@@H]1CN(CCc3ccc(C#N)cc3)CC[C@@H]12,D
5HT2A,,,,85,CN1CCN2c3c(cccc31)[C@@H]1CN(CCc3c[nH]c4cc(F)ccc34)CC[C@@H]12,C
5HT2A,,,,86,COc1ccccc1C(=O)CCN1CC[C@H]2[C@@H](C1)c1cccc3c1N2CCN3C,A
5HT2A,,,,89,CN1CCN2c3c(cccc31)[C@@H]1CN(CCc3ccccc3O)CC[C@@H]12,B
5HT2A,,,,90,COc1ccccc1CN1CC[C@H]2[C@@H](C1)c1cccc3c1N2CCN3C,C
5HT2A,,,,91,CCOc1ccccc1CCN1CC[C@H]2[C@@H](C1)c1cccc3c1N2CCN3C,C
5HT2A,,,,92,CN1CCN2c3c(cccc31)[C@@H]1CN(CCc3cccc4ccoc34)CC[C@@H]12,A
5HT2A,,,,93,COc1ccccc1OCCN1CC[C@H]2[C@@H](C1)c1cccc3c1N2CCN3C,A
5HT2A,,,,94,CN1CCN2c3c(cccc31)[C@@H]1CN(CCc3nsc4ccccc34)CC[C@@H]12,A
5HT2A,,,,95,COc1ccc(OC)c(CCN2CC[C@H]3[C@@H](C2)c2cccc4c2N3CCN4C)c1,D
5HT2A,,,,96,CCc1ccc(CN2CC[C@H]3[C@@H](C2)c2cccc4c2N3CCN4C)cc1,C
5HT2A,,,,97,CN1CCN2c3c(cccc31)[C@@H]1CN(CCc3c[nH]c4ccccc34)CC[C@@H]12,C
5HT2A,,,,100,CN1CCN2c3c(cccc31)[C@@H]1CN(Cc3ccccc3)CC[C@@H]12,B
5HT2A,,,,101,COc1cccc(CN2CC[C@H]3[C@@H](C2)c2cccc4c2N3CCN4C)c1,C
5HT2A,,,,102,CCc1cccc(CN2CC[C@H]3[C@@H](C2)c2cccc4c2N3CCN4C)c1,B
5HT2A,,,,103,COc1ccc(CN2CC[C@H]3[C@@H](C2)c2cccc4c2N3CCN4C)cc1,D
5HT2A,,,,104,CCc1ccccc1CN1CC[C@H]2[C@@H](C1)c1cccc3c1N2CCN3C,B
5HT2A,,,,106,CN1CCN2c3c(cccc31)[C@@H]1CN(CCc3ccccc3S(C)(=O)=O)CC[C@@H]12,D
5HT2A,,,,108,CN1CCN2c3c(cccc31)[C@@H]1CN(CC3CCCCC3)CC[C@@H]12,D
5HT2A,,,,109,COc1ccc(F)cc1CCN1CC[C@H]2[C@@H](C1)c1cccc3c1N2CCN3C,B
5HT2A,,,,110,CCc1cccc(CCN2CC[C@H]3[C@@H](C2)c2cccc4c2N3CCN4C)c1,A
5HT2A,,,,111,CCOc1cccc(CCN2CC[C@H]3[C@@H](C2)c2cccc4c2N3CCN4C)c1,B
5HT2A,,,,113,CN1CCN2c3c(cccc31)[C@@H]1CN(CCn3cnc4ccccc43)CC[C@@H]12,D
5HT2A,,,,114,CN1CCN2c3c(cccc31)[C@@H]1CN(CCn3nnc4ccccc43)CC[C@@H]12,D
5HT2A,,,,115,CN1CCN2c3c(cccc31)[C@@H]1CN(CCc3n[nH]c4ccccc34)CC[C@@H]12,D
5HT2A,,,,126,CN1CCN2c3c(cccc31)[C@@H]1CN(CCn3ncc4ccccc43)CC[C@@H]12,C
5HT2A,,,,131,CN1CCN2c3c(cccc31)[C@@H]1CN(CCC(=O)c3ccccc3)CC[C@@H]12,A
5HT2A,,,,175,CN1CC[C@H]2[C@@H](C1)c1cccc3c1N2CCN3C,C
5HT2A,,,,176,CCN1CC[C@H]2[C@@H](C1)c1cccc3c1N2CCN3C,D
5HT2A,,,,177,CCCN1CC[C@H]2[C@@H](C1)c1cccc3c1N2CCN3C,D
5HT2A,,,WO 2024/165013 ,1,CNC(=O)NC1CCC(CCN2CCN(/C3=C/C=C\C4=C3SC=C4)CC2)CC1,A
5HT2A,,,,2,NC(=O)NC1CCC(CCN2CCN(/C3=C/C=C\C4=C3SC=C4)CC2)CC1,A
5HT2A,,,,4,O=C(NC1CCC(CCN2CCN(/C3=C/C=C\C4=C3SC=C4)CC2)CC1)N(C)C.O=C(O)/C=C\C(=O)O,A
5HT2A,,,WO 2024/192150 ,1,Cc1cc(Cl)cc(CNCCc2c[nH]c3ccccc23)c1,A
5HT2A,,,,2,Cc1cc(Cl)cc(CNC(C)Cc2c[nH]c3ccccc23)c1,A
5HT2A,,,,3,Cc1cc(Cl)cc(CNCc2c[nH]c3ccccc23)c1,A
5HT2A,,,,4,COc1cc2c(CCNCc3cc(C)cc(Cl)c3)c[nH]c2cc1I,A
5HT2A,,,,5,Cc1cc(Cl)cc(CNCCc2cn(C)c3ccccc23)c1,A
5HT2A,,,,6,Cc1cc(Cl)cc(CNC(C)Cc2cn(C)c3ccccc23)c1,A
5HT2A,,,,7,CCn1cc(CCNCc2cc(C)cc(Cl)c2)c2ccccc21,A
5HT2A,,,,8,CCn1cc(CC(C)NCc2cc(C)cc(Cl)c2)c2ccccc21,A
5HT2A,,,,9,Cc1cc(Cl)cc(CNCCc2c(C)[nH]c3ccccc23)c1,A
5HT2A,,,,10,Cc1cc(F)cc(CNCCc2c[nH]c3ccccc23)c1,A
5HT2A,,,,11,Cc1cc(Cl)cc(CNCCc2nn(C)c3ccccc23)c1,A
5HT2A,,,,12,Cc1cc(Cl)cc(CNCCn2ncc3ccccc32)c1,B
5HT2A,,,,13,Cc1cc(Cl)cc(CNCCn2cnc3ccccc32)c1,C
5HT2A,,,,18,Cc1cc(Cl)cc(CN(C)CCc2c[nH]c3ccccc23)c1,A
5HT2A,,,WO 2024/213032 ,5,COc1ccc2c(CC3CCN3C)c[nH]c2c1,C
5HT2A,,,,9,COc1ccc2c(C3=CCN(C)C3)c[nH]c2n1,C
5HT2A,,,,14,COc1ccc2c(CC3COCCN3C)c[nH]c2c1,C
5HT2A,,,,24,COc1ccc2c(CC3CCN3C)c[nH]c2c1C,C
5HT2A,,,,29,[2H]C([2H])([2H])N1CCC1Cc1c[nH]c2cc(OC)ccc12,D
5HT2A,,,,31,COc1cc2[nH]cc(CC3CCN3C)c2cc1F,C
5HT2A,,,,32,CN1CCC1Cc1c[nH]c2c3c(ccc12)OCC3,B
5HT2A,,,,34,COc1ccc2c(C[C@H]3[C@H](OC)CN3C)c[nH]c2c1,B
5HT2A,,,,35,COc1ccc2c(C[C@H]3CCN3C)c[nH]c2c1,C
5HT2A,,,,36,COc1ccc2c(C[C@@H]3CCN3C)c[nH]c2c1,B
5HT2A,,,,39,CN1CC[C@H]1Cc1c[nH]c2c3c(ccc12)OCC3,C
5HT2A,,,,41,CN1CCC1Cc1c[nH]c2cc3c(cc12)OCO3,B
5HT2A,,,,42,COc1cc2[nH]cc(CC3CCN3C)c2cc1OC,C
5HT2A,,,,47,COc1ccc2c(CC3CCN3C)c[nH]c2c1F,B
5HT2A,,,WO 2024/222697 ,1,COc1ccc2c3c([nH]c2c1)CCCC1C3CCN1C,D
5HT2A,,,,2,COc1ccc2c3c([nH]c2c1)CCC1C3CCCN1C,D
5HT2A,,,,3,COc1ccc2c3c([nH]c2c1)CC1CCCN(C)C1C3,D
5HT2A,,,,4,COc1ccc2c3c([nH]c2c1)CC1CCCN1CC3,D
5HT2A,,,,5,COc1ccc2c3c([nH]c2c1)CCN1CCCC1C3,D
5HT2A,,,,6,COc1ccc2c3c([nH]c2c1)CCN(C)C1CCCC31,D
5HT2A,,,,7,COc1ccc2c3c([nH]c2c1)CCN(C)C1(CC1)C3,D
5HT2A,,,,8,COc1ccc2c3c([nH]c2c1)CC1(CC1)N(C)CC3,D
5HT2A,,,,9,COc1ccc2c3c([nH]c2n1)CCN(C)CC3,D
5HT2A,,,,10,COc1ccc2c3c([nH]c2c1)CCN(C)C1(CCC1)C3,D
5HT2A,,,,11,COc1ccc2c3c([nH]c2c1)CCN(C)C1(CCCC1)C3,D
5HT2A,,,,12,COc1ccc2c3c([nH]c2c1)CN(C)C1(CCCC1)C3,D
5HT2A,,,,13,COc1ccc2c3c([nH]c2c1)CN1CCCC1C3,D
5HT2A,,,,14,COc1ccc2c3c([nH]c2c1)C1CCCC1N(C)CC3,D
5HT2A,,,,15,COc1ccc2c3c([nH]c2c1)CCN(C)CC31CC1,D
5HT2A,,,,16,COc1ccc2c3c([nH]c2c1)CCCC1C3CCCN1C,D
5HT2A,,,,17,COc1ccc2c3c([nH]c2c1)CC1(CC1)CC(N(C)C)C3,D
5HT2A,,,,18,COc1ccc2c3c([nH]c2c1)CN1CCOCC1C3,D
5HT2A,,,,19,COc1ccc2c3c([nH]c2c1)CCN1CCOCC1C3,D
5HT2A,,,,20,COc1ccc2c3c([nH]c2c1)CN1CCC1C3,D
5HT2A,,,,21,COc1ccc2c3c([nH]c2c1)CCN1CCC1C3,D
5HT2A,,,,22,COc1ccc2c3c([nH]c2c1)CCC1CN(C)C1C3,D
5HT2A,,,,23,COc1ccc2c3c([nH]c2c1)CCCC1C3CN1C,D
5HT2A,,,,24,COc1ccc2c3c([nH]c2c1)CCC1C3CN1C,D
5HT2A,,,,25,COc1ccc2c3c([nH]c2c1)CC1C(C3)CN1C,D
5HT2A,,,,26,COc1ccc2c3c([nH]c2c1)CC1CCN1CC3,D
5HT2A,,,WO 2024/229454,1,CCCN1C[C@H](C(=O)N(CC)CC)C=C2c3cccc4[nH]cc(c34)C[C@H]21,A
5HT2A,,,,2,CCN(CC)C(=O)[C@@H]1C=C2c3cccc4[nH]cc(c34)C[C@H]2N(CCCF)C1,A
5HT2A,,,,2a,CCN(CC)C(=O)[C@H]1C=C2c3cccc4[nH]cc(c34)C[C@H]2N(CCCF)C1,B
5HT2A,,,,3,CCCN1C[C@H](C(=O)N[C@H](C)CC)C=C2c3cccc4[nH]cc(c34)C[C@H]21,A
5HT2A,,,,3a,CCCN1C[C@@H](C(=O)N[C@H](C)CC)C=C2c3cccc4[nH]cc(c34)C[C@H]21,A
5HT2A,,,,6,CCCN1C[C@H](C(=O)NC(CC)CC)C=C2c3cccc4[nH]cc(c34)C[C@H]21,A
5HT2A,,,,7,CCC[C@@H](C)NC(=O)[C@@H]1C=C2c3cccc4[nH]cc(c34)C[C@H]2N(CCC)C1,A
5HT2A,,,,4,CCCN1C[C@H](C(=O)N2[C@@H](C)C[C@@H]2C)C=C2c3cccc4[nH]cc(c34)C[C@H]21,A
5HT2A,,,,5a,CC[C@@H](C)NC(=O)[C@H]1C=C2c3cccc4[nH]cc(c34)C[C@H]2N(CC)C1,A
5HT2A,,,,5,CC[C@@H](C)NC(=O)[C@@H]1C=C2c3cccc4[nH]cc(c34)C[C@H]2N(CC)C1,A
5HT2A,,,,8,C=CCN1C[C@H](C(=O)N[C@H](C)CC)C=C2c3cccc4[nH]cc(c34)C[C@H]21,A
5HT2A,,,,9,CCCN1C[C@H](C(=O)N(CC)CC)C=C2c3cccc4[nH]c(Br)c(c34)C[C@H]21,A
5HT2A,,,,10,CCN(CC)C(=O)[C@@H]1C=C2c3cccc4[nH]cc(c34)C[C@H]2N(Cc2ccccc2OC)C1,A
5HT2A,,,,11,CCN(CC)C(=O)[C@@H]1C=C2c3cccc4[nH]cc(c34)C[C@H]2N(CCc2ccccc2OC)C1,A
5HT2A,,,,Int11,C[C@H]1C[C@H](C)N1C(=O)C1C=C2c3cccc4[nH]cc(c34)C[C@H]2N(C)C1,A
5HT2A,,,,Int8a,CC[C@@H](C)NC(=O)[C@H]1C=C2c3cccc4[nH]cc(c34)C[C@H]2N(C)C1,A
5HT2A,,,,Int8,CC[C@@H](C)NC(=O)[C@@H]1C=C2c3cccc4[nH]cc(c34)C[C@H]2N(C)C1.[K+],A
5HT2A,,,,Int14a,CCC(CC)NC(=O)[C@H]1C=C2c3cccc4[nH]cc(c34)C[C@H]2N(C)C1,A
5HT2A,,,,Int14,CCC(CC)NC(=O)[C@@H]1C=C2c3cccc4[nH]cc(c34)C[C@H]2N(C)C1,A
5HT2A,,,,Int17a,CCC[C@@H](C)NC(=O)[C@H]1C=C2c3cccc4[nH]cc(c34)C[C@H]2N(C)C1,A
5HT2A,,,,Int17,CCC[C@@H](C)NC(=O)[C@@H]1C=C2c3cccc4[nH]cc(c34)C[C@H]2N(C)C1,A
5HT2A,,,,12,CCN(CC)C(=O)[C@@H]1C=C2c3cccc4[nH]cc(c34)C[C@H]2N(CCC(F)(F)F)C1,A
5HT2A,,,,13,CCN(CC)C(=O)[C@@H]1C=C2c3cccc4[nH]cc(c34)C[C@H]2N(CC2CC2)C1,A
5HT2A,,,,16,CCN(CC)C(=O)[C@@H]1C=C2c3cccc4[nH]cc(c34)C[C@H]2N(Cc2ccccc2O)C1,A
5HT2A,,,,18,CCN(CC)C(=O)[C@@H]1C=C2c3cccc4[nH]cc(c34)C[C@H]2N(Cc2cccc(OC)c2)C1,A
5HT2A,,,,19,CCN(CC)C(=O)[C@@H]1C=C2c3cccc4[nH]cc(c34)C[C@H]2N(Cc2ccc(OC)cc2)C1,A
5HT2A,,,,20,CCN(CC)C(=O)[C@@H]1C=C2c3cccc4[nH]cc(c34)C[C@H]2N(CCc2cccc(OC)c2)C1,A
5HT2A,,,,21,CCN(CC)C(=O)[C@@H]1C=C2c3cccc4[nH]cc(c34)C[C@H]2N(CCc2ccc(OC)cc2)C1,A
5HT2A,,,,22,CCN(CC)C(=O)[C@@H]1C=C2c3cccc4[nH]cc(c34)C[C@H]2N(Cc2ccccn2)C1,A
5HT2A,,,,23,CCN(CC)C(=O)[C@@H]1C=C2c3cccc4[nH]cc(c34)C[C@H]2N(CCc2cccnc2)C1,A
5HT2A,,,,26,C[C@H]1C[C@H](C)N1C(=O)[C@@H]1C=C2c3cccc4[nH]cc(c34)C[C@H]2N(CCCF)C1,A
5HT2A,,,,27,C=CCN1C[C@H](C(=O)N2[C@@H](C)C[C@@H]2C)C=C2c3cccc4[nH]cc(c34)C[C@H]21,A
5HT2A,,,,35,CCN(CC)C(=O)[C@@H]1C=C2c3cccc4[nH]c(Br)c(c34)C[C@H]2N(C)C1,A
5HT2A,,,,Int22,CN1C[C@H](C(=O)N2CCCC2)C=C2c3cccc4[nH]cc(c34)C[C@H]21,A
5HT2A,,,,36,CCCN1C[C@H](C(=O)N(CC)CC)C=C2c3cccc4c3C(CN4)C[C@H]21,A
5HT2A,,,,37,CCN(CC)C(=O)[C@@H]1C=C2c3cccc4c3C(CN4)C[C@H]2N(C)C1,A
5HT2A,,,,38,CN1C[C@H](C(=O)N(CCF)CCF)C=C2c3cccc4[nH]cc(c34)C[C@H]21,A
5HT2A,,,,39,CCN(CC)C(=O)[C@@H]1C=C2c3cccc4[nH]cc(c34)C[C@H]2N(CCF)C1,A
5HT2A,,,,40,CC[C@@H](C)NC(=O)[C@@H]1C=C2c3cccc4[nH]cc(c34)C[C@H]2N(CCC(F)(F)F)C1,A
5HT2A,,,,41,CCN(CC)C(=O)[C@@H]1C=C2c3cccc4[nH]c(Br)c(c34)C[C@H]2N(CCCF)C1,A
5HT2A,,,,42,CCN(CC)C(=O)[C@@H]1C=C2c3cccc4[nH]c(Br)c(c34)C[C@H]2N(CCC(F)(F)F)C1,A
5HT2A,,,,43,CC[C@@H](C)NC(=O)[C@@H]1C=C2c3cccc4[nH]c(Br)c(c34)C[C@H]2N(C)C1,A
5HT2A,,,,44,CCC(CC)NC(=O)[C@@H]1C=C2c3cccc4[nH]c(Br)c(c34)C[C@H]2N(C)C1,A
5HT2A,,,,45,CCC[C@@H](C)NC(=O)[C@@H]1C=C2c3cccc4[nH]c(Br)c(c34)C[C@H]2N(C)C1,A
5HT2A,,,,46,CCCN1C[C@H](C(=O)N[C@H](C)CC)C=C2c3cccc4[nH]c(Br)c(c34)C[C@H]21,A
5HT2A,,,,47,CCCN1C[C@H](C(=O)N2[C@@H](C)C[C@@H]2C)C=C2c3cccc4[nH]c(Br)c(c34)C[C@H]21,A
5HT2A,,,,49,CCN(CC)C(=O)[C@@H]1C=C2c3cccc4[nH]cc(c34)C[C@H]2N(Cc2ccc(F)cc2)C1,A
5HT2A,,,,50,CCN(CC)C(=O)[C@@H]1C=C2c3cccc4[nH]cc(c34)C[C@H]2N(Cc2ccc(Cl)cc2)C1,A
5HT2A,,,,51,CCN(CC)C(=O)[C@@H]1C=C2c3cccc4[nH]cc(c34)C[C@H]2N(Cc2ccncc2)C1,A
5HT2A,,,,55,CCN(CC)C(=O)[C@@H]1C=C2c3cccc4[nH]cc(c34)C[C@H]2N(Cc2cccnc2)C1,A
5HT2A,,,,60,CCN(CC)C(=O)[C@@H]1C=C2c3cccc4[nH]cc(c34)C[C@H]2N(Cc2ccc(F)c(OC)c2)C1,A
5HT2A,,,,62,CCN(CC)C(=O)[C@@H]1C=C2c3cccc4[nH]cc(c34)C[C@H]2N(Cc2cccc(O)c2)C1,A
5HT2A,,,,63,CCNC(=O)[C@@H]1C=C2c3cccc4[nH]cc(c34)C[C@H]2N(Cc2cccc(OC)c2)C1,A
5HT2A,,,,64,CCNC(=O)[C@@H]1C=C2c3cccc4[nH]cc(c34)C[C@H]2N(Cc2cccc(O)c2)C1,A
5HT2A,,,,70,CCN(CC)C(=O)[C@@H]1C=C2c3cccc4[nH]cc(c34)C[C@H]2N(Cc2ccon2)C1,A
5HT2A,,,,73,CCN(CC)C(=O)[C@@H]1C=C2c3cccc4[nH]cc(c34)C[C@H]2N(Cc2cocn2)C1,A
5HT2A,,,,76,CCN(CC)C(=O)[C@@H]1C=C2c3cccc4[nH]cc(c34)C[C@H]2N(Cc2cccc(C#N)c2)C1,A
5HT2A,,,,79,CCN(CC)C(=O)[C@@H]1C=C2c3cccc4[nH]cc(c34)C[C@H]2N(Cc2ccnc(OC)c2)C1,B
5HT2A,,,,82,CCN(CC)C(=O)[C@@H]1C=C2c3cccc4[nH]cc(c34)C[C@H]2N(Cc2ccccc2)C1,A
5HT2A,,,,83,CCN(CC)C(=O)C1C=C2c3cccc4[nH]cc(c34)C[C@H]2NC1,A
5HT2A,,,,84,O=C([C@@H]1C=C2c3cccc4[nH]cc(c34)C[C@H]2N(Cc2ccccc2)C1)N1CCCC1,A
5HT2A,,,,85,CCN(C)C(=O)[C@@H]1C=C2c3cccc4[nH]cc(c34)C[C@H]2N(Cc2ccccc2)C1,A
5HT2A,,,,85a,CCN(C)C(=O)[C@H]1C=C2c3cccc4[nH]cc(c34)C[C@H]2N(Cc2ccccc2)C1,B
5HT2A,,,,86,CCCN(CC)C(=O)[C@@H]1C=C2c3cccc4[nH]cc(c34)C[C@H]2N(Cc2ccccc2)C1,A
5HT2A,,,,86a,CCCN(CC)C(=O)[C@H]1C=C2c3cccc4[nH]cc(c34)C[C@H]2N(Cc2ccccc2)C1,B
5HT2A,,,,87,C[C@H]1C[C@H](C)N1C(=O)[C@@H]1C=C2c3cccc4[nH]cc(c34)C[C@H]2N(Cc2ccccc2)C1,A
5HT2A,,,,87a,C[C@H]1C[C@H](C)N1C(=O)[C@H]1C=C2c3cccc4[nH]cc(c34)C[C@H]2N(Cc2ccccc2)C1,C
5HT2A,,,,88,CC[C@@H](C)NC(=O)[C@@H]1C=C2c3cccc4[nH]cc(c34)C[C@H]2N(Cc2ccccc2)C1,A
5HT2A,,,,88a,CC[C@@H](C)NC(=O)[C@H]1C=C2c3cccc4[nH]cc(c34)C[C@H]2N(Cc2ccccc2)C1,B
5HT2A,,,,89,CCN(CC)C(=O)[C@@H]1C=C2c3cccc4[nH]cc(c34)C[C@H]2N(CC2CCCCC2)C1,A
5HT2A,,,,89a,CCN(CC)C(=O)[C@H]1C=C2c3cccc4[nH]cc(c34)C[C@H]2N(CC2CCCCC2)C1,B
5HT2A,,,,90,CCN(CC)C(=O)[C@@H]1C=C2c3cccc4[nH]cc(c34)C[C@H]2N(CC2CCCC2)C1,A
5HT2A,,,,90a,CCN(CC)C(=O)[C@H]1C=C2c3cccc4[nH]cc(c34)C[C@H]2N(CC2CCCC2)C1,A
5HT2A,,,,91,COc1cccc(CN2C[C@H](C(=O)N3CCCC3)C=C3c4cccc5[nH]cc(c45)C[C@H]32)c1,B
5HT2A,,,,92,CCN(C)C(=O)[C@@H]1C=C2c3cccc4[nH]cc(c34)C[C@H]2N(Cc2cccc(OC)c2)C1,A
5HT2A,,,,93,CCCN(CC)C(=O)[C@@H]1C=C2c3cccc4[nH]cc(c34)C[C@H]2N(Cc2cccc(OC)c2)C1,A
5HT2A,,,,93a,CCCN(CC)C(=O)[C@H]1C=C2c3cccc4[nH]cc(c34)C[C@H]2N(Cc2cccc(OC)c2)C1,B
5HT2A,,,,94,COc1cccc(CN2C[C@H](C(=O)N3[C@@H](C)C[C@@H]3C)C=C3c4cccc5[nH]cc(c45)C[C@H]32)c1,A
5HT2A,,,,94a,COc1cccc(CN2C[C@@H](C(=O)N3[C@@H](C)C[C@@H]3C)C=C3c4cccc5[nH]cc(c45)C[C@H]32)c1,C
5HT2A,,,,95,CC[C@@H](C)NC(=O)[C@@H]1C=C2c3cccc4[nH]cc(c34)C[C@H]2N(Cc2cccc(OC)c2)C1,A
5HT2A,,,,95a,CC[C@@H](C)NC(=O)[C@H]1C=C2c3cccc4[nH]cc(c34)C[C@H]2N(Cc2cccc(OC)c2)C1,B
5HT2A,,,,96,[2H]C(c1cccc(OC)c1)N1C[C@H](C(=O)N(CC)CC)C=C2c3cccc4[nH]cc(c34)C[C@H]21,A
5HT2A,,,,96a,[2H]C(c1cccc(OC)c1)N1C[C@@H](C(=O)N(CC)CC)C=C2c3cccc4[nH]cc(c34)C[C@H]21,B
5HT2A,,,,97,CCN(CC)C(=O)[C@@H]1C=C2c3cccc4[nH]cc(c34)C[C@H]2N(Cc2ccc(C)cc2)C1,A
5HT2A,,,,98,CCN(CC)C(=O)[C@@H]1C=C2c3cccc4[nH]cc(c34)C[C@H]2N(Cc2cccc(C)c2)C1,A
5HT2A,,,,98a,CCN(CC)C(=O)[C@H]1C=C2c3cccc4[nH]cc(c34)C[C@H]2N(Cc2cccc(C)c2)C1,B
5HT2A,,,,99,CCN(CC)C(=O)[C@@H]1C=C2c3cccc4[nH]cc(c34)C[C@H]2N(Cc2ccccc2C)C1,A
5HT2A,,,,99a,CCN(CC)C(=O)[C@H]1C=C2c3cccc4[nH]cc(c34)C[C@H]2N(Cc2ccccc2C)C1,B
5HT2A,,,,100,CCN(CC)C(=O)[C@@H]1C=C2c3cccc4[nH]cc(c34)C[C@H]2N(Cc2ccc3ccccc3c2)C1,A
5HT2A,,,,101,CCN(CC)C(=O)[C@@H]1C=C2c3cccc4[nH]cc(c34)C[C@H]2N(Cc2cccc3ccccc23)C1,A
5HT2A,,,,101a,CCN(CC)C(=O)[C@H]1C=C2c3cccc4[nH]cc(c34)C[C@H]2N(Cc2cccc3ccccc23)C1,B
5HT2A,,,,102,CN(C)C(=O)[C@@H]1C=C2c3cccc4[nH]cc(c34)C[C@H]2N(Cc2ccccc2)C1,A
5HT2A,,,,102a,CN(C)C(=O)[C@H]1C=C2c3cccc4[nH]cc(c34)C[C@H]2N(Cc2ccccc2)C1,B
5HT2A,,,,103,CCN(C)C(=O)[C@@H]1C=C2c3cccc4[nH]cc(c34)C[C@H]2N(CC2CCCC2)C1,A
5HT2A,,,,103a,CCN(C)C(=O)[C@H]1C=C2c3cccc4[nH]cc(c34)C[C@H]2N(CC2CCCC2)C1,B
5HT2A,,,,104,CCN(CC)C(=O)[C@@H]1C=C2c3cccc4[nH]cc(c34)C[C@H]2N(Cc2cccs2)C1,A
5HT2A,,,WO 2024/258995,2,C1=CC=C2C(=C1)C=C1N2CCN2CCCC2C1,B
5HT2A,,,,3,COC1=CC=C2C(=C1)C=C1N2CCN2CCCC2C1,D
5HT2A,,,,6,CN1CCC2CC3=CC=CC=C3N2CC1,B
5HT2A,,,,8,C1=CC=C2C(=C1)C=C1N2CCN2CCC[C@@H]2C1,B
5HT2A,,,,12,C1=C/C=C2/C3=C(N/C2=C/1)CC1CCCN1C3,D
5HT2A,,,,15,C1=C/C=C2/C3=C(N/C2=C/1)C[C@@H]1CCCN1C3,D
5HT2A,,,WO 2024/259241 ,101,C1=C(c2snc3ccccc23)CNCC1,B
5HT2A,,,,110,c1ccc2c([C@H]3CCCNC3)onc2c1,D
5HT2A,,,,111,C1=C(c2onc3ccccc23)CNCC1,D
5HT2A,,,,118,C1=C(c2coc3ccccc23)CNCC1,B
5HT2A,,,,121,N#Cc1cccc2c(C3=CCCNC3)coc12,D
5HT2A,,,,122,N#Cc1ccc(F)c2c(C3=CCCNC3)coc12,D
5HT2A,,,,123,C[C@@H]1C=C(c2coc3ccccc23)CNC1,B
5HT2A,,,,124,C[C@H]1C=C(c2coc3ccccc23)CNC1,D
5HT2A,,,,126,Fc1ccc2c(C3=CCCNC3)coc2c1F,D
5HT2A,,,,144,N#Cc1ccc2occ(C3=CCCNC3)c2c1,D
5HT2A,,,,146,Fc1ccc2c(c1)OCC2C1=CCCNC1,D
5HT2A,,,,147,Fc1ccc2c(c1)OCC2C1CCCNC1,D
5HT2A,,,,158,C1=C(c2csc3ccccc23)CNCC1,A
5HT2A,,,,159,N#Cc1cccc2c(C3=CCCNC3)csc12,D
5HT2A,,,,169,N#Cc1ccc(F)c2c(C3=CCCNC3)csc12,D
5HT2A,,,,177,N#Cc1ccc2scc(C3=CCCNC3)c2c1,D
5HT2A,,,,193,OCc1ccc2c(ncn2[C@H]2CCCNC2)n1,D
5HT2A,,,,314,C1=C(c2n[nH]c3c(C4CC4)cccc23)CNCC1,D
5HT2A,,,,513,Fc1ccc2c(C3=CCCNC3)n[nH]c2c1Cl,A
5HT2A,,,,514,N#Cc1c(F)ccc2c(C3=CCCNC3)n[nH]c12,B
5HT2A,,,,517,Fc1ccc2c(C3=CCCNC3)n[nH]c2c1F,A
5HT2A,,,,518,Fc1cc(F)c2[nH]nc(C3=CCCNC3)c2c1,A
5HT2A,,,,519,Fc1ccc(F)c2c(C3=CCCNC3)n[nH]c12,B
5HT2A,,,,520,N#Cc1cc(F)cc2c(C3=CCCNC3)n[nH]c12,B
5HT2A,,,,533,Fc1ccc2c(C3=CCCNC3)c[nH]c2c1F,A
5HT2A,,,,534,Fc1cc(F)c2[nH]cc(C3=CCCNC3)c2c1,A
5HT2A,,,,536,Fc1ccc2c(C3=CCCNC3)c[nH]c2c1Cl,A
5HT2A,,,,537,N#Cc1c(F)ccc2c(C3=CCCNC3)c[nH]c12,A
5HT2A,,,,538,N#Cc1cc(F)cc2c(C3=CCCNC3)c[nH]c12,A
5HT2A,,,,539,N#Cc1ccc(F)c2c(C3=CCCNC3)c[nH]c12,B
5HT2A,,,,541,Fc1cc(Cl)c2[nH]cc(C3=CCCNC3)c2c1Cl,B
5HT2A,,,,546,Oc1ccccc1CN1CCC[C@@H](c2c[nH]c3ccccc23)C1,B
5HT2A,,,,547,Oc1ccccc1CN1CCC[C@H](c2c[nH]c3ccccc23)C1,B
5HT2A,,,,548,CCn1cc(C2=CCCNC2)c2cc(OC)ccc21,B
5HT2A,,,,550,COc1cc(Cl)c2[nH]cc(C3=CCCNC3)c2c1,A
5HT2A,,,,564,Oc1ccccc1CN1CCCC(c2c[nH]c3ncccc23)C1,B
5HT2A,,,,566,Oc1cccc(CN2CCCC(c3c[nH]c4ncccc34)C2)c1,B
5HT2A,,,,567,Oc1ccc(CN2CCCC(c3c[nH]c4ncccc34)C2)cc1,D
5HT2A,,,,575,OCc1ccc2c([C@@H]3CCCNC3)c[nH]c2n1,D
5HT2A,,,,582,c1cnc2[nH]cc([C@@H]3CNCCO3)c2c1,D
5HT2A,,,,584,Clc1cccc2c([C@H]3CCNC3)n[nH]c12,B
5HT2A,,,,585,Clc1cccc2c([C@@H]3CCNC3)n[nH]c12,B
5HT2A,,,,586,Clc1cccc2c([C@@H]3CNCCO3)n[nH]c12,B
5HT2A,,,,587,Clc1cccc2c(C3CNCCO3)n[nH]c12,D
5HT2A,,,WO 2024/259246,101,OC[C@H]1CNC[C@@H](C/C2=C/NC3=CC=CC=C23)C1,A
5HT2A,,,,102,C1=C/C=C2/C(C[C@H]3CCCNC3)=CN/C2=C/1,A
5HT2A,,,,105,C1=C/C=C2/C(C[C@H]3CCCNC3)=CO/C2=C/1,B
5HT2A,,,,112,FC1=C\C=C2\C(C[C@H]3CCCNC3)=CN(C(C)C)\C2=C\1,D
5HT2A,,,,141,N#C/C1=C/C=C\C2=C1NN=C2C[C@H]1CCCNC1,D
5HT2A,,,WO 2024/259250 ,104,N#C/C1=C/C=C\C2=C1SN=C2C1=CCCNC1,C
5HT2A,,,,108,C/C1=C/C=C\C2=C1SN=C2C1=CCCNC1,B
5HT2A,,,,121,FC1=C\C=C2\C(C3=CCCNC3)=NO\C2=C\1,A
