Target,Patent id,lig_id,SMILES,Activity
AR,,lb,CNC(=O)c1ccc(N2C(=O)N(c3ccc(C#N)c(C(F)(F)F)c3)[C@H]3CCCC[C@@H]32)cc1F,A
AR,,2a,N#Cc1ccc(N2C(=O)N(c3ccc(C#N)c(C(F)(F)F)c3)[C@@H]3CCCC[C@H]32)cc1C(F)(F)F,B
AR,,3,N#Cc1ccc(N2C(=O)N(c3ccoc3)[C@@H]3CCCC[C@H]32)cc1C(F)(F)F,C
AR,,4,N#Cc1ccc(N2C(=O)N(c3ccncc3)[C@@H]3CCCC[C@H]32)cc1C(F)(F)F,C
AR,,5a,N#Cc1ccc(N2C(=O)N(c3ccccc3)[C@@H]3CCCC[C@H]32)cc1C(F)(F)F,C
AR,,5b,N#Cc1ccc(N2C(=O)N(c3ccccc3)[C@H]3CCCC[C@@H]32)cc1C(F)(F)F,C
AR,,10a,N#Cc1ccc(N2C(=O)N(c3ccnc(F)c3)[C@@H]3CCCC[C@H]32)cc1C(F)(F)F,C
AR,,10b,N#Cc1ccc(N2C(=O)N(c3ccnc(F)c3)[C@H]3CCCC[C@@H]32)cc1C(F)(F)F,B
AR,,11,N#Cc1ccc(N2C(=O)N(c3ccnc(C(F)(F)F)c3)[C@@H]3CCCC[C@H]32)cc1C(F)(F)F,C
AR,,12,CC(=O)Nc1ccc(N2C(=O)N(c3ccc(C#N)c(C(F)(F)F)c3)[C@@H]3CCCC[C@H]32)cc1F,B
AR,,13,CC(=O)N(C)c1ccc(N2C(=O)N(c3ccc(C#N)c(C(F)(F)F)c3)[C@@H]3CCCC[C@H]32)cc1F,C
AR,,14,CNc1ccc(N2C(=O)N(c3ccc(C#N)c(C(F)(F)F)c3)[C@@H]3CCCC[C@H]32)cc1F,B
AR,,15,N#Cc1ccc(N2C(=O)N(c3ccc(N)c(F)c3)[C@@H]3CCCC[C@H]32)cc1C(F)(F)F,B
AR,,16,CS(=O)(=O)Nc1ccc(N2C(=O)N(c3ccc(C#N)c(C(F)(F)F)c3)[C@@H]3CCCC[C@H]32)cc1F,C
AR,,18,CONC(=O)c1ccc(N2C(=O)N(c3ccc(C#N)c(C(F)(F)F)c3)[C@@H]3CCCC[C@H]32)cc1F,B
AR,,19,N#Cc1ccc(N2C(=O)N(c3ccc(C(=O)NOCC4CC4)c(F)c3)[C@@H]3CCCC[C@H]32)cc1C(F)(F)F,B
AR,,20,COCCONC(=O)c1ccc(N2C(=O)N(c3ccc(C#N)c(C(F)(F)F)c3)[C@@H]3CCCC[C@H]32)cc1F,B
AR,,21,N#Cc1ccc(N2C(=O)N(c3ccc(C(=O)NOCC4CCC4)c(F)c3)[C@@H]3CCCC[C@H]32)cc1C(F)(F)F,B
AR,,22,CC(C)CONC(=O)c1ccc(N2C(=O)N(c3ccc(C#N)c(C(F)(F)F)c3)[C@@H]3CCCC[C@H]32)cc1F,B
AR,,24,CC(CO)ONC(=O)c1ccc(N2C(=O)N(c3ccc(C#N)c(C(F)(F)F)c3)[C@@H]3CCCC[C@H]32)cc1F,C
AR,,25,CN(C)CCCONC(=O)c1ccc(N2C(=O)N(c3ccc(C#N)c(C(F)(F)F)c3)[C@@H]3CCCC[C@H]32)cc1F,A
AR,,26,CCN(CC)CCONC(=O)c1ccc(N2C(=O)N(c3ccc(C#N)c(C(F)(F)F)c3)[C@@H]3CCCC[C@H]32)cc1F,A
AR,,27,N#Cc1ccc(N2C(=O)N(c3ccc(C(=O)NOCC4CCCO4)c(F)c3)[C@@H]3CCCC[C@H]32)cc1C(F)(F)F,B
AR,,28,CN1CCC(ONC(=O)c2ccc(N3C(=O)N(c4ccc(C#N)c(C(F)(F)F)c4)[C@@H]4CCCC[C@H]43)cc2F)CC1,B
AR,,29,COCCONC(=O)c1ccc(N2C(=O)N(c3ccc(C#N)c(C(F)(F)F)c3)[C@H]3CCCC[C@@H]32)cc1F,B
AR,,30,N#Cc1ccc(N2C(=O)N(c3ccc(C(N)=O)c(F)c3)[C@@H]3CCCC[C@H]32)cc1C(F)(F)F,A
AR,,31,N#Cc1ccc(N2C(=O)N(c3ccc(C(N)=O)c(F)c3)[C@H]3CCCC[C@@H]32)cc1C(F)(F)F,A
AR,,32,N#Cc1ccc(N2C(=O)N(c3ccc(C(=O)NCCO)c(F)c3)[C@@H]3CCCC[C@H]32)cc1C(F)(F)F,B
AR,,33,N#Cc1ccc(N2C(=O)N(c3ccc(C(=O)NCCO)c(F)c3)[C@H]3CCCC[C@@H]32)cc1C(F)(F)F,A
AR,,34,N#Cc1ccc(N2C(=O)N(c3ccc(C(=O)N[C@@H]4CCOC4)c(F)c3)[C@@H]3CCCC[C@H]32)cc1C(F)(F)F,B
AR,,35,N#Cc1ccc(N2C(=O)N(c3ccc(C(=O)N[C@H]4CCOC4)c(F)c3)[C@H]3CCCC[C@@H]32)cc1C(F)(F)F,B
AR,,36,N#Cc1ccc(N2C(=O)N(c3ccc(C(=O)N[C@@H]4CCOC4)c(F)c3)[C@H]3CCCC[C@@H]32)cc1C(F)(F)F,B
AR,,37,N#Cc1ccc(N2C(=O)N(c3ccc(C(=O)NC(CO)CO)c(F)c3)[C@H]3CCCC[C@@H]32)cc1C(F)(F)F,D
AR,,39,CNC(=O)c1ccc(N2C(=O)N(c3ccc(C#N)c(C(F)(F)F)c3)[C@@H]3CCCC[C@H]32)cc1C,B
AR,,41,CNC(=S)c1ccc(N2C(=O)N(c3ccc(C#N)c(C(F)(F)F)c3)[C@H]3CCCC[C@@H]32)cc1F,B
AR,,42,Cc1c(N2C(=O)N(c3ccc(C#N)c(C(F)(F)F)c3)[C@@H]3CCCC[C@H]32)ccc(C#N)c1Cl,B
AR,,43,N#Cc1ccc(N2C(=O)N(c3cc(Cl)cc(Cl)c3)[C@@H]3CCCC[C@H]32)cc1C(F)(F)F,B
AR,,44,N#Cc1ccc(N2C(=O)N(c3cc(Cl)cc(Cl)c3)[C@H]3CCCC[C@@H]32)cc1C(F)(F)F,A
AR,,45,CC(=O)c1ccc(N2C(=O)N(c3ccc(C#N)c(C(F)(F)F)c3)[C@H]3CCCC[C@@H]32)cc1F,C
AR,,46,N#Cc1ccc(N2C(=O)N(c3ccc(CO)c(F)c3)[C@H]3CCCC[C@@H]32)cc1C(F)(F)F,B
AR,,49,N#Cc1ccc(N2C(=O)N(Cc3ccc(-n4ccnc4)nc3)[C@@H]3CCCC[C@H]32)cc1C(F)(F)F,B
AR,,51,N#Cc1ccc(N2C(=O)N(Cc3cc[nH]n3)[C@@H]3CCCC[C@H]32)cc1C(F)(F)F,C
AR,,53,CNC(=O)c1ccc(N2C(=O)N(c3ccc(C#N)c(C(F)(F)F)c3)[C@@H]3CCCC[C@H]32)cn1,B
AR,,54,CNC(=O)c1ccc(N2C(=O)N(c3ccc(C#N)c(C(F)(F)F)c3)[C@H]3CCCC[C@@H]32)cn1,B
AR,,55,N#Cc1ccc(N2C(=O)N(c3ccc(C(N)=O)nc3)[C@H]3CCCC[C@@H]32)cc1C(F)(F)F,B
AR,,56,CNC(=O)c1cc(N2C(=O)N(c3ccc(C#N)c(C(F)(F)F)c3)[C@H]3CCCC[C@@H]32)ccn1,C
AR,,57,N#Cc1ccc(N2C(=O)N(c3ccnc(C(N)=O)c3)[C@H]3CCCC[C@@H]32)cc1C(F)(F)F,B
AR,,58,N#Cc1ccc(N2C(=O)N(c3ccc4c(c3)CCO4)[C@H]3CCCC[C@@H]32)cc1C(F)(F)F,B
AR,,59,N#Cc1ccc(N2C(=O)N(c3cccnc3F)[C@@H]3CCCC[C@H]32)cc1C(F)(F)F,C
AR,,60,N#Cc1ccc(N2C(=O)N(c3ccc(Cl)cc3)[C@@H]3CCCC[C@H]32)cc1C(F)(F)F,B
AR,,61,N#Cc1ccc(N2C(=O)N(c3ccc(Cl)cc3)[C@H]3CCCC[C@@H]32)cc1C(F)(F)F,B
AR,,62,N#Cc1ccc(N2C(=O)N(c3cnccc3C3CC3)[C@H]3CCCC[C@@H]32)cc1C(F)(F)F,C
AR,,63,Cc1ccncc1N1C(=O)N(c2ccc(C#N)c(C(F)(F)F)c2)[C@H]2CCCC[C@@H]21,C
AR,,66,N#Cc1ccc(N2C(=O)N(c3ccc(C(N)=O)cc3)[C@H]3CCCC[C@@H]32)cc1C(F)(F)F,B
AR,,67,N#Cc1ccc(N2C(=O)N(c3ccc(S(N)(=O)=O)c(F)c3)[C@@H]3CCCC[C@H]32)cc1C(F)(F)F,C
AR,,70,Cc1cc(N2C(=O)N(c3ccc(C#N)c(C(F)(F)F)c3)[C@H]3CCCC[C@@H]32)ccc1C(N)=O,B
AR,,71b,CNC(=O)c1ccc(N2C(=O)N(c3ccc(C#N)c(C(F)(F)F)c3)[C@H]3COCC[C@@H]32)cc1F,B
AR,,73,CNC(=O)c1ccc(N2C(=O)N(c3ccc(C#N)c(C(F)(F)F)c3)[C@@H]3CCOC[C@H]32)cc1F,C
AR,,76b,N#Cc1ccc(N2C(=O)N(c3ccc(C(N)=O)c(F)c3)[C@H]3CCOC[C@@H]32)cc1C(F)(F)F,B
AR,,79,Cc1cc(N2C(=O)N(c3ccc(C#N)c(C(F)(F)F)c3)[C@H]3COCC[C@@H]32)ccc1C(N)=O,C
AR,,80a,CNC(=O)c1ccc(N2C(=O)N(c3ccc(C#N)c(C(F)(F)F)c3)[C@@H]3CCCCC[C@H]32)cc1F,A
AR,,80b,CNC(=O)c1ccc(N2C(=O)N(c3ccc(C#N)c(C(F)(F)F)c3)[C@H]3CCCCC[C@@H]32)cc1F,C
AR,,82b,CNC(=O)c1ccc(N2C(=O)N(c3ccc(C#N)c(C(F)(F)F)c3)[C@H]3CCC(O)C[C@@H]32)cc1F,B
AR,,84,CNC(=O)c1ccc(N2C(=O)N(c3ccc(C#N)c(C(F)(F)F)c3)[C@@H]3CCC=C[C@H]32)cc1F,B
AR,,85,CNC(=O)c1ccc(N2C(=O)N(c3ccc(C#N)c(C(F)(F)F)c3)[C@@H]3CC(OC)CC[C@H]32)cc1F,C
AR,,86,CNC(=O)c1ccc(N2C(=O)N(c3ccc(C#N)c(C(F)(F)F)c3)[C@@H]3C=CCC[C@H]32)cc1F,A
AR,,88,CNC(=O)c1ccc(C2=C[C@@H]3[C@@H](CC2)N(c2ccc(C#N)c(C(F)(F)F)c2)C(=O)N3C)cc1F,B
AR,,89,CNC(=O)c1ccc(C2=C[C@H]3[C@@H](CC2)N(c2ccc(C#N)c(C(F)(F)F)c2)C(=O)N3C)cc1F,C
AR,,90,CN1C(=O)N(c2ccc(C#N)c(C(F)(F)F)c2)[C@@H]2CCC(c3ccccc3)C[C@H]21,B
AR,,91,CN1C(=O)N(c2ccc(C#N)c(C(F)(F)F)c2)[C@@H]2CCC(c3ccccc3)=C[C@H]21,B
AR,CN115427028,恩杂鲁胺,CNC(=O)c1ccc(N2C(=S)N(c3ccc(C#N)c(C(F)(F)F)c3)C(=O)C2(C)C)cc1F,B
AR,,R-比卡鲁胺,C[C@](O)(CS(=O)(=O)c1ccc(F)cc1)C(=O)Nc1ccc(C#N)c(C(F)(F)F)c1,B
AR,,恩杂鲁胺,CNC(=O)c1ccc(N2C(=S)N(c3ccc(C#N)c(C(F)(F)F)c3)C(=O)C2(C)C)cc1F,B
AR,,UT-34,C[C@](O)(Cn1cc(F)cn1)C(=O)Nc1ccc(C#N)c(C(F)(F)F)c1,B
AR,,1,C=C(Cn1cc(F)cn1)C(=O)Nc1ccc(C#N)c(C(F)(F)F)c1,C
AR,,2,N#Cc1ccc(NC(=O)C(Cn2cc(F)cn2)Cn2cc(F)cn2)cc1C(F)(F)F,A
AR,,4,C=C(Cn1cc(C#N)cn1)C(=O)Nc1ccc(C#N)c(C(F)(F)F)c1,C
AR,,5,N#Cc1cnn(CC(Cn2cc(C#N)cn2)C(=O)Nc2ccc(C#N)c(C(F)(F)F)c2)c1,B
AR,,6,C=C(CO[C@@](C)(Cn1cc(C#N)cn1)C(=O)Nc1cnc(C#N)c(C(F)(F)F)c1)C(=O)OC,C
AR,,7,C=C(CN(C(=O)[C@@](C)(O)Cn1cc(C#N)cn1)c1cnc(C#N)c(C(F)(F)F)c1)C(=O)OC,C
AR,,8,C=C(Cn1ccc2cc(F)ccc21)C(=O)Nc1ccc(C#N)c(C(F)(F)F)c1,C
AR,,9,C/C(=C\C(=O)Nc1ccc(C#N)c(C(F)(F)F)c1)n1cc(F)cn1,B
AR,,11,C=C(CO[C@@](C)(Cn1cc(F)cn1)C(=O)Nc1ccc(C#N)c(C(F)(F)F)c1)C(=O)OC,B
AR,,12,N#Cc1ccc(NC(=O)/C=C/n2cc(F)cn2)cc1C(F)(F)F,C
AR,,13,C/C(=C\c1ccc(F)cc1)C(=O)Nc1ccc(C#N)c(C(F)(F)F)c1,B
AR,,14,C/C(=C\C(=O)Nc1ccc(C#N)c(C(F)(F)F)c1)c1ccc(F)cc1,A
AR,,15,N#Cc1ccc(NCn2ccc3cc(F)ccc32)cc1C(F)(F)F,B
AR,,17,C=C(CO[C@@](C)(Cn1cc(F)cn1)C(=O)Nc1cnc(C#N)c(C(F)(F)F)c1)C(=O)OC,B
AR,,18,C=C(CO[C@@](C)(Cn1cc(C#N)cn1)C(=O)Nc1ccc(C#N)c(C(F)(F)F)c1)C(=O)OC,B
AR,CN109422737,1,CC1(C)C(=O)N(c2ccc(C#N)c(C(F)(F)F)c2)C(=S)N1c1ccc2c(c1)SCC(CO)O2,B
AR,,2,CC1(C)C(=O)N(c2ccc(C#N)c(C(F)(F)F)c2)C(=S)N1c1ccc2c(c1)SC[C@@H](CO)O2,B
AR,,3,CC1(C)C(=O)N(c2ccc(C#N)c(C(F)(F)F)c2)C(=S)N1c1ccc2c(c1)SC[C@H](CO)O2,B
AR,,4,CC1(C)C(=O)N(c2ccc(C#N)c(C(F)(F)F)c2F)C(=S)N1c1ccc2c(c1)SC[C@@H](CO)O2,B
AR,,5,CC1(C)C(=O)N(c2ccc(C#N)c(C(F)(F)F)c2F)C(=S)N1c1ccc2c(c1)SC[C@H](CO)O2,B
AR,,6,CC1(C)C(=O)N(c2cc(C(F)(F)F)c(C#N)cc2F)C(=S)N1c1ccc2c(c1)SC[C@@H](CO)O2,B
AR,,7,CC1(C)C(=O)N(c2cc(C(F)(F)F)c(C#N)cc2F)C(=S)N1c1ccc2c(c1)SC[C@H](CO)O2,B
AR,,13,CC(O)C1CSc2cc(N3C(=S)N(c4ccc(C#N)c(C(F)(F)F)c4)C(=O)C3(C)C)ccc2O1,D
AR,,14,CC(C)(O)C1CSc2cc(N3C(=S)N(c4ccc(C#N)c(C(F)(F)F)c4)C(=O)C3(C)C)ccc2O1,D
AR,,15,N#Cc1ccc(N2C(=O)C3(CCC3)N(c3ccc4c(c3)SCC(CO)O4)C2=S)cc1C(F)(F)F,D
AR,,16,N#Cc1ccc(N2C(=O)C3(CCC3)N(c3ccc4c(c3)SC[C@@H](CO)O4)C2=S)cc1C(F)(F)F,D
AR,,17,N#Cc1ccc(N2C(=O)C3(CCC3)N(c3ccc4c(c3)SC[C@H](CO)O4)C2=S)cc1C(F)(F)F,D
AR,,18,N#Cc1ccc(N2C(=O)C3(CCC3)N(c3ccc4c(c3)SC[C@@H](CO)O4)C2=S)c(F)c1C(F)(F)F,D
AR,,19,N#Cc1ccc(N2C(=O)C3(CCC3)N(c3ccc4c(c3)SC[C@H](CO)O4)C2=S)c(F)c1C(F)(F)F,D
AR,,20,N#Cc1cc(F)c(N2C(=O)C3(CCC3)N(c3ccc4c(c3)SC[C@@H](CO)O4)C2=S)cc1C(F)(F)F,D
AR,,21,N#Cc1cc(F)c(N2C(=O)C3(CCC3)N(c3ccc4c(c3)SC[C@H](CO)O4)C2=S)cc1C(F)(F)F,D
AR,,27,CC(O)C1CSc2cc(N3C(=S)N(c4ccc(C#N)c(C(F)(F)F)c4)C(=O)C34CCC4)ccc2O1,D
AR,,28,N#Cc1ccc(N2C(=O)C3(CCCC3)N(c3ccc4c(c3)SC[C@@H](CO)O4)C2=S)cc1C(F)(F)F,D
AR,,29,N#Cc1ccc(N2C(=O)C3(CCCC3)N(c3ccc4c(c3)SC[C@H](CO)O4)C2=S)cc1C(F)(F)F,D
AR,,30,N#Cc1ccc(N2C(=O)C3(CCOC3)N(c3ccc4c(c3)SCC(CO)O4)C2=S)cc1C(F)(F)F,D
AR,,32,CC1(C)C(=O)N(c2ccc(C#N)c(C(F)(F)F)c2)C(=S)N1c1ccc2c(c1)OC[C@H](CO)O2,D
AR,,34,CC1(C)C(=O)N(c2ccc(C#N)c(C(F)(F)F)c2F)C(=S)N1c1ccc2c(c1)OC[C@H](CO)O2,D
AR,,42,CC(O)C1COc2cc(N3C(=S)N(c4ccc(C#N)c(C(F)(F)F)c4)C(=O)C3(C)C)ccc2O1,B
AR,,43,CC(C)(O)C1COc2cc(N3C(=S)N(c4ccc(C#N)c(C(F)(F)F)c4)C(=O)C3(C)C)ccc2O1,B
AR,,44,N#Cc1ccc(N2C(=O)C3(CCC3)N(c3ccc4c(c3)OC[C@@H](CO)O4)C2=S)cc1C(F)(F)F,B
AR,,45,N#Cc1ccc(N2C(=O)C3(CCC3)N(c3ccc4c(c3)OC[C@H](CO)O4)C2=S)cc1C(F)(F)F,B
AR,,46,N#Cc1ccc(N2C(=O)C3(CCC3)N(c3ccc4c(c3)OC[C@@H](CO)O4)C2=S)c(F)c1C(F)(F)F,B
AR,,47,N#Cc1ccc(N2C(=O)C3(CCC3)N(c3ccc4c(c3)OC[C@H](CO)O4)C2=S)c(F)c1C(F)(F)F,B
AR,,48,N#Cc1cc(F)c(N2C(=O)C3(CCC3)N(c3ccc4c(c3)OC[C@@H](CO)O4)C2=S)cc1C(F)(F)F,B
AR,,49,N#Cc1cc(F)c(N2C(=O)C3(CCC3)N(c3ccc4c(c3)OC[C@H](CO)O4)C2=S)cc1C(F)(F)F,B
AR,,55,CC(O)C1COc2cc(N3C(=S)N(c4ccc(C#N)c(C(F)(F)F)c4)C(=O)C34CCC4)ccc2O1,D
AR,,56,N#Cc1ccc(N2C(=O)C3(CCCC3)N(c3ccc4c(c3)OC[C@@H](CO)O4)C2=S)cc1C(F)(F)F,D
AR,,57,N#Cc1ccc(N2C(=O)C3(CCCC3)N(c3ccc4c(c3)OC[C@H](CO)O4)C2=S)cc1C(F)(F)F,D
AR,,58,N#Cc1ccc(N2C(=O)C3(CCOC3)N(c3ccc4c(c3)OCC(CO)O4)C2=S)cc1C(F)(F)F,D
AR,,59,CC1(C)C(=O)N(c2ccc(C#N)c(C(F)(F)F)c2)C(=S)N1c1ccc2c(c1)NC[C@@H](CO)O2,D
AR,,60,CC1(C)C(=O)N(c2ccc(C#N)c(C(F)(F)F)c2)C(=S)N1c1ccc2c(c1)NC[C@H](CO)O2,D
AR,,63,CC1(C)C(=O)N(c2ccc(C#N)c(C(F)(F)F)c2F)C(=S)N1c1ccc2c(c1)NC[C@@H](CO)O2,D
AR,,67,N#Cc1ccc(N2C(=O)C3(CCC3)N(c3ccc4c(c3)NC[C@@H](CO)O4)C2=S)cc1C(F)(F)F,D
AR,,68,N#Cc1ccc(N2C(=O)C3(CCC3)N(c3ccc4c(c3)NC[C@H](CO)O4)C2=S)cc1C(F)(F)F,D
AR,,69,CN1C[C@@H](CO)Oc2ccc(N3C(=S)N(c4ccc(C#N)c(C(F)(F)F)c4)C(=O)C34CCC4)cc21,D
AR,,70,CN1C[C@H](CO)Oc2ccc(N3C(=S)N(c4ccc(C#N)c(C(F)(F)F)c4)C(=O)C34CCC4)cc21,D
AR,,73,CC1(C)C(=O)N(c2ccc(C#N)c(C(F)(F)F)c2)C(=S)N1c1ccc2c(c1)OC[C@H]([C@H](O)CO)O2,D
AR,,74,CC1(C)C(=O)N(c2ccc(C#N)c(C(F)(F)F)c2)C(=S)N1c1ccc2c(c1)OC[C@H]([C@@H](O)CO)O2,D
AR,,75,N#Cc1ccc(N2C(=O)C3(CCC3)N(c3ccc4c(c3)OC[C@@H]([C@H](O)CO)O4)C2=S)cc1C(F)(F)F,D
AR,,76,N#Cc1ccc(N2C(=O)C3(CCC3)N(c3ccc4c(c3)OC[C@@H]([C@@H](O)CO)O4)C2=S)cc1C(F)(F)F,D
AR,,77,N#Cc1ccc(N2C(=O)C3(CCC3)N(c3ccc4c(c3)OC[C@H]([C@H](O)CO)O4)C2=S)cc1C(F)(F)F,D
AR,,78,N#Cc1ccc(N2C(=O)C3(CCC3)N(c3ccc4c(c3)OC[C@H]([C@@H](O)CO)O4)C2=S)cc1C(F)(F)F,D
AR,,79,CC1(C)C(=O)N(c2ccc(C#N)c(C(F)(F)F)c2)C(=S)N1c1ccc2c(c1)SC[C@@H]([C@H](O)CO)O2,D
AR,,80,CC1(C)C(=O)N(c2ccc(C#N)c(C(F)(F)F)c2)C(=S)N1c1ccc2c(c1)SC[C@@H]([C@@H](O)CO)O2,D
AR,,81,CC1(C)C(=O)N(c2ccc(C#N)c(C(F)(F)F)c2)C(=S)N1c1ccc2c(c1)SC[C@H]([C@H](O)CO)O2,D
AR,,82,CC1(C)C(=O)N(c2ccc(C#N)c(C(F)(F)F)c2)C(=S)N1c1ccc2c(c1)SC[C@H]([C@@H](O)CO)O2,D
AR,,94,CC1(C)C(=O)N(c2ccc(C#N)c(C(F)(F)F)c2)C(=S)N1c1ccc2c(c1)CCC(CO)O2,D
AR,,95,CC1(C)C(=O)N(c2ccc(C#N)c(C(F)(F)F)c2)C(=S)N1c1ccc2c(c1)CC[C@@H](CO)O2,D
AR,,96,CC1(C)C(=O)N(c2ccc(C#N)c(C(F)(F)F)c2)C(=S)N1c1ccc2c(c1)CC[C@H](CO)O2,D
AR,,97,N#Cc1ccc(N2C(=O)C3(CCC3)N(c3ccc4c(c3)CCC(CO)O4)C2=S)cc1C(F)(F)F,D
AR,,98,N#Cc1ccc(N2C(=O)C3(CCC3)N(c3ccc4c(c3)CC[C@@H](CO)O4)C2=S)cc1C(F)(F)F,D
AR,,99,N#Cc1ccc(N2C(=O)C3(CCC3)N(c3ccc4c(c3)CC[C@H](CO)O4)C2=S)cc1C(F)(F)F,D
AR,,100,CC1(C)C(=O)N(c2ccc(C#N)c(C(F)(F)F)c2F)C(=S)N1c1ccc2c(c1)CC[C@@H](CO)O2,D
AR,,101,CC1(C)C(=O)N(c2ccc(C#N)c(C(F)(F)F)c2F)C(=S)N1c1ccc2c(c1)CC[C@H](CO)O2,D
AR,,102,N#Cc1ccc(N2C(=O)C3(CCC3)N(c3ccc4c(c3)CC[C@@H](CO)O4)C2=S)c(F)c1C(F)(F)F,D
AR,,103,N#Cc1ccc(N2C(=O)C3(CCC3)N(c3ccc4c(c3)CC[C@H](CO)O4)C2=S)c(F)c1C(F)(F)F,D
AR,,104,CNC(=O)[C@@H]1CCc2cc(N3C(=S)N(c4ccc(C#N)c(C(F)(F)F)c4)C(=O)C3(C)C)ccc2O1,D
AR,,105,CNC(=O)[C@H]1CCc2cc(N3C(=S)N(c4ccc(C#N)c(C(F)(F)F)c4)C(=O)C3(C)C)ccc2O1,D
AR,,106,CNC(=O)[C@@H]1CCc2cc(N3C(=S)N(c4ccc(C#N)c(C(F)(F)F)c4)C(=O)C34CCC4)ccc2O1,D
AR,,107,CNC(=O)[C@H]1CCc2cc(N3C(=S)N(c4ccc(C#N)c(C(F)(F)F)c4)C(=O)C34CCC4)ccc2O1,D
AR,,112,CN1CCOc2cc(N3C(=S)N(c4ccc(C#N)c(C(F)(F)F)c4)C(=O)C34CCC4)ccc2C1=O,D
AR,,113,CC1(C)C(=O)N(c2ccc(C#N)c(C(F)(F)F)c2)C(=S)N1c1ccc2c(c1)OCCC(CO)O2,D
AR,,114,CC1(C)C(=O)N(c2ccc(C#N)c(C(F)(F)F)c2F)C(=S)N1c1ccc2c(c1)OCCC(CO)O2,D
AR,,115,CC1(C)C(=O)N(c2ccc(C#N)c(C(F)(F)F)c2)C(=S)N1c1ccc2c(c1)SCCC(CO)O2,D
AR,,116,CC1(C)C(=O)N(c2ccc(C#N)c(C(F)(F)F)c2)C(=S)N1c1ccc2c(c1)CCCC(CO)O2,D
AR,,117,N#Cc1ccc(N2C(=O)C3(CCC3)N(c3ccc4c(c3)CCCC(CO)O4)C2=S)cc1C(F)(F)F,D
AR,,118,N#Cc1ccc(N2C(=O)C3(CCC3)N(c3ccc4c(c3)OCCC(CO)O4)C2=S)cc1C(F)(F)F,D
AR,,119,N#Cc1ccc(N2C(=O)C3(CCC3)N(c3ccc4c(c3)SCCC(CO)O4)C2=S)cc1C(F)(F)F,D
AR,WO2020123670,1,CCCCn1nnnc1C(c1cccc(O)c1)N1CCN(c2c(Cl)cncc2Cl)CC1,A
AR,,2,CC(C)(C)n1nnnc1C(c1cc2ccccc2o1)N1CCN(c2c(Cl)cncc2Cl)CC1,B
AR,,3,CCCCn1nnnc1C(c1ccnc2ccccc12)N1CCN(c2c(Cl)cncc2Cl)CC1,B
AR,,5,CCCCn1nnnc1CN1CCN(c2c(Cl)cncc2Cl)CC1,C
AR,,19,Oc1cccc(C(c2nnnn2Cc2ccccc2)N2CCN(c3c(Cl)cncc3Cl)CC2)c1,B
AR,,25,CCCCn1nnnc1C(c1cccc(O)c1)N1CCN(c2c(Cl)cccc2Cl)CC1,C
AR,,46,CCCCn1nnnc1C(c1cc2ccccc2[nH]1)N1CCN(c2c(Cl)cncc2Cl)CC1,B
AR,,47,CC(C)(C)n1nnnc1C(c1cc2ccccc2[nH]1)N1CCN(c2c(Cl)cncc2Cl)CC1,B
AR,,61,CCCCn1nnnc1C(c1cccc(O)c1)N1CCN(c2ncc(C(F)(F)F)cc2Cl)CC1,C
AR,,70,CC(C)(C)n1nnnc1C(CCc1ccccc1)N1CCN(c2c(Cl)cncc2Cl)CC1,C
AR,,72,CCCCn1nnnc1C(c1cccc(O)c1)N1CCN(c2cc(C)ccc2C)CC1,B
AR,WO2012047617,1,N#Cc1ccc(N2C(=O)CC[C@@H]2[C@H](O)C(F)(F)F)cc1C(F)(F)F,A
AR,,2,N#Cc1ccc(N2C(=O)CC[C@@H]2[C@@H](O)C(F)(F)F)cc1C(F)(F)F,B
AR,,3,Cc1c(N2C(=O)CC[C@@H]2[C@H](O)C(F)(F)F)ccc(C#N)c1C(F)(F)F,A
AR,,4,Cc1c(N2C(=O)CC[C@@H]2[C@@H](O)C(F)(F)F)ccc(C#N)c1C(F)(F)F,B
AR,,5,O=C1CC[C@H]([C@H](O)C(F)(F)F)N1c1ccc2nnsc2c1,B
AR,,7,N#Cc1ccc(N2C(=O)OC[C@@H]2[C@H](O)C(F)(F)F)cc1C(F)(F)F,A
AR,,9,N#Cc1ccc(N2C(=O)OCC2[C@H](O)C(F)(F)F)cc1Cl,A
AR,,11,Cc1c(N2C(=O)OC[C@@H]2[C@H](O)C(F)(F)F)ccc(C#N)c1Cl,A
AR,,12,Cc1c(N2C(=O)OC[C@@H]2[C@@H](O)C(F)(F)F)ccc(C#N)c1Cl,B
AR,,13,Cc1c(N2C(=O)OC[C@@H]2[C@H](O)C(F)(F)F)ccc(C#N)c1C(F)(F)F,A
AR,,15,Cc1c(N2C(=O)O[C@H](C)[C@@H]2[C@H](O)C(F)(F)F)ccc(C#N)c1Cl,B
AR,,17,Cc1c(N2C(=O)O[C@@H](C)[C@@H]2[C@H](O)C(F)(F)F)ccc(C#N)c1Cl,A
AR,,18,Cc1c(N2C(=O)O[C@@H](C)[C@@H]2[C@@H](O)C(F)(F)F)ccc(C#N)c1Cl,B
AR,,19,C[C@@H]1OC(=O)N(c2ccc(C#N)c(C(F)(F)F)c2)[C@H]1[C@H](O)C(F)(F)F,A
AR,,20,C[C@@H]1OC(=O)N(c2ccc(C#N)c(C(F)(F)F)c2)[C@H]1[C@@H](O)C(F)(F)F,A
AR,,21,C[C@@H]1OC(=O)N(c2ccc(C#N)c(Cl)c2)[C@H]1[C@H](O)C(F)(F)F,A
AR,,22,C[C@@H]1OC(=O)N(c2ccc(C#N)c(Cl)c2)[C@H]1[C@@H](O)C(F)(F)F,B
AR,,23,Cc1c(N2C(=O)O[C@@H](C)[C@@H]2[C@H](O)C(F)(F)F)ccc(C#N)c1C(F)(F)F,A
AR,,25,CN1C[C@H]([C@H](O)C(F)(F)F)N(c2ccc(C#N)c(C(F)(F)F)c2)C1=O,A
AR,,27,O=C1CC[C@H]([C@H](O)C(F)(F)F)N1c1ccc(Cl)c(Cl)c1,A
AR,,29,Cc1c(N2C(=O)CC[C@@H]2[C@H](O)C(F)(F)F)ccc(C#N)c1Cl,A
AR,,30,Cc1c(N2C(=O)CC[C@@H]2[C@@H](O)C(F)(F)F)ccc(C#N)c1Cl,B
AR,,31,N#Cc1ccc(N2C(=O)CC[C@@H]2C(O)C(F)(F)F)cc1Cl,A
AR,,33,N#Cc1ccc(N2C(=O)CC[C@@H]2[C@@H](O)C(F)(F)F)cc1Cl,A
AR,,38,C[C@H]1OC(=O)N(c2ccc(C#N)c(Cl)c2)[C@H]1[C@H](O)C(F)(F)F,B
AR,,39,C[C@H]1OC(=O)N(c2ccc(C#N)c(Cl)c2)[C@H]1[C@@H](O)C(F)(F)F,B
AR,CN113444081,A-1,CC(=O)Cc1nsc(NC(=O)c2cc(-c3cccc(C(F)(F)F)c3)oc2C)n1,A
AR,,A-2,CC(=O)Cc1nsc(NC(=O)c2cc(-c3cccc([N+](=O)[O-])c3)oc2C)n1,A
AR,,A-3,CC(=O)Cc1nsc(NC(=O)c2cc(-c3cccc(C#N)c3)oc2C)n1,B
AR,,A-4,COc1cccc(-c2cc(C(=O)Nc3nc(CC(C)=O)ns3)c(C)o2)c1,B
AR,,A-5,CC(=O)Cc1nsc(NC(=O)c2cc(-c3ccccc3)oc2C)n1,B
AR,,A-6,CCOc1cccc(-c2cc(C(=O)Nc3nc(CC(C)=O)ns3)c(C)o2)c1,B
AR,,A-7,CC(=O)Cc1nsc(NC(=O)c2cc(-c3cccc(F)c3)oc2C)n1,C
AR,,A-8,CC(=O)Cc1nsc(NC(=O)c2cc(-c3cccc(Cl)c3)oc2C)n1,C
AR,,A-9,CC(=O)Cc1nsc(NC(=O)c2cc(-c3cccc(Br)c3)oc2C)n1,C
AR,,A-10,CC(=O)Cc1nsc(NC(=O)c2cc(-c3ccc(Cl)c(Cl)c3)oc2C)n1,C
AR,,A-11,CC(=O)Cc1nsc(NC(=O)c2cc(-c3cccc4ccccc34)oc2C)n1,C
AR,,A-12,CC(=O)Cc1nsc(NC(=O)c2cc(-c3ccc4ccccc4c3)oc2C)n1,C
AR,,A-13,CC(=O)Cc1nsc(NC(=O)c2cc(-c3cccc(OC(F)(F)F)c3)oc2C)n1,B
AR,,A-14,CC(=O)Cc1nsc(NC(=O)c2cc(-c3cccc(OC(F)F)c3)oc2C)n1,A
AR,,A-24,CC(=O)Cc1nsc(NC(=O)c2cc(-c3cccc(N)c3)oc2C)n1,C
AR,,A-26,CC(=O)Cc1nsc(NC(=O)c2cc(-c3cccc(O)c3)oc2C)n1,C
AR,,A-27,CC(=O)Cc1nsc(NC(=O)c2cc(-c3cccc(OC(C)=O)c3)oc2C)n1,D
AR,,A-28,CC(=O)Cc1nsc(NC(=O)c2cc(-c3cccc(C(N)=O)c3)oc2C)n1,C
AR,,A-29,CC(=O)Cc1nsc(NC(=O)c2cc(-c3cccc(C(=O)O)c3)oc2C)n1,B
AR,,A-30,COC(=O)c1cccc(-c2cc(C(=O)Nc3nc(CC(C)=O)ns3)c(C)o2)c1,D
AR,,A-31,CC(=O)Cc1nsc(NC(=O)c2cc(-c3cccnc3)oc2C)n1,D
AR,,A-34,[2H]c1c(-c2cccc(C(F)(F)F)c2)oc(C)c1C(=O)Nc1nc(CC(C)=O)ns1,A
AR,,A-35,[2H]c1c(-c2cccc(C#N)c2)oc(C)c1C(=O)Nc1nc(CC(C)=O)ns1,B
AR,,A-36,[2H]c1c(-c2cccc(OC(F)(F)F)c2)oc(C)c1C(=O)Nc1nc(CC(C)=O)ns1,A
AR,,A-37,[2H]c1c(-c2cccc(OC(F)F)c2)oc(C)c1C(=O)Nc1nc(CC(C)=O)ns1,A
AR,,A-38,Cc1oc(-c2cccc(C(F)(F)F)c2)cc1C(=O)Nc1nc(CC(C)N(C)C)ns1,A
AR,,A-39,CCN(CC)C(C)Cc1nsc(NC(=O)c2cc(-c3cccc(C(F)(F)F)c3)oc2C)n1,B
AR,,A-40,Cc1oc(-c2cccc(C(F)(F)F)c2)cc1C(=O)Nc1nc(CC(C)N2CCCC2)ns1,B
AR,,A-41,Cc1oc(-c2cccc(C(F)(F)F)c2)cc1C(=O)Nc1nc(CC(C)N2CCCCC2)ns1,B
AR,,A-42,Cc1oc(-c2cccc(C(F)(F)F)c2)cc1C(=O)Nc1nc(CC(C)N2CCOCC2)ns1,B
AR,,A-43,Cc1oc(-c2cccc(C(F)(F)F)c2)cc1C(=O)Nc1nc(CC(C)N2CCN(C)CC2)ns1,A
AR,,A-44,Cc1oc(-c2cccc(OC(F)(F)F)c2)cc1C(=O)Nc1nc(CC(C)N(C)C)ns1,A
AR,,A-45,CCN(CC)C(C)Cc1nsc(NC(=O)c2cc(-c3cccc(OC(F)F)c3)oc2C)n1,A
AR,,A-46,Cc1oc(-c2cccc(C#N)c2)cc1C(=O)Nc1nc(CC(C)N2CCCC2)ns1,B
AR,,A-49,COc1cccc(-c2cc(C(=O)Nc3nc(CC(C)N4CCCCC4)ns3)c(C)o2)c1,B
AR,,A-52,Cc1oc(-c2cccc(C#N)c2)cc1C(=O)Nc1nc(CC(C)N2CCOCC2)ns1,B
AR,,A-56,Cc1oc(-c2cccc(C#N)c2)cc1C(=O)Nc1nc(CC(C)N2CCN(C)CC2)ns1,B
AR,,A-60,Cc1oc(-c2cccc(C(F)(F)F)c2)cc1C(=O)Nc1nc(CC(C)O)ns1,B
AR,,A-61,COC(C)Cc1nsc(NC(=O)c2cc(-c3cccc(C(F)(F)F)c3)oc2C)n1,C
AR,,A-66,Cc1oc(-c2cccc(C(F)(F)F)c2)cc1C(=O)Nc1nc(CC(C)N)ns1,C
AR,,A-69,C/C(Cc1nsc(NC(=O)c2cc(-c3cccc(C(F)(F)F)c3)oc2C)n1)=N\O,B
AR,,A-70,CO/N=C(\C)Cc1nsc(NC(=O)c2cc(-c3cccc(C(F)(F)F)c3)oc2C)n1,B
AR,,A-75,Cc1oc(-c2cccc(C(F)(F)F)c2)cc1C(=O)Nc1nc(CC(C)(O)C(F)(F)F)ns1,A
AR,,A-80,CC(Cc1nsc(NC(=O)c2cc(-c3cccc(C(F)(F)F)c3)oc2C)n1)=C(F)F,B
AR,,A-85,Cc1oc(-c2cccc(C(F)(F)F)c2)cc1C(=O)Nc1nc(CC(C)(F)F)ns1,B
AR,,A-90,Cc1oc(-c2cccc(C(F)(F)F)c2)cc1C(=O)Nc1nc(CC(C)(C)O)ns1,A
AR,,A-93,Cc1oc(-c2cccc(C(F)(F)F)c2)cc1C(=O)Nc1nc(CC(C)(C)N)ns1,A
AR,,A-96,CNC(C)Cc1nsc(NC(=O)c2cc(-c3cccc(C(F)(F)F)c3)oc2C)n1,B
AR,,A-106,Cc1oc(-c2cccc(C(F)(F)F)c2)cc1C(=O)Nc1nc(CN(C)C)ns1,C
AR,,A-107,CCN(CC)Cc1nsc(NC(=O)c2cc(-c3cccc(C(F)(F)F)c3)oc2C)n1,C
AR,,A-108,Cc1oc(-c2cccc(C(F)(F)F)c2)cc1C(=O)Nc1nc(CN2CCCC2)ns1,B
AR,,A-109,Cc1oc(-c2cccc(C#N)c2)cc1C(=O)Nc1nc(CN2CCCCC2)ns1,B
AR,,A-110,Cc1oc(-c2cccc(C(F)(F)F)c2)cc1C(=O)Nc1nc(CN2CCOCC2)ns1,B
AR,,A-111,Cc1oc(-c2cccc(C(F)(F)F)c2)cc1C(=O)Nc1nc(CN2CCN(C)CC2)ns1,B
AR,,A-112,Cc1oc(-c2cccc(C#N)c2)cc1C(=O)Nc1nc(CCl)ns1,C
AR,,A-118,COc1cccc(-c2cc(C(=O)Nc3nc(CN(C)C)ns3)c(C)o2)c1,C
AR,,A-123,CCN(CC)Cc1nsc(NC(=O)c2cc(-c3cccc(OC(F)(F)F)c3)oc2C)n1,B
AR,,A-124,Cc1oc(-c2cccc(OC(F)(F)F)c2)cc1C(=O)Nc1nc(CN2CCCC2)ns1,A
AR,,A-129,Cc1oc(-c2cccc(OC(F)F)c2)cc1C(=O)Nc1nc(CN2CCCCC2)ns1,A
AR,,A-130,Cc1oc(-c2cccc(OC(F)F)c2)cc1C(=O)Nc1nc(CN2CCOCC2)ns1,B
AR,,A-131,Cc1oc(-c2cccc(OC(F)F)c2)cc1C(=O)Nc1nc(CN2CCN(C)CC2)ns1,C
AR,,B-30,CC(Cc1nsc(NC(=O)c2coc(-c3cccc(C(F)(F)F)c3)c2)n1)=C(F)F,C
AR,,C-1,CC(=O)Cc1nsc(NC(=O)c2cc(-c3cccc(C(F)(F)F)c3)sc2C)n1,D
AR,,C-12,Cc1sc(-c2cccc(C#N)c2)cc1C(=O)Nc1nc(CC(C)N2CCCCC2)ns1,D
AR,,C-17,Cc1sc(-c2cccc(OC(F)(F)F)c2)cc1C(=O)Nc1nc(CC(C)N2CCOCC2)ns1,D
AR,,C-20,Cc1sc(-c2cccc(C(F)(F)F)c2)cc1C(=O)Nc1nc(CC(C)O)ns1,C
AR,,C-25,Cc1sc(-c2cccc(C(F)(F)F)c2)cc1C(=O)Nc1nc(CC(C)(O)C(F)(F)F)ns1,C
AR,,C-58,Cc1sc(-c2cccc(OC(F)F)c2)cc1C(=O)Nc1nc(CN2CCN(C)CC2)ns1,D
AR,,E-1,CC(=O)Cc1nsc(NC(=O)c2cc(-c3cccc(C(F)(F)F)c3)oc2C(F)(F)F)n1,C
AR,,E-2,CC(=O)Cc1nsc(NC(=O)c2cc(-c3cccc(C#N)c3)oc2C(F)(F)F)n1,C
AR,,E-3,COc1cccc(-c2cc(C(=O)Nc3nc(CC(C)=O)ns3)c(C(F)(F)F)o2)c1,B
AR,,E-4,CC(=O)Cc1nsc(NC(=O)c2cc(-c3cccc(OC(F)(F)F)c3)oc2C(F)(F)F)n1,B
AR,,E-5,CC(=O)Cc1nsc(NC(=O)c2cc(-c3cccc(OC(F)F)c3)oc2C(F)(F)F)n1,C
AR,,E-6,CC(Cc1nsc(NC(=O)c2cc(-c3cccc(C(F)(F)F)c3)oc2C(F)(F)F)n1)N1CCCC1,C
AR,,E-8,CC(Cc1nsc(NC(=O)c2cc(-c3cccc(C#N)c3)oc2C(F)(F)F)n1)N1CCOCC1,D
AR,,E-9,COc1cccc(-c2cc(C(=O)Nc3nc(CC(C)N4CCCCC4)ns3)c(C(F)(F)F)o2)c1,D
AR,,E-10,CC(Cc1nsc(NC(=O)c2cc(-c3cccc(OC(F)(F)F)c3)oc2C(F)(F)F)n1)N1CCOCC1,B
AR,,E-11,CC(Cc1nsc(NC(=O)c2cc(-c3cccc(OC(F)F)c3)oc2C(F)(F)F)n1)N1CCN(C)CC1,B
AR,,E-12,CC(O)Cc1nsc(NC(=O)c2cc(-c3cccc(C(F)(F)F)c3)oc2C(F)(F)F)n1,C
AR,,E-17,CC(O)(Cc1nsc(NC(=O)c2cc(-c3cccc(C(F)(F)F)c3)oc2C(F)(F)F)n1)C(F)(F)F,B
AR,,E-22,CC(Cc1nsc(NC(=O)c2cc(-c3cccc(C(F)(F)F)c3)oc2C(F)(F)F)n1)=C(F)F,C
AR,,E-27,CC(F)(F)Cc1nsc(NC(=O)c2cc(-c3cccc(C(F)(F)F)c3)oc2C(F)(F)F)n1,B
AR,,E-32,O=C(Nc1nc(CCl)ns1)c1cc(-c2cccc(C(F)(F)F)c2)oc1C(F)(F)F,C
AR,,E-38,CN1CCN(Cc2nsc(NC(=O)c3cc(-c4cccc(C#N)c4)oc3C(F)(F)F)n2)CC1,C
AR,,E-39,COc1cccc(-c2cc(C(=O)Nc3nc(CN4CCOCC4)ns3)c(C(F)(F)F)o2)c1,C
AR,,E-40,O=C(Nc1nc(CN2CCCC2)ns1)c1cc(-c2cccc(OC(F)(F)F)c2)oc1C(F)(F)F,C
AR,,E-41,O=C(Nc1nc(CN2CCCCC2)ns1)c1cc(-c2cccc(OC(F)F)c2)oc1C(F)(F)F,B
AR,WO2011097496,2,CC1(O)CCCc2c1[nH]c1ccc(C#N)cc21,D
AR,,4,N#Cc1ccc2[nH]c3c(c2c1)CCCC3(O)C(F)(F)F,B
AR,,6,OC1(C(F)(F)C(F)(F)F)CCCc2c1[nH]c1cc(Cl)c(Cl)cc21,A
AR,,8,OC1(C(F)(F)F)CCCc2c1[nH]c1c(Cl)cc(Cl)cc21,A
AR,,9b,O[C@]1(C(F)(F)F)CCCc2c1[nH]c1cc(Cl)c(Cl)cc21,A
AR,,10,O[C@]1(C(F)(F)F)CCCc2c1[nH]c1c(Cl)cc(Cl)cc21,A
AR,,11,OC1(C(F)(F)F)CCCCc2c1[nH]c1c(Cl)cc(Cl)cc21,B
AR,,12,OC1(C(F)(F)F)c2[nH]c3cc(Cl)c(Cl)cc3c2CCC1F,B
AR,,13,OC1(C(F)(F)F)CCCc2c1[nH]c1c(Cl)ccc(Cl)c21,A
AR,,14,OC1(C(F)(F)F)CCCc2c1[nH]c1ccc(F)c(Cl)c21,B
AR,,15,OC1(C(F)(F)F)c2[nH]c3ccc(Cl)c(Cl)c3c2CCC1F,A
AR,,16,OC1(C(F)(F)F)CCCc2c1[nH]c1cc(Cl)c(F)cc21,A
AR,,17,OC1(C(F)(F)F)CCCc2c1[nH]c1c(Cl)cc(F)cc21,A
AR,,19,OC1(C(F)(F)F)c2[nH]c3cc(Cl)c(Cl)cc3c2CCC1(F)F,B
AR,,20,OC1(C(F)(F)F)c2[nH]c3c(Cl)cc(Cl)cc3c2CCC1(F)F,B
AR,,22,OC1(C(F)(F)F)CCc2c1[nH]c1c(Cl)cc(Cl)cc21,A
AR,,23,CC1CCc2c([nH]c3ccc(Cl)c(Cl)c23)C1(O)C(F)(F)F,B
AR,,24,OC1(C(F)(F)F)CCCc2c1[nH]c1cc(Cl)c(Cl)c(Cl)c21,B
AR,,25,OC1(C(F)(F)F)CCCc2c1[nH]c1c(Cl)c(Cl)ccc21,B
AR,,27,OC1(C(F)(F)F)CCc2c1[nH]c1cc(Cl)c(Cl)cc21,B
AR,,28,OC1(C(F)(F)F)CCCc2c1[nH]c1c(F)cc(Cl)cc21,A
AR,,29,OC1(C(F)(F)F)CCc2c1[nH]c1ccc(Cl)c(Cl)c21,B
AR,,30,N#Cc1cc(C(F)(F)F)c2[nH]c3c(c2c1)CCCC3(O)C(F)(F)F,B
AR,,31,Oc1cccc2c1[nH]c1ccc(Br)cc12,C
AR,,32,N#Cc1ccc2[nH]c3c(O)cccc3c2c1,C
AR,,33,Oc1cccc2c1[nH]c1ccc(Cl)c(Cl)c12,A
AR,,34,Oc1c(Br)ccc2c1[nH]c1cc(Cl)c(Cl)cc12,A
AR,WO2009105214,1,Cc1c(N[C@@H](c2nnc(-c3ccccc3)o2)[C@H](C)O)ccc(C#N)c1Cl,A
AR,,2,COc1ccc(-c2nnc([C@H](Nc3ccc(C#N)c(Cl)c3C)[C@H](C)O)o2)cc1,A
AR,,3,Cc1c(N[C@@H](c2nnc(-c3ccccc3)o2)[C@@H](C)O)ccc(C#N)c1Cl,A
AR,,4,Cc1c(N[C@@H](c2nnc(-c3ccc(Cl)cc3)o2)[C@H](C)O)ccc(C#N)c1Cl,A
AR,,5,Cc1c(N[C@@H](c2nnc(-c3ccc(F)cc3)o2)[C@H](C)O)ccc(C#N)c1Cl,A
AR,,6,COc1cccc(-c2nnc([C@H](Nc3ccc(C#N)c(Cl)c3C)[C@H](C)O)o2)c1,A
AR,,7,Cc1c(N[C@@H](c2nnc(-c3cccc(O)c3)o2)[C@H](C)O)ccc(C#N)c1Cl,A
AR,,8,Cc1c(N[C@@H](c2nnc(-c3ccc(O)cc3)o2)[C@H](C)O)ccc(C#N)c1Cl,A
AR,,9,Cc1c(N[C@@H](c2nnc(-c3cccc(O)c3)o2)[C@@H](C)O)ccc(C#N)c1Cl,A
AR,,10,Cc1c(N[C@@H](c2nnc(-c3ccc(O)cc3)o2)[C@@H](C)O)ccc(C#N)c1Cl,A
AR,,11,CCc1c(N[C@@H](c2nnc(-c3ccccc3)o2)[C@H](C)O)ccc(C#N)c1Cl,A
AR,,12,C[C@H](O)[C@@H](Nc1ccc(C#N)c(Cl)c1)c1nnc(-c2ccccc2)o1,B
AR,,13,C[C@H](O)[C@@H](Nc1ccc(C#N)c2ccccc12)c1nnc(-c2ccccc2)o1,A
AR,,14,Cc1c(N[C@@H](c2nnc(-c3ccccc3)o2)C(C)(C)O)ccc(C#N)c1Cl,A
AR,,15,Cc1c(N[C@@H](c2nnc(-c3ccc(Cl)cc3)o2)C(C)(C)O)ccc(C#N)c1Cl,A
AR,,16,C[C@H](O)[C@@H](Nc1ccc(C#N)c(C(F)(F)F)c1)c1nnc(-c2ccccc2)o1,A
AR,,17,Cc1c(N[C@H](CO)c2nnc(-c3ccccc3)o2)ccc(C#N)c1Cl,A
AR,,18,Cc1c(N[C@@H](c2nc(-c3ccccc3)no2)[C@@H](C)O)ccc(C#N)c1Cl,A
AR,,19,Cc1c(N[C@@H](c2nnc(-c3ccc(F)cc3)o2)[C@@H](C)O)ccc(C#N)c1Cl,A
AR,,20,Cc1c(N[C@@H](c2nnc(-c3ccc(Cl)cc3)o2)[C@@H](C)O)ccc(C#N)c1Cl,A
AR,,21,Cc1c(N[C@@H](c2nnc(-c3cccc(Cl)c3)o2)[C@H](C)O)ccc(C#N)c1Cl,A
AR,,22,Cc1c(N[C@@H](c2nnc(-c3ccc(C#N)cc3)o2)[C@H](C)O)ccc(C#N)c1Cl,A
AR,,23,Cc1c(N[C@@H](c2nnc(-c3ccc(C#N)cc3)o2)[C@@H](C)O)ccc(C#N)c1Cl,A
AR,,24,Cc1c(N[C@@H](c2nnc(-c3ccc(S(C)(=O)=O)cc3)o2)[C@H](C)O)ccc(C#N)c1Cl,B
AR,,25,Cc1c(N[C@@H](c2nnc(-c3ccc(S(C)(=O)=O)cc3)o2)[C@@H](C)O)ccc(C#N)c1Cl,B
AR,,26,Cc1c(N[C@@H](c2nnc(-c3ccccc3)s2)[C@@H](C)O)ccc(C#N)c1Cl,A
AR,,27,Cc1c(N[C@@H](c2nnc(-c3ccccc3)s2)[C@H](C)O)ccc(C#N)c1Cl,A
AR,,28,Cc1c(N[C@@H](c2nnc(-c3ccc(F)cc3)s2)[C@@H](C)O)ccc(C#N)c1Cl,A
AR,,29,Cc1c(N[C@@H](c2nnc(-c3ccc(O)c(F)c3)o2)[C@H](C)O)ccc(C#N)c1Cl,A
AR,,30,Cc1c(N[C@@H](c2nnc(-c3ccc(O)c(Cl)c3)o2)[C@@H](C)O)ccc(C#N)c1Cl,A
AR,,31,Cc1c(N[C@@H](c2nnc(-c3ccc(C#N)cc3)o2)[C@@H](C)O)ccc(C#N)c1C(F)(F)F,A
AR,,32,Cc1c(N[C@@H](c2nnc(-c3ccc(Cl)c(Cl)c3)o2)[C@@H](C)O)ccc(C#N)c1Cl,A
AR,,33,C[C@H](O)[C@@H](Nc1ccc(C#N)c(Cl)c1Cl)c1nnc(-c2ccccc2)o1,A
AR,,34,C[C@H](O)[C@@H](Nc1ccc(C#N)c(Cl)c1Cl)c1nnc(-c2ccc(Cl)cc2)o1,A
AR,,35,Cc1c(N[C@@H](c2nnc(-c3ccc(F)cc3F)o2)[C@@H](C)O)ccc(C#N)c1Cl,A
AR,,36,Cc1c(N[C@@H](c2ncc(-c3ccccc3)o2)[C@H](C)O)ccc(C#N)c1Cl,A
AR,,37,Cc1c(N[C@@H](c2nnc(-c3ccc(O)c(Cl)c3)o2)[C@H](C)O)ccc(C#N)c1Cl,A
AR,,38,Cc1c(NC(c2nnc(-c3ccccc3)o2)C(O)c2ccccc2)ccc(C#N)c1Cl,A
AR,,39,Cc1c(N[C@@H](c2nnc(-c3ccc(F)c(F)c3)o2)[C@@H](C)O)ccc(C#N)c1Cl,A
AR,,40,Cc1c(N[C@@H](c2nnc(-c3ccc(F)c(O)c3)o2)[C@H](C)O)ccc(C#N)c1Cl,A
AR,,41,Cc1c(NC(c2nnc(-c3ccc(F)c(O)c3)o2)[C@@H](C)O)ccc(C#N)c1Cl,A
AR,,42,Cc1c(N[C@@H](c2nnc(-c3ccc(C#N)cc3)o2)[C@H](C)O)ccc(C#N)c1C(F)(F)F,A
AR,,43,Cc1nnc(C(Nc2ccc(C#N)c(Cl)c2C)[C@H](C)O)o1,A
AR,,44,C[C@@H](O)[C@@H](Nc1ccc(C#N)c(C(F)(F)F)c1)c1nnc(-c2ccc(C#N)cc2)o1,A
AR,,45,C[C@H](O)[C@@H](Nc1ccc(C#N)c(C(F)(F)F)c1)c1nnc(-c2ccc(C#N)cc2)o1,B
AR,,46,C[C@@H](O)[C@@H](Nc1ccc(C#N)c(Cl)c1)c1nnc(-c2ccc(C#N)cc2)o1,A
AR,,47,CCc1c(N[C@@H](c2nnc(-c3ccc(C#N)cc3)o2)[C@H](C)O)ccc(C#N)c1Cl,A
AR,,49,Cc1c(N[C@@H](c2nnc(-c3ccc(CO)cc3)o2)[C@H](C)O)ccc(C#N)c1Cl,A
AR,,50,C[C@H](O)[C@@H](Nc1ccc(C#N)c(Cl)c1)c1nnc(-c2ccc(C#N)cc2)o1,A
AR,,51,C[C@@H](O)[C@@H](Nc1ccc(C#N)c2ccccc12)c1nnc(-c2ccc(C#N)cc2)o1,B
AR,,52,C[C@@H](O)[C@@H](Nc1ccc(C#N)c2ccccc12)c1nnc(-c2ccccc2)o1,A
AR,,53,Cc1c(N[C@@H](c2nnc(-c3ccc(-n4cccn4)cc3)o2)[C@H](C)O)ccc(C#N)c1Cl,A
AR,,54,CCc1c(N[C@@H](c2nnc(-c3ccc(C#N)cc3)o2)[C@@H](C)O)ccc(C#N)c1Cl,A
AR,,55,Cc1c(N[C@@H](c2nnc(-c3ccc(Cl)c(Cl)c3)o2)[C@H](C)O)ccc(C#N)c1Cl,A
AR,,56,Cc1c(N[C@@H](c2nnc(-c3ccc(Br)cc3)o2)[C@H](C)O)ccc(C#N)c1Cl,A
AR,,57,Cc1c(N[C@@H](c2nnc(-c3ccc(I)cc3)o2)[C@H](C)O)ccc(C#N)c1Cl,A
AR,,58,Cc1c(N[C@H](CO)c2nnc(-c3ccc(C#N)cc3)o2)ccc(C#N)c1Cl,A
AR,,60,C[C@H](O)[C@@H](Nc1ccc(C#N)c2sccc12)c1nnc(-c2ccc(C#N)cc2)o1,A
AR,,61,C[C@@H](O)[C@@H](Nc1ccc(C#N)c2sccc12)c1nnc(-c2ccc(C#N)cc2)o1,A
AR,,62,C[C@H](O)[C@@H](Nc1ccc(C#N)c2sccc12)c1nnc(-c2ccc(F)cc2)o1,A
AR,,63,C[C@H](O)[C@@H](Nc1ccc(C#N)c2sccc12)c1nnc(-c2ccccc2)o1,A
AR,,64,C[C@@H](O)[C@@H](Nc1ccc(C#N)c2sccc12)c1nnc(-c2ccc(F)cc2)o1,A
AR,,65,C[C@@H](O)[C@@H](Nc1ccc(C#N)c2sccc12)c1nnc(-c2ccccc2)o1,A
AR,,66,CCCC(=O)Oc1cc(-c2nnc([C@H](Nc3ccc(C#N)c(Cl)c3C)[C@@H](C)OC(=O)CCC)o2)ccc1F,B
AR,,67,CCCC(=O)Oc1ccc(-c2nnc([C@H](Nc3ccc(C#N)c(Cl)c3C)[C@H](C)OC(=O)CCC)o2)cc1Cl,B
AR,,68,Cc1c(N[C@@H](c2nnc(-c3ccc(C(F)(F)F)cc3)o2)[C@H](C)O)ccc(C#N)c1Cl,A
AR,,70,CC(=O)Nc1ccc(-c2nnc([C@H](Nc3ccc(C#N)c(Cl)c3C)[C@@H](C)O)o2)cc1,A
AR,,71,CCCC(=O)Nc1ccc(-c2nnc([C@H](Nc3ccc(C#N)c(Cl)c3C)[C@@H](C)O)o2)cc1,B
AR,,72,Cc1c(N[C@@H](c2nnc(-c3ccc(OS(=O)(=O)[O-])cc3)o2)C(C)O)ccc(C#N)c1Cl,B
AR,,77,Cc1c(N[C@@H](c2nnc(-c3ccc(NC(=O)c4ccccc4)cc3)o2)[C@H](C)O)ccc(C#N)c1Cl,C
AR,,78,CC(=O)Nc1ccc(-c2nnc([C@H](Nc3ccc(C#N)c(Cl)c3C)[C@H](C)O)o2)cc1,A
AR,,79,Cc1c(N[C@H](CCO)c2nnc(-c3ccc(C#N)cc3)o2)ccc(C#N)c1Cl,A
AR,,80,C=Cc1c(N[C@@H](c2nnc(-c3ccc(C#N)cc3)o2)[C@H](C)O)ccc(C#N)c1Cl,A
AR,,81,Cc1c(N[C@@H](c2nnc(-c3cccc(F)c3)o2)[C@H](C)O)ccc(C#N)c1Cl,A
AR,CN109310664,R-比卡鲁胺,C[C@](O)(CS(=O)(=O)c1ccc(F)cc1)C(=O)Nc1ccc(C#N)c(C(F)(F)F)c1,B
AR,,恩杂鲁胺,CNC(=O)c1ccc(N2C(=S)N(c3ccc(C#N)c(C(F)(F)F)c3)C(=O)C2(C)C)cc1F,B
AR,,17,CN(C[C@](C)(O)C(=O)Nc1ccc(C#N)c(C(F)(F)F)c1)c1ccc(C#N)c(-c2ccccc2)c1,A
AR,,100,C[C@](O)(Cn1ccc2cc(Br)ccc21)C(=O)Nc1ccc(C#N)c(C(F)(F)F)c1,B
AR,,11,C[C@](O)(Cn1ccc2cc(F)ccc21)C(=O)Nc1ccc(C#N)c(C(F)(F)F)c1,A
AR,,1002,C[C@](O)(Cn1cc(F)cn1)C(=O)Nc1ccc(C#N)c(C(F)(F)F)c1,B
AR,,1003,C[C@](O)(Cn1cc(-c2ccccc2)cn1)C(=O)Nc1ccc(C#N)c(C(F)(F)F)c1,C
AR,,1005,C[C@](O)(Cn1cncc1Br)C(=O)Nc1ccc(C#N)c(C(F)(F)F)c1,C
AR,,1007,C[C@](O)(Cn1cc(F)cn1)C(=O)Nc1ccc(C#N)c(Cl)c1,B
AR,,1008,C[C@](O)(Cn1ccnc1)C(=O)Nc1ccc(C#N)c(Cl)c1,C
AR,,1011,C[C@](O)(Cn1ccc(-c2ccccc2)n1)C(=O)Nc1ccc(C#N)c(C(F)(F)F)c1,C
AR,,1012,C[C@](O)(Cn1ccc(F)n1)C(=O)Nc1ccc(C#N)c(C(F)(F)F)c1,B
AR,,1013,C[C@](O)(Cn1cccn1)C(=O)Nc1ccc(C#N)c(C(F)(F)F)c1,C
AR,,1015,C[C@](O)(Cn1ccc(-c2ccc(F)cc2)n1)C(=O)Nc1ccc(C#N)c(C(F)(F)F)c1,C
AR,,1016,C[C@](O)(CN1CCOCC1)C(=O)Nc1ccc(C#N)c(C(F)(F)F)c1,C
AR,,1017,C[C@](O)(Cn1cc(C(F)(F)F)cn1)C(=O)Nc1ccc(C#N)c(C(F)(F)F)c1,B
AR,,1018,C[C@](O)(Cn1cncn1)C(=O)Nc1ccc(C#N)c(C(F)(F)F)c1,C
AR,,1019,C[C@](O)(Cn1cnc(C(F)(F)F)n1)C(=O)Nc1ccc(C#N)c(C(F)(F)F)c1,C
AR,,1020,C[C@@](O)(Cn1cc(F)cn1)C(=O)Nc1ccc(C#N)c(C(F)(F)F)c1,B
AR,,1022,C[C@](O)(Cn1cc(F)cn1)C(=O)Nc1cnc(C#N)c(C(F)(F)F)c1,A
AR,,1024,CC(Cn1cc(F)cn1)C(=O)Nc1ccc(C#N)c(C(F)(F)F)c1,B
AR,,1025,C[C@](O)(Cn1cc(-c2ccc(F)cc2)cn1)C(=O)Nc1ccc(C#N)c(C(F)(F)F)c1,B
AR,,1027,CC(C)(C)OC(=O)Nc1cnn(CC(C)(C)C(=O)Nc2ccc(C#N)c(C(F)(F)F)c2)c1,C
AR,,1029,N#Cc1ccc(NC(=O)CCn2cc(F)cn2)cc1C(F)(F)F,C
AR,,1030,CC(C)(C)OC(=O)Nc1cnn(C[C@](C)(O)C(=O)Nc2cnc(C#N)c(C(F)(F)F)c2)c1,D
AR,,1032,C[C@@](Cn1cc(N)cn1)(OC(=O)CCl)C(=O)Nc1ccc(C#N)c(C(F)(F)F)c1,B
AR,,1034,COC(=O)Nc1cnn(C[C@](C)(O)C(=O)Nc2ccc(C#N)c(C(F)(F)F)c2)c1,B
AR,,1035,CC(=O)c1cnn(C[C@](C)(O)C(=O)Nc2ccc(C#N)c(C(F)(F)F)c2)c1,B
AR,,1036,C[C@](O)(Cn1cc([N+](=O)[O-])cn1)C(=O)Nc1ccc(C#N)c(C(F)(F)F)c1,A
AR,,1037,C[C@](O)(CBr)C(=O)Nc1ccc(C#N)nc1,B
AR,,1038,C[C@](O)(CBr)C(=O)Nc1cnc(C#N)c(C(F)(F)F)c1,C
AR,,1039,C[C@](O)(CBr)C(=O)Nc1ccc2ncncc2c1,C
AR,,1041,C[C@](O)(Cn1cc(F)cn1)C(=O)Nc1ccnc(Cl)c1,C
AR,,1043,C[C@](O)(Cn1cc(C(F)(F)F)cn1)C(=O)Nc1cnc(C#N)c(C(F)(F)F)c1,A
AR,,1044,C[C@](O)(Cn1nncc1-c1ccc(F)cc1)C(=O)Nc1ccc(C#N)c(C(F)(F)F)c1,A
AR,,1045,C[C@](O)(Cn1cc(-c2ccc(F)cc2)nn1)C(=O)Nc1ccc(C#N)c(C(F)(F)F)c1,A
AR,WO2022204235,1,CCN1N=C(c2c[nH]c3c(C#N)cccc23)CCC1=O,B
AR,,2,CCn1nc(-c2c[nH]c3c(C#N)cccc23)ccc1=O,A
AR,,4,N#Cc1cccc2c(-c3ccc(=O)n(CC(F)F)n3)c[nH]c12,B
AR,,5,CCn1nc(-c2c[nH]c3c(C#N)cccc23)c(C)cc1=O,D
AR,,6,CCn1nc(-c2c[nH]c3c(C#N)cccc23)cc(OC)c1=O,D
AR,,7,CCn1cc(-c2c[nH]c3c(C#N)cccc23)cn1,D
AR,,8,CCn1ccc(-c2c[nH]c3c(C#N)cccc23)n1,A
AR,,9,N#Cc1cccc2c(-c3ccn(C4CC4)n3)c[nH]c12,B
AR,,11,CCn1nc(-c2c[nH]c3c(C#N)cccc23)cc1C,B
AR,,12,CCn1nc(C)cc1-c1c[nH]c2c(C#N)cccc12,A
AR,WO2023287704,3,CC(C)N(Cc1ccco1)C(=O)c1cc2cccc(C#N)c2[nH]1,D
AR,,5,CC(C)N(Cc1ccon1)C(=O)c1cc2ccc(F)cc2[nH]1,D
AR,,6,CC(C)N(Cc1cnco1)C(=O)c1cc2ccc(F)cc2[nH]1,D
AR,,8,CN(C(=O)c1cc2ccc(F)cc2[nH]1)c1ccccc1,D
AR,,9,CC(C)N(Cc1ccno1)C(=O)c1cc2ccc(F)cc2[nH]1,D
AR,,10,CC(C)N(Cc1cccnc1)C(=O)c1cc2ccc(F)cc2[nH]1,D
AR,,11,CC(C)N(Cc1ccncc1)C(=O)c1cc2ccc(F)cc2[nH]1,B
AR,,12,CC(C)N(C(=O)c1cc2ccc(F)cc2[nH]1)c1ccccc1,D
AR,,13,COCCN(C(=O)c1cc2ccc(F)cc2[nH]1)c1ccccc1,D
AR,,17,CN(C(=O)c1cc2ccc(F)cc2[nH]1)c1cccc(C#N)c1,D
AR,,19,CN(C(=O)c1cc2cccnc2[nH]1)c1ccccc1,B
AR,,20,CN(C(=O)c1cc2cccc(Cl)c2[nH]1)c1ccccc1,D
AR,,21,CN(C(=O)c1cc2cccc(C#N)c2[nH]1)C1CCCC1,B
AR,,24,CN(C(=O)c1nc2ccc(F)cc2[nH]1)c1ccccc1,D
AR,,25,CN(C(=O)c1cc2ccc(F)cc2o1)c1ccccc1,B
AR,,26,CN(C(=O)c1cc2cccc(C(F)(F)F)c2[nH]1)c1ccccc1,B
AR,,27,CN(C(=O)c1cc2cccc(C(F)(F)F)c2[nH]1)c1ccccn1,D
AR,,28,CN(C(=O)c1cc2cccc(C(F)(F)F)c2[nH]1)c1ccc(C#N)cc1,D
AR,,29,CN(C(=O)c1cc2cccc(Cl)c2[nH]1)c1ccccn1,D
AR,,30,CN(C)C(=O)c1cc2cccc(Cl)c2[nH]1,B
AR,,31,CN(C(=O)c1cc2cccc(Cl)c2[nH]1)C1CCCC1,B
AR,,32,CN(C(=O)c1cc2cccc(Cl)c2[nH]1)C1CCOC1,D
AR,,33,CN(CC1CC1)C(=O)c1cc2cccc(Cl)c2[nH]1,D
AR,,35,CN(C(=O)c1cc2cccc(C#N)c2o1)c1ccc(F)cc1,D
AR,,36,CN(C(=O)c1cc2cccc(Cl)c2o1)c1ccc(F)cc1,D
AR,,39,CN(C(=O)c1cc2ccc(F)cc2o1)c1ccccn1,D
AR,,51,COCCN(CC1CC1)C(=O)c1cc2cccc(Cl)c2[nH]1,D
AR,,55,COCCNC(=O)c1cc2ccc(F)cc2n1-c1ncccn1,B
AR,,56,COCCN(C(=O)c1cc2cccc(Cl)c2[nH]1)c1ccc(C#N)cc1,B
AR,,58,N#Cc1ccc(N(CC2CC2)C(=O)c2cc3cccc(Cl)c3[nH]2)cc1,B
AR,,59,COCCN(C(=O)c1cc2ccc(F)cc2[nH]1)c1ccn(C)n1,B
AR,,61,C[C@H]1OCC[C@@H]1NC(=O)c1cc2cccc(Cl)c2[nH]1,B
AR,,62,C[C@@H]1OCC[C@@H]1NC(=O)c1cc2cccc(Cl)c2[nH]1,D
AR,,64,C[C@@H]1COC[C@H]1NC(=O)c1cc2cccc(Cl)c2[nH]1,D
AR,,65,CC[C@H]1COC[C@H]1NC(=O)c1cc2cccc(Cl)c2[nH]1,D
AR,,66,CC(C)N(Cc1cnco1)C(=O)c1cc2cccc(C#N)c2[nH]1,D
AR,,67,CC(C)N(Cc1cnco1)C(=O)c1cc2cccc(Cl)c2[nH]1,B
AR,,68,N#Cc1ccc(NC(=O)c2cc3cccc(Cl)c3[nH]2)cc1,D
AR,,70,CN(CC1CCCC1)C(=O)c1cc2cccc(Cl)c2[nH]1,D
AR,,74,CN(C(=O)c1cc2cccc(Cl)c2[nH]1)C1CCOC(C)(C)C1,D
AR,,76,COCCN(C(=O)c1cc2cccc(Cl)c2[nH]1)c1ccc(C#N)c(C)c1,D
AR,,78,COCCN(C(=O)c1cc2cccc(Cl)c2[nH]1)c1ccc(C#N)c(F)c1,D
AR,,79,COCCN(C(=O)c1cc2cccc(Cl)c2[nH]1)c1ccc(C#N)cc1F,D
AR,,80,CC1OCCC1N(C)C(=O)c1cc2cccc(Cl)c2[nH]1,D
AR,,81,CN(C(=O)c1cc2cccc(Cl)c2[nH]1)C1CCCCC1,D
AR,,82,CN(C(=O)c1cc2cccc(Cl)c2[nH]1)C12CC(C1)C2,B
AR,,83,N#Cc1ccc(N(C(=O)c2cc3cccc(Cl)c3[nH]2)C2CCOC2)cc1,A
AR,,84,N#Cc1cccc2cc(C(=O)N(c3ccc(F)cc3)C3CCOC3)[nH]c12,B
AR,,85,O=C(c1cc2ccc(F)cc2[nH]1)N(c1ccc(F)cc1)C1CCOC1,A
AR,,86,CN(C(=O)c1cc2cccc(Cl)c2[nH]1)C12CC(C#N)(C1)C2,D
AR,,88,C[Si](C)(C)CCOCn1c(C(=O)NC23CC(O)(C2)C3)cc2cccc(Cl)c21,D
AR,,89,O=C(NC12CC(C1)C2)c1cc2cccc(Cl)c2[nH]1,B
AR,,90,COCCN(C(=O)c1cc2cccc(Cl)c2[nH]1)C12CC(C1)C2,D
AR,,92,CN(C(=O)c1cc2ccc(F)cc2[nH]1)C1CC(F)(F)C1,B
AR,,93,CN(C(=O)c1cc2ccc(F)cc2[nH]1)C12CC(C1)C2,B
AR,,94,CN(C(=O)c1cc2cccc(C#N)c2[nH]1)C12CC(C1)C2,D
AR,,95,CN(C(=O)c1cc2ccnc(Cl)c2[nH]1)C12CC(C1)C2,B
AR,,96,COc1nccc2cc(C(=O)N(C)C34CC(C3)C4)[nH]c12,D
AR,,98,CN(C(=O)c1cc2ccnc(Cl)c2[nH]1)C12CC(F)(C1)C2,B
AR,,99,O=C(NC12CC(F)(C1)C2)c1cc2ccnc(Cl)c2[nH]1,D
AR,,100,O=C(NC1CC(F)(F)C1)c1cc2ccnc(Cl)c2[nH]1,B
AR,,101,CN(C(=O)c1cc2ccnc(Cl)c2[nH]1)C1CC(F)(F)C1,D
AR,,102,Cc1c(C(=O)NC23CC(C2)C3)[nH]c2c(Cl)cccc12,B
AR,,105,O=C(NC12CC(C1)C2)c1[nH]c2c(Cl)cccc2c1C1CC1,D
AR,,106,O=C(NC12CC(C1)C2)c1[nH]c2c(Cl)cccc2c1Cl,D
AR,,108,O=C(NC12CC(C1)C2)c1[nH]c2c(Cl)cccc2c1-c1ccccc1,D
AR,,109,Cc1c(C(=O)NC23CC(F)(C2)C3)[nH]c2c(Cl)cccc12,B
AR,,110,Cn1c(C(=O)NC23CC(F)(C2)C3)cc2ccnc(Cl)c21,B
AR,,111,CCn1c(C(=O)NC23CC(F)(C2)C3)cc2ccnc(Cl)c21,A
AR,,113,O=C(NC12CC(F)(C1)C2)c1cc2ccnc(Cl)c2n1CC1CC1,B
AR,,114,Cn1c(C(=O)NC23CC(F)(C2)C3)cc2cccc(Cl)c21,A
AR,,117,CCN(C(=O)c1cc2ccnc(Cl)c2[nH]1)C12CC(F)(C1)C2,B
AR,,118,COc1nccc2cc(C(=O)NC34CC(F)(C3)C4)n(C)c12,D
AR,,120,Cn1c(C(=O)NC23CC(F)(C2)C3)cc2ccnc(C3CC3)c21,D
AR,,125,CN(C)c1nccc2cc(C(=O)NC34CC(F)(C3)C4)n(C)c12,D
AR,,128,COc1nccc2cc(C(=O)N(C)C34CC(F)(C3)C4)[nH]c12,A
AR,,128,CN(C(=O)c1cc2ccnc(Cl)c2n1C)C12CC(F)(C1)C2,B
AR,,130,Cc1nccc2cc(C(=O)NC34CC(F)(C3)C4)n(C)c12,D
AR,,131,Cn1c(C(=O)NC23CC(F)(C2)C3)cc2ccnc(C#N)c21,B
AR,,132,Cc1nccc2cc(C(=O)N(C)C34CC(F)(C3)C4)n(C)c12,D
AR,,133,CN(C(=O)c1cc2ccnc(C#N)c2n1C)C12CC(F)(C1)C2,B
AR,,134,CC(C)N(C)C(=O)c1cc2ccnc(Cl)c2n1C,B
AR,,138,O=C(NC12CC(F)(C1)C2)c1cc2ccnc(Cl)c2n1CCO,D
AR,,139,COCCn1c(C(=O)NC23CC(F)(C2)C3)cc2ccnc(Cl)c21,D
AR,,140,Cn1c(C(=O)NC23CC(F)(C2)C3)c(F)c2ccnc(Cl)c21,B
AR,,142,Cn1c(C(=O)NC23CC(C)(C2)C3)cc2ccnc(Cl)c21,D
AR,,143,Cn1c(C(=O)NC2CCC2)cc2ccnc(Cl)c21,B
AR,,146,Cn1c(C(=O)NC2CCOC2)cc2ccnc(Cl)c21,B
AR,,147,Cn1c(C(=O)NC2(C)CCC2)cc2ccnc(Cl)c21,B
AR,,148,Cn1c(C(=O)NC(C)(C)C)cc2ccnc(Cl)c21,B
AR,,149,Cn1c(C(=O)NC2CC3(CC3)C2)cc2ccnc(Cl)c21,D
AR,,150,Cn1c(C(=O)NC2CC3(CCC3)C2)cc2ccnc(Cl)c21,D
AR,,151,CCn1c(C(=O)N(C)C23CC(F)(C2)C3)cc2ccnc(C#N)c21,B
AR,,152,Cc1nccc2cc(C(=O)NC34CCC(C3)C4)n(C)c12,D
AR,,153,CCn1c(C(=O)N(C)C23CC(F)(C2)C3)cc2ccnc(Cl)c21,A
AR,,154,Cn1c(C(=O)NC23CC(F)(C2)C3)cc2ccnc(C(F)(F)F)c21,D
AR,,155,Cn1c(C(=O)NC23CC(C2)C3)cc2ccc(C#N)cc21,D
AR,,156,Cn1c(C(=O)NC23CC(C2)C3)cc2ccncc21,B
AR,,157,Cn1c(C(=O)NC23CC(C2)C3)cc2ccc(F)cc21,D
AR,,158,O=C(NC12CC(F)(C1)C2)c1cc2c(Cl)nccc2s1,B
AR,,159,COCCN(C(=O)c1cc2ccc(F)cc2[nH]1)c1ccc(C#N)cn1,D
AR,,160,COCCN(C(=O)c1cc2ccc(F)cc2[nH]1)c1ccc(Cl)cn1,D
AR,,161,COCCN(C(=O)c1cc2ccc(F)cc2[nH]1)c1ncccn1,D
AR,WO2006138347,2,Cc1[nH]c2ccc3[nH]c(=O)cc(Cl)c3c2c1C,A
AR,,3,CCc1[nH]c2ccc3[nH]c(=O)cc(Cl)c3c2c1C,A
AR,,5,Cc1c(C(F)(F)F)[nH]c2ccc3[nH]c(=O)cc(Cl)c3c12,A
AR,,7,Cc1c(-c2ccccc2)[nH]c2ccc3[nH]c(=O)cc(Cl)c3c12,A
AR,,13,Cc1c(-c2ccc(F)cc2)[nH]c2ccc3[nH]c(=O)cc(Cl)c3c12,A
AR,,14,Cc1c(-c2ccc(F)cc2F)[nH]c2ccc3[nH]c(=O)cc(Cl)c3c12,A
AR,,15,Cc1c(-c2ccc(Cl)cc2)[nH]c2ccc3[nH]c(=O)cc(Cl)c3c12,A
AR,,16,Cc1c(-c2ccccc2F)[nH]c2ccc3[nH]c(=O)cc(Cl)c3c12,A
AR,,19,Cc1[nH]c2ccc3[nH]c(=O)cc(Cl)c3c2c1CC(=O)O,A
AR,,20,CCc1c(-c2cccs2)[nH]c2ccc3[nH]c(=O)cc(Cl)c3c12,A
AR,,23,O=c1cc(Cl)c2c3c(ccc2[nH]1)N(CC(F)(F)F)C1CCCC31,A
AR,,24,CC1c2c(ccc3[nH]c(=O)cc(Cl)c23)N(CC(F)(F)F)C1C,A
AR,,27,CC1c2c(ccc3[nH]c(=O)cc(Cl)c23)N(CC(F)(F)F)C1c1ccccc1,A
AR,,29,CC1CN(CC(F)(F)F)c2ccc3[nH]c(=O)cc(Cl)c3c21,A
AR,,30,O=c1cc(Cl)c2c3c(ccc2[nH]1)N(CC(F)(F)F)C1CCCCC31,A
AR,,31,CCN1CC(C)c2c1ccc1[nH]c(=O)cc(Cl)c21,A
AR,,32,CCN1c2ccc3[nH]c(=O)cc(Cl)c3c2C(C)C1C,A
AR,,34,CCCN1c2ccc3[nH]c(=O)cc(Cl)c3c2C(C)C1C,A
AR,,35,CC1c2c(ccc3[nH]c(=O)cc(Cl)c23)N(CC(F)(F)Cl)C1C,A
AR,,38,CC1c2c(ccc3[nH]c(=O)cc(Cl)c23)N(CC(C)(C)C)C1C,A
AR,,39,CC1c2c(ccc3[nH]c(=O)cc(Cl)c23)N(CCc2cccs2)C1C,A
AR,,40,CC1c2c(ccc3[nH]c(=O)cc(Cl)c23)N(CC(F)F)C1C,A
AR,,41,CC1c2c(ccc3[nH]c(=O)cc(Cl)c23)N(Cc2ccccc2)C1C,A
AR,,42,CC1c2c(ccc3[nH]c(=O)cc(Cl)c23)N(CCC(F)(F)F)C1C,A
AR,,45,COc1ccc(C2C(C)c3c(ccc4[nH]c(=O)cc(Cl)c34)N2CC(F)(F)F)cc1,A
AR,,46,CC1c2c(ccc3[nH]c(=O)cc(Cl)c23)N(CC(F)(F)F)C1c1ccc(F)cc1,A
AR,,48,CC1c2c(cc(F)c3[nH]c(=O)cc(Cl)c23)N(CC(F)(F)F)C1C,A
AR,,53,CC1c2c(ccc3[nH]c(=O)cc(Cl)c23)N(CC(F)(F)F)C1c1ccccc1F,A
AR,,54,CC1c2c(ccc3[nH]c(=O)cc(Cl)c23)N(CC(F)(F)F)C1c1ccc(Cl)c(Cl)c1,A
AR,,55,CC1c2c(ccc3[nH]c(=O)cc(Cl)c23)N(CC(F)(F)F)C1c1cc(C(F)(F)F)cc(C(F)(F)F)c1,A
AR,,58,CC1c2c(ccc3[nH]c(=O)cc(Cl)c23)N(CC(F)(F)F)C1c1cccs1,A
AR,,59,O=c1cc(Cl)c2c3c(ccc2[nH]1)N(CC(F)(F)F)[C@@H]1CCC[C@H]31,A
AR,,61,CCC1c2c(ccc3[nH]c(=O)cc(Cl)c23)N(CC(F)(F)F)C1c1cccs1,A
AR,,62,CCCC1c2c(ccc3[nH]c(=O)cc(Cl)c23)N(CC(F)(F)F)C1C,A
AR,,64,CC1c2c(ccc3[nH]c(=O)cc(Cl)c23)N(CC(F)(F)C(F)(F)F)C1C,A
AR,,66,CC1c2c(ccc3[nH]c(=O)cc(Cl)c23)N(CCC(F)(F)F)C1c1ccccc1,A
AR,,67,CCC1C(C)c2c(ccc3[nH]c(=O)cc(Cl)c23)N1CCC(F)(F)F,A
AR,,70,CC1c2c(ccc3[nH]c(=O)cc(C(F)(F)F)c23)N(CC(F)(F)C(F)(F)F)C1C,A
AR,,71,CC1c2c(ccc3[nH]c(=O)cc(C(F)(F)F)c23)N(CCC(F)(F)F)C1C,A
AR,,72,CC1c2c(ccc3[nH]c(=O)cc(C(F)(F)F)c23)N(CC(F)(F)Cl)C1C,A
AR,,73,CCC1C(C)c2c(ccc3[nH]c(=O)cc(Cl)c23)N1CC(F)(F)Cl,A
AR,,74,CCC1C(C)c2c(ccc3[nH]c(=O)cc(Cl)c23)N1CC(F)(F)C(F)(F)F,A
AR,,75,CCC1C(C)c2c(ccc3[nH]c(=O)cc(C(F)(F)F)c23)N1CC(F)(F)Cl,A
AR,,76,CCC1C(C)c2c(ccc3[nH]c(=O)cc(C(F)(F)F)c23)N1CC(F)(F)C(F)(F)F,A
AR,,77,CCC1C(C)c2c(ccc3[nH]c(=O)cc(C(F)(F)F)c23)N1CCC(F)(F)F,A
AR,,78,CCC1C(C)c2c(ccc3[nH]c(=O)cc(C(F)(F)F)c23)N1CCCC(F)(F)F,A
AR,,79,CC1c2c(ccc3[nH]c(=O)cc(C(F)(F)F)c23)N(CCCC(F)(F)F)C1C,A
AR,,80,CCc1c(C)c2c3c(Cl)cc(=O)[nH]c3ccc2n1CC(F)(F)F,A
AR,,81,Cc1c(C)n(CC(F)(F)F)c2ccc3[nH]c(=O)cc(Cl)c3c12,A
AR,,82,CCc1c(C)n(CC(F)(F)F)c2ccc3[nH]c(=O)cc(Cl)c3c12,A
AR,,83,Cc1cc2c3c(Cl)cc(=O)[nH]c3ccc2n1CC(F)(F)F,A
AR,,84,Cc1c(-c2ccccc2)n(CC(F)(F)F)c2ccc3[nH]c(=O)cc(Cl)c3c12,A
AR,,85,Cc1c(C=O)c2c3c(Cl)cc(=O)[nH]c3ccc2n1Cc1ccccc1,A
AR,,88,Cc1c(C)n(CC(F)F)c2ccc3[nH]c(=O)cc(Cl)c3c12,A
AR,,90,CCn1cc(C)c2c3c(Cl)cc(=O)[nH]c3ccc21,A
AR,,91,Cc1c(-c2ccc(F)cc2)n(CC(F)(F)F)c2ccc3[nH]c(=O)cc(Cl)c3c12,A
AR,,92,Cc1c(C)n(CC(F)(F)F)c2cc(F)c3[nH]c(=O)cc(Cl)c3c12,A
AR,,93,CCn1c(C)c(C)c2c3c(Cl)cc(=O)[nH]c3ccc21,A
AR,,94,COc1ccc(-c2c(C)c3c4c(Cl)cc(=O)[nH]c4ccc3n2CC(F)(F)F)cc1,A
AR,,96,Cc1c(-c2ccccc2F)n(CC(F)(F)F)c2ccc3[nH]c(=O)cc(Cl)c3c12,A
AR,,97,Cc1c(-c2ccc(F)cc2F)n(CC(F)(F)F)c2ccc3[nH]c(=O)cc(Cl)c3c12,A
AR,,100,CCc1c(-c2ccccc2)n(CC(F)(F)F)c2ccc3[nH]c(=O)cc(Cl)c3c12,A
AR,,101,Cc1ccc(-c2c(C)c3c4c(Cl)cc(=O)[nH]c4ccc3n2CC(F)(F)F)cc1,A
AR,,102,Cc1c(-c2cccc([N+](=O)[O-])c2)n(CC(F)(F)F)c2ccc3[nH]c(=O)cc(Cl)c3c12,A
AR,,104,Cc1c(-c2cccs2)n(CC(F)(F)F)c2ccc3[nH]c(=O)cc(Cl)c3c12,A
AR,,105,Cc1c(C)n(C)c2ccc3[nH]c(=O)cc(Cl)c3c12,A
AR,,106,CCc1c(-c2cccs2)n(CC(F)(F)F)c2ccc3[nH]c(=O)cc(Cl)c3c12,A
AR,,107,CCCc1c(C)n(CC(F)(F)F)c2ccc3[nH]c(=O)cc(Cl)c3c12,A
AR,,108,Cc1cn(CC(F)(F)F)c2ccc3[nH]c(=O)cc(Cl)c3c12,A
AR,,109,Cc1c(C)n(CC(F)(F)Cl)c2ccc3[nH]c(=O)cc(Cl)c3c12,A
AR,,110,Cc1c(C)n(CCC(F)(F)F)c2ccc3[nH]c(=O)cc(Cl)c3c12,A
AR,,112,Cc1c(C)n(CC(F)(F)C(F)(F)F)c2ccc3[nH]c(=O)cc(Cl)c3c12,A
AR,,113,CCc1c(C)c2c3c(Cl)cc(=O)[nH]c3ccc2n1CCC(F)(F)F,A
AR,,114,Cc1c(-c2ccccc2)n(CCC(F)(F)F)c2ccc3[nH]c(=O)cc(Cl)c3c12,A
AR,,115,Cc1c(-c2ccccc2)n(CC(F)(F)C(F)(F)F)c2ccc3[nH]c(=O)cc(Cl)c3c12,A
AR,,116,Cc1c(C)n(CC(F)(F)C(F)(F)F)c2ccc3[nH]c(=O)cc(C(F)(F)F)c3c12,A
AR,,117,Cc1c(C)n(CC(F)(F)Cl)c2ccc3[nH]c(=O)cc(C(F)(F)F)c3c12,A
AR,,118,Cc1c(C)n(CCC(F)(F)F)c2ccc3[nH]c(=O)cc(C(F)(F)F)c3c12,A
AR,,119,CCc1c(C)c2c3c(Cl)cc(=O)[nH]c3ccc2n1CC(F)(F)Cl,A
AR,,120,CCc1c(C)c2c3c(Cl)cc(=O)[nH]c3ccc2n1CC(F)(F)C(F)(F)F,A
AR,,121,CCc1c(C)c2c3c(C(F)(F)F)cc(=O)[nH]c3ccc2n1CC(F)(F)Cl,A
AR,,122,CCc1c(C)c2c3c(C(F)(F)F)cc(=O)[nH]c3ccc2n1CC(F)(F)C(F)(F)F,A
AR,,123,CCc1c(C)c2c3c(C(F)(F)F)cc(=O)[nH]c3ccc2n1CCC(F)(F)F,A
AR,,124,Cc1c(C)n(CCCC(F)(F)F)c2ccc3[nH]c(=O)cc(C(F)(F)F)c3c12,A
AR,,125,CCc1c(C)c2c3c(C(F)(F)F)cc(=O)[nH]c3ccc2n1CCCC(F)(F)F,A
AR,,126,Cc1c(C(F)(F)F)n(CC(F)(F)F)c2ccc3[nH]c(=O)cc(Cl)c3c12,A
AR,,128,Cc1c(C)n(CC(O)C(F)(F)F)c2ccc3[nH]c(=O)cc(Cl)c3c12,A
AR,,129,CCc1c(C)c2c3c(Cl)cc(=O)[nH]c3ccc2n1CC(O)C(F)(F)F,A
AR,,130,Cc1c(C(F)(F)F)n(CC(O)C(F)(F)F)c2ccc3[nH]c(=O)cc(Cl)c3c12,A
AR,,131,Cc1c(C(F)(F)F)n(CC(F)(F)F)c2ccc3[nH]c(=O)cc(C(F)(F)F)c3c12,A
AR,,133,C=CCn1c(C)c(C)c2c3c(C(F)(F)F)cc(=O)[nH]c3ccc21,A
AR,,134,C=C(C)Cn1c(C)c(C)c2c3c(C(F)(F)F)cc(=O)[nH]c3ccc21,A
AR,,135,CC(C)=Cn1c(C)c(C)c2c3c(C(F)(F)F)cc(=O)[nH]c3ccc21,A
AR,,138,CC(=O)OCCn1c(C)c(C)c2c3c(C(F)(F)F)cc(=O)[nH]c3ccc21,A
AR,,139,C#CCn1c(C)c(C)c2c3c(C(F)(F)F)cc(=O)[nH]c3ccc21,A
AR,,140,Cc1c(C)n(CC(O)C(F)(F)F)c2ccc3[nH]c(=O)cc(C(F)(F)F)c3c12,A
AR,,143,O=c1cc(C(F)(F)F)c2c(ccc3c2c2c(n3CC(O)C(F)(F)F)CCC2)[nH]1,A
AR,,144,CCc1c(C)c2c3c(C(F)(F)F)cc(=O)[nH]c3ccc2n1CC(O)C(F)(F)F,A
AR,,145,Cc1c(C)n(CCCF)c2ccc3[nH]c(=O)cc(C(F)(F)F)c3c12,A
AR,,146,Cc1c(C)n(CCCO)c2ccc3[nH]c(=O)cc(C(F)(F)F)c3c12,A
AR,,147,CC(=O)OCCCn1c(C)c(C)c2c3c(C(F)(F)F)cc(=O)[nH]c3ccc21,A
AR,,148,Cc1c(-c2cccc(F)c2)n(CC(F)(F)F)c2ccc3[nH]c(=O)cc(Cl)c3c12,A
AR,,149,Cc1c(-c2nccs2)n(CC(F)(F)F)c2ccc3[nH]c(=O)cc(Cl)c3c12,A
AR,,152,Cc1c(C(F)(F)C(F)(F)F)n(CC(F)(F)F)c2ccc3[nH]c(=O)cc(Cl)c3c12,A
AR,,153,Cc1ccc(-c2c(C)c3c4c(Cl)cc(=O)[nH]c4ccc3n2CC(F)(F)F)o1,A
AR,,154,Cc1c(-c2ncco2)n(CC(F)(F)F)c2ccc3[nH]c(=O)cc(Cl)c3c12,A
AR,,155,Cc1ccc(-c2c(C)c3c4c(Cl)cc(=O)[nH]c4ccc3n2CC(F)(F)F)s1,A
AR,,158,Cc1c(-c2ccco2)n(CC(F)(F)C(F)(F)F)c2ccc3[nH]c(=O)cc(Cl)c3c12,A
AR,,159,Cc1c(-c2nccs2)n(CC(F)(F)C(F)(F)F)c2ccc3[nH]c(=O)cc(Cl)c3c12,A
AR,,160,Cc1c(-c2ccncc2)n(CC(F)(F)C(F)(F)F)c2ccc3[nH]c(=O)cc(Cl)c3c12,A
AR,,161,Cc1c(-c2cccnc2)n(CC(F)(F)C(F)(F)F)c2ccc3[nH]c(=O)cc(Cl)c3c12,A
AR,,162,Cc1c(-c2ccccn2)n(CC(F)(F)C(F)(F)F)c2ccc3[nH]c(=O)cc(Cl)c3c12,A
AR,,163,Cc1c(-c2ncco2)n(CC(F)(F)C(F)(F)F)c2ccc3[nH]c(=O)cc(Cl)c3c12,A
AR,,164,Cc1ccc(-c2c(C)c3c4c(Cl)cc(=O)[nH]c4ccc3n2CC(F)(F)C(F)(F)F)o1,A
AR,,165,Cc1ccc(-c2c(C)c3c4c(Cl)cc(=O)[nH]c4ccc3n2CC(F)(F)C(F)(F)F)s1,A
AR,,168,Cc1c(-c2ccccc2)n(C[C@H](O)C(F)(F)F)c2ccc3[nH]c(=O)cc(Cl)c3c12,A
AR,,169,Cc1c(-c2cccs2)n(C[C@H](O)C(F)(F)F)c2ccc3[nH]c(=O)cc(Cl)c3c12,A
AR,,172,Cc1c(-c2ccccn2)n(C[C@H](O)C(F)(F)F)c2ccc3[nH]c(=O)cc(Cl)c3c12,A
AR,,174,Cc1c(-c2ccco2)n(C[C@H](O)C(F)(F)F)c2ccc3[nH]c(=O)cc(Cl)c3c12,A
AR,,175,Cc1c(C)n(C[C@@H](O)C(F)(F)F)c2ccc3[nH]c(=O)cc(Cl)c3c12,A
AR,,176,Cc1c(C)n(CC(O)C(F)(F)F)c2ccc3[nH]c(=O)cc(Cl)c3c12,A
AR,,178,CCc1c(C)c2c3c(Cl)cc(=O)[nH]c3ccc2n1C[C@@H](O)C(F)(F)F,A
AR,,179,Cc1c(-c2cccs2)n(C[C@@H](O)C(F)(F)F)c2ccc3[nH]c(=O)cc(Cl)c3c12,A
AR,,180,Cc1c(-c2ccncc2)n(C[C@@H](O)C(F)(F)F)c2ccc3[nH]c(=O)cc(Cl)c3c12,A
AR,,181,Cc1ccc(-c2c(C)c3c4c(Cl)cc(=O)[nH]c4ccc3n2C[C@@H](O)C(F)(F)F)o1,A
AR,,182,Cc1ccc(-c2c(C)c3c4c(Cl)cc(=O)[nH]c4ccc3n2C[C@@H](O)C(F)(F)F)s1,A
AR,,183,CCc1c(C)c2c3c(C(F)(F)F)cc(=O)[nH]c3ccc2n1CCCO,A
AR,,185,Cc1c(C)n(CCCBr)c2ccc3[nH]c(=O)cc(C(F)(F)F)c3c12,A
AR,,191,Cc1c(C)n(CC(O)CCl)c2ccc3[nH]c(=O)cc(C(F)(F)F)c3c12,A
AR,WO2020051260,R-Bicalutamide,C[C@](O)(CS(=O)(=O)c1ccc(F)cc1)C(=O)Nc1ccc(C#N)c(C(F)(F)F)c1,B
AR,,Enzalutamide,CNC(=O)c1ccc(N2C(=S)N(c3ccc(C#N)c(C(F)(F)F)c3)C(=O)C2(C)C)cc1F,B
AR,,27,C[C@](O)(Cn1ccc2ccccc21)C(=O)Nc1ccc(C#N)c(C(F)(F)F)c1,A
AR,,22,C[C@](O)(Cn1ccc2c(F)cccc21)C(=O)Nc1ccc(C#N)c(C(F)(F)F)c1,B
AR,,11,C[C@](O)(Cn1ccc2cc(F)ccc21)C(=O)Nc1ccc(C#N)c(C(F)(F)F)c1,A
AR,,11R,C[C@@](O)(Cn1ccc2cc(F)ccc21)C(=O)Nc1ccc(C#N)c(C(F)(F)F)c1,B
AR,,23,C[C@](O)(Cn1ccc2ccc(F)cc21)C(=O)Nc1ccc(C#N)c(C(F)(F)F)c1,A
AR,,12,C[C@](O)(Cn1ccc2c([N+](=O)[O-])cccc21)C(=O)Nc1ccc(C#N)c(C(F)(F)F)c1,B
AR,,20,C[C@](O)(Cn1ccc2cc([N+](=O)[O-])ccc21)C(=O)Nc1ccc(C#N)c(C(F)(F)F)c1,A
AR,,32,C[C@](O)(Cn1ccc2ccc([N+](=O)[O-])cc21)C(=O)Nc1ccc(C#N)c(C(F)(F)F)c1,A
AR,,24,C[C@](O)(Cn1ccc2cc(Br)ccc21)C(=O)Nc1ccc(C#N)c(C(F)(F)F)c1,B
AR,,21,C[C@](O)(Cn1ccc2cc(I)ccc21)C(=O)Nc1ccc(C#N)c(C(F)(F)F)c1,B
AR,,18,C[C@](O)(Cn1ccc2cc(C(F)(F)F)ccc21)C(=O)Nc1ccc(C#N)c(C(F)(F)F)c1,B
AR,,16,COc1ccc2c(ccn2C[C@](C)(O)C(=O)Nc2ccc(C#N)c(C(F)(F)F)c2)c1,C
AR,,17,C[C@](O)(Cn1ccc2cc(Cl)ccc21)C(=O)Nc1ccc(C#N)c(C(F)(F)F)c1,B
AR,,14,C[C@](O)(Cn1ccc2cc(C#N)ccc21)C(=O)Nc1ccc(C#N)c(C(F)(F)F)c1,A
AR,,30,CCOC(=O)c1cn(C[C@](C)(O)C(=O)Nc2ccc(C#N)c(C(F)(F)F)c2)c2ccccc12,B
AR,,31,Cc1cn(C[C@](C)(O)C(=O)Nc2ccc(C#N)c(C(F)(F)F)c2)c2ccc(F)cc12,B
AR,,70,C[C@](O)(Cn1cnc2cc(F)ccc21)C(=O)Nc1ccc(C#N)c(C(F)(F)F)c1,B
AR,,72,C[C@](O)(CO[C@@](C)(Cn1cnc2cc(F)ccc21)C(=O)Nc1ccc(C#N)c(C(F)(F)F)c1)C(=O)Nc1ccc(C#N)c(C(F)(F)F)c1,C
AR,,73,C[C@](O)(Cn1cnc2cc(F)c(F)cc21)C(=O)Nc1ccc(C#N)c(C(F)(F)F)c1,B
AR,,74,C[C@](O)(Cc1nc2cc(F)c(F)cc2[nH]1)C(=O)Nc1ccc(C#N)c(C(F)(F)F)c1,B
AR,,75,C[C@](O)(Cn1cnc2cccc(F)c21)C(=O)Nc1ccc(C#N)c(C(F)(F)F)c1,B
AR,,76,C[C@](O)(Cn1cnc2c(F)cccc21)C(=O)Nc1ccc(C#N)c(C(F)(F)F)c1,C
AR,,78,C[C@](O)(Cn1cnc2cccc(C(F)(F)F)c21)C(=O)Nc1ccc(C#N)c(C(F)(F)F)c1,C
AR,,79,C[C@](O)(Cn1cnc2c(F)cccc21)C(=O)Nc1ccc(C#N)c(Cl)c1,C
AR,,80,C[C@](O)(Cn1ccc2nc(C#N)ccc21)C(=O)Nc1ccc(C#N)c(C(F)(F)F)c1,B
AR,,33,C[C@](O)(Cn1ccc2cc(F)c(-c3ccccc3)cc21)C(=O)Nc1ccc(C#N)c(C(F)(F)F)c1,B
AR,,34,C[C@](O)(Cn1ccc2cc(F)c(-c3ccccc3)cc21)C(=O)Nc1ccc(C#N)c(Cl)c1,B
AR,,35,C[C@](O)(Cn1ccc2ccc(F)cc21)C(=O)Nc1ccc(C#N)c(Cl)c1,A
AR,,36,C[C@](O)(Cn1ccc2c(F)cccc21)C(=O)Nc1ccc(C#N)c(Cl)c1,B
AR,,37,C[C@](O)(Cn1ccc2cc(F)ccc21)C(=O)Nc1ccc(C#N)c(Cl)c1,A
AR,,38,C[C@](O)(Cn1cc(F)c2ccccc21)C(=O)Nc1ccc(C#N)c(Cl)c1,A
AR,,39,C[C@](O)(Cn1ccc2cccc(F)c21)C(=O)Nc1ccc(C#N)c(Cl)c1,B
AR,,91,C[C@](O)(Cn1cc2cc(F)ccc2n1)C(=O)Nc1ccc(C#N)c(C(F)(F)F)c1,B
AR,,93,C[C@](O)(Cn1cc2cc(F)ccc2n1)C(=O)Nc1ccc(C#N)c(Cl)c1,B
AR,,94,C[C@](O)(Cn1ncc2c(F)cccc21)C(=O)Nc1ccc(C#N)c(C(F)(F)F)c1,B
AR,,43,C[C@](O)(Cn1ccc2c(F)cc(-c3ccc(F)cc3)cc21)C(=O)Nc1ccc(C#N)c(C(F)(F)F)c1,B
AR,,44,C[C@](O)(Cn1cc(F)c2cc(F)ccc21)C(=O)Nc1ccc(C#N)c(C(F)(F)F)c1,B
AR,,45,C[C@](O)(Cn1cc(Cl)c2cc(F)ccc21)C(=O)Nc1ccc(C#N)c(C(F)(F)F)c1,B
AR,,46,CC(=O)O[C@@](C)(Cn1ccc2cc(F)ccc21)C(=O)Nc1ccc(C#N)c(C(F)(F)F)c1,B
AR,,303,C[C@](O)(Cn1nc2ccc(F)cc2n1)C(=O)Nc1ccc(C#N)c(C(F)(F)F)c1,B
AR,,304,C[C@](O)(Cn1nnc2cc(F)ccc21)C(=O)Nc1ccc(C#N)c(C(F)(F)F)c1,B
AR,,305,C[C@](O)(Cn1nnc2ccc(F)cc21)C(=O)Nc1ccc(C#N)c(C(F)(F)F)c1,B
AR,,306,C[C@](O)(Cn1nnc2cc(Br)ccc21)C(=O)Nc1ccc(C#N)c(C(F)(F)F)c1,C
AR,KR2015123006,1,NNc1cc(C(F)(F)F)c2cc(N(CC(F)(F)F)CC(F)(F)F)ccc2n1,A
AR,,2,Cc1ncoc1C(=O)NNc1cc(C(F)(F)F)c2cc(N(CC(F)(F)F)CC(F)(F)F)ccc2n1,A
AR,,3,O=C(NNc1cc(C(F)(F)F)c2cc(N(CC(F)(F)F)CC(F)(F)F)ccc2n1)c1ccno1,A
AR,,4,CC(=O)NCC(=O)NNc1cc(C(F)(F)F)c2cc(N(CC(F)(F)F)CC(F)(F)F)ccc2n1,A
AR,,5,O=C1NC(C(=O)NNc2cc(C(F)(F)F)c3cc(N(CC(F)(F)F)CC(F)(F)F)ccc3n2)CO1,A
AR,,6,O=C(NNc1cc(C(F)(F)F)c2cc(N(CC(F)(F)F)CC(F)(F)F)ccc2n1)c1ccc[nH]1,B
AR,,7,Cn1cccc1C(=O)NNc1cc(C(F)(F)F)c2cc(N(CC(F)(F)F)CC(F)(F)F)ccc2n1,B
AR,,8,O=C(NNc1cc(C(F)(F)F)c2cc(N(CC(F)(F)F)CC(F)(F)F)ccc2n1)c1cc[nH]c1,B
AR,,9,O=C(NNc1cc(C(F)(F)F)c2cc(N(CC(F)(F)F)CC(F)(F)F)ccc2n1)c1ccccc1,A
AR,,10,O=C(NNc1cc(C(F)(F)F)c2cc(N(CC(F)(F)F)CC(F)(F)F)ccc2n1)c1cc(F)c(F)cc1F,A
AR,,11,O=C(NNc1cc(C(F)(F)F)c2cc(N(CC(F)(F)F)CC(F)(F)F)ccc2n1)c1cccnc1,A
AR,,12,O=C(NNc1cc(C(F)(F)F)c2cc(N(CC(F)(F)F)CC(F)(F)F)ccc2n1)c1cnccn1,A
AR,,13,O=C(NNc1cc(C(F)(F)F)c2cc(N(CC(F)(F)F)CC(F)(F)F)ccc2n1)c1c[nH]cn1,B
AR,,14,Cc1nc[nH]c1C(=O)NNc1cc(C(F)(F)F)c2cc(N(CC(F)(F)F)CC(F)(F)F)ccc2n1,B
AR,,15,O=C(NNc1cc(C(F)(F)F)c2cc(N(CC(F)(F)F)CC(F)(F)F)ccc2n1)c1ccoc1,A
AR,,16,Cc1ccc(C(=O)NNc2cc(C(F)(F)F)c3cc(N(CC(F)(F)F)CC(F)(F)F)ccc3n2)cn1,B
AR,,17,O=C(NNc1cc(C(F)(F)F)c2cc(N(CC(F)(F)F)CC(F)(F)F)ccc2n1)c1cscn1,A
AR,,18,O=C(NNc1cc(C(F)(F)F)c2cc(N(CC(F)(F)F)CC(F)(F)F)ccc2n1)c1ccccn1,A
AR,,19,O=C(NNc1cc(C(F)(F)F)c2cc(N(CC(F)(F)F)CC(F)(F)F)ccc2n1)c1ccncc1,A
AR,,20,Cc1conc1C(=O)NNc1cc(C(F)(F)F)c2cc(N(CC(F)(F)F)CC(F)(F)F)ccc2n1,A
AR,,21,O=C(NNc1cc(C(F)(F)F)c2cc(N(CC(F)(F)F)CC(F)(F)F)ccc2n1)c1ccco1,A
AR,,22,Cc1ccc(C(=O)NNc2cc(C(F)(F)F)c3cc(N(CC(F)(F)F)CC(F)(F)F)ccc3n2)o1,A
AR,,23,O=C(NNc1cc(C(F)(F)F)c2cc(N(CC(F)(F)F)CC(F)(F)F)ccc2n1)c1cncc(F)c1,A
AR,,24,CNC(=O)c1cccc(C(=O)NNc2cc(C(F)(F)F)c3cc(N(CC(F)(F)F)CC(F)(F)F)ccc3n2)c1,A
AR,,25,CC(C)(C)C(=O)NNc1cc(C(F)(F)F)c2cc(N(CC(F)(F)F)CC(F)(F)F)ccc2n1,A
AR,,26,N#CCC(=O)NNc1cc(C(F)(F)F)c2cc(N(CC(F)(F)F)CC(F)(F)F)ccc2n1,A
AR,,27,O=C(CCl)NNc1cc(C(F)(F)F)c2cc(N(CC(F)(F)F)CC(F)(F)F)ccc2n1,A
AR,,28,CC(=O)NNc1cc(C(F)(F)F)c2cc(N(CC(F)(F)F)CC(F)(F)F)ccc2n1,A
AR,,29,O=C(CO)NNc1cc(C(F)(F)F)c2cc(N(CC(F)(F)F)CC(F)(F)F)ccc2n1,A
AR,,30,COCC(=O)NNc1cc(C(F)(F)F)c2cc(N(CC(F)(F)F)CC(F)(F)F)ccc2n1,A
AR,,31,C[C@@H](O)C(=O)NNc1cc(C(F)(F)F)c2cc(N(CC(F)(F)F)CC(F)(F)F)ccc2n1,A
AR,,32,O=C(NNc1cc(C(F)(F)F)c2cc(N(CC(F)(F)F)CC(F)(F)F)ccc2n1)C1CCCO1,A
AR,,33,O=C(NNc1cc(C(F)(F)F)c2cc(N(CC(F)(F)F)CC(F)(F)F)ccc2n1)C1CCOC1,A
AR,,34,COC(=O)C(=O)NNc1cc(C(F)(F)F)c2cc(N(CC(F)(F)F)CC(F)(F)F)ccc2n1,A
AR,,35,O=C(O)C(=O)NNc1cc(C(F)(F)F)c2cc(N(CC(F)(F)F)CC(F)(F)F)ccc2n1,A
AR,,36,CC(O)CC(=O)NNc1cc(C(F)(F)F)c2cc(N(CC(F)(F)F)CC(F)(F)F)ccc2n1,A
AR,,37,O=C(CN1CCCC1)NNc1cc(C(F)(F)F)c2cc(N(CC(F)(F)F)CC(F)(F)F)ccc2n1,B
AR,,38,COC(=O)NNc1cc(C(F)(F)F)c2cc(N(CC(F)(F)F)CC(F)(F)F)ccc2n1,A
AR,,39,O=C(NNc1cc(C(F)(F)F)c2cc(N(CC(F)(F)F)CC(F)(F)F)ccc2n1)C(F)(F)F,A
AR,,40,CC(=O)N(C)N(C)c1cc(C(F)(F)F)c2cc(N(CC(F)(F)F)CC(F)(F)F)ccc2n1,B
AR,,41,CC(=O)N(C)Nc1cc(C(F)(F)F)c2cc(N(CC(F)(F)F)CC(F)(F)F)ccc2n1,B
AR,,42,CC(=O)NN(C)c1cc(C(F)(F)F)c2cc(N(CC(F)(F)F)CC(F)(F)F)ccc2n1,B
AR,,43,CONc1cc(C(F)(F)F)c2cc(N(CC(F)(F)F)CC(F)(F)F)ccc2n1,B
AR,,44,CCC(=O)NNc1cc(C(F)(F)F)c2cc(N(CC(F)(F)F)CC(F)(F)F)ccc2n1,A
AR,,45,CC(C)C(=O)NNc1cc(C(F)(F)F)c2cc(N(CC(F)(F)F)CC(F)(F)F)ccc2n1,A
AR,,46,COc1ccc(S(=O)(=O)NNc2cc(C(F)(F)F)c3cc(N(CC(F)(F)F)CC(F)(F)F)ccc3n2)cc1,A
AR,,47,N#Cc1ccc(S(=O)(=O)NNc2cc(C(F)(F)F)c3cc(N(CC(F)(F)F)CC(F)(F)F)ccc3n2)cc1,A
AR,,48,Cc1ccc(S(=O)(=O)NNc2cc(C(F)(F)F)c3cc(N(CC(F)(F)F)CC(F)(F)F)ccc3n2)cc1,A
AR,,49,O=S(=O)(NNc1cc(C(F)(F)F)c2cc(N(CC(F)(F)F)CC(F)(F)F)ccc2n1)c1ccc(F)cc1,A
AR,,50,N#Cc1cccc(S(=O)(=O)NNc2cc(C(F)(F)F)c3cc(N(CC(F)(F)F)CC(F)(F)F)ccc3n2)c1,A
AR,,51,CCN(CC)S(=O)(=O)NNc1cc(C(F)(F)F)c2cc(N(CC(F)(F)F)CC(F)(F)F)ccc2n1,A
AR,,52,O=S(=O)(NNc1cc(C(F)(F)F)c2cc(N(CC(F)(F)F)CC(F)(F)F)ccc2n1)N1CCCC1,A
AR,,53,CS(=O)(=O)NNc1cc(C(F)(F)F)c2cc(N(CC(F)(F)F)CC(F)(F)F)ccc2n1,A
AR,,54,CCCS(=O)(=O)NNc1cc(C(F)(F)F)c2cc(N(CC(F)(F)F)CC(F)(F)F)ccc2n1,A
AR,,55,CCS(=O)(=O)NNc1cc(C(F)(F)F)c2cc(N(CC(F)(F)F)CC(F)(F)F)ccc2n1,A
AR,,56,CC(C)S(=O)(=O)NNc1cc(C(F)(F)F)c2cc(N(CC(F)(F)F)CC(F)(F)F)ccc2n1,A
AR,,57,O=S(=O)(NNc1cc(C(F)(F)F)c2cc(N(CC(F)(F)F)CC(F)(F)F)ccc2n1)c1ccccc1,A
AR,,58,CN(C)S(=O)(=O)NNc1cc(C(F)(F)F)c2cc(N(CC(F)(F)F)CC(F)(F)F)ccc2n1,A
AR,,59,O=S(=O)(NNc1cc(C(F)(F)F)c2cc(N(CC(F)(F)F)CC(F)(F)F)ccc2n1)c1ccc(F)cc1F,A
AR,,60,O=S(=O)(NNc1cc(C(F)(F)F)c2cc(N(CC(F)(F)F)CC(F)(F)F)ccc2n1)c1cc(Cl)sc1Cl,A
AR,,61,Cn1ccnc1S(=O)(=O)NNc1cc(C(F)(F)F)c2cc(N(CC(F)(F)F)CC(F)(F)F)ccc2n1,A
AR,,62,O=C(O)c1cccc(S(=O)(=O)NNc2cc(C(F)(F)F)c3cc(N(CC(F)(F)F)CC(F)(F)F)ccc3n2)c1,A
AR,,63,CNC(=O)c1cccc(S(=O)(=O)NNc2cc(C(F)(F)F)c3cc(N(CC(F)(F)F)CC(F)(F)F)ccc3n2)c1,A
AR,,64,CC(=O)Nc1ccc(S(=O)(=O)NNc2cc(C(F)(F)F)c3cc(N(CC(F)(F)F)CC(F)(F)F)ccc3n2)cc1,A
AR,,65,CN1CCN(S(=O)(=O)NNc2cc(C(F)(F)F)c3cc(N(CC(F)(F)F)CC(F)(F)F)ccc3n2)CC1,A
AR,,66,O=S(=O)(NNc1cc(C(F)(F)F)c2cc(N(CC(F)(F)F)CC(F)(F)F)ccc2n1)N1CCCCC1,A
AR,,67,CCN(C)S(=O)(=O)NNc1cc(C(F)(F)F)c2cc(N(CC(F)(F)F)CC(F)(F)F)ccc2n1,A
AR,,68,CC(=O)NNc1cc(C(F)(F)F)c2cc(N3[C@H](C)CC[C@@H]3[C@@H](O)C(F)(F)F)ccc2n1,A
AR,,69,O=S(=O)(NNc1cc(C(F)(F)F)c2cc(N(CC(F)(F)F)CC(F)(F)F)ccc2n1)N1CCOCC1,A
AR,,70,CN(C)C(=O)NNc1cc(C(F)(F)F)c2cc(N(CC(F)(F)F)CC(F)(F)F)ccc2n1,A
AR,,71,O=CNNc1cc(C(F)(F)F)c2cc(N(CC(F)(F)F)CC(F)(F)F)ccc2n1,A
AR,,72,CCNC(=S)NNc1cc(C(F)(F)F)c2cc(N(CC(F)(F)F)CC(F)(F)F)ccc2n1,A
AR,WO2019023651,I-17 ,O=C(NCCC1CC2C=CC1C2)c1cccc(OC2CCN(C(=O)Cc3ccccc3)CC2)c1,D
AR,,II-4,Cc1c(C(=O)N(C)Cc2cccc3ncccc23)sc2ncnc(NCCC3CCCCC3)c12,D
AR,,II-5,Cc1c(C(=O)N(C)Cc2cccc3ncccc23)sc2ncnc(NCC3CC4C=CC3CC4)c12,C
AR,,II-6,Cc1c(C(=O)N(C)Cc2cccc3ncccc23)sc2ncnc(NCCC3CC4C=CC3C4)c12,D
AR,WO2019226991,A1,Cc1cc(C(C)(C)c2ccc(OCC(=O)CNS(C)(=O)=O)cc2)ccc1OCCCCl,B
AR,,A2,Cc1cc(OCCCCl)ccc1C(C)(C)c1ccc(OCC(=O)CNS(C)(=O)=O)cc1,B
AR,,A5,CC(C)(c1ccc(OCC(=O)CNS(C)(=O)=O)cc1)c1ccc(OCCCCl)c(Cl)c1,A
AR,,A7,CC(C)(c1ccc(OCC(=O)CNS(C)(=O)=O)cc1)c1ccc(OCCCCl)c(C#N)c1,A
AR,,A31,CC(C)(c1ccc(OCC(=O)CNS(C)(=O)=O)cc1)c1cc(Cl)c(OCCCCl)c(Cl)c1,A
AR,,A32,CC(CCl)COc1c(Cl)cc(C(C)(C)c2ccc(OCC(=O)CNS(C)(=O)=O)cc2)cc1Cl,A
AR,,A33,CC(C)(c1ccc(OCC(=O)CNS(C)(=O)=O)cc1)c1cc(Cl)c(OCCCl)c(Cl)c1,A
AR,,A35,CC(C)(c1ccc(OCC(=O)CNS(C)(=O)=O)cc1)c1cc(Cl)c(NCCCCl)c(Cl)c1,B
AR,,A36,CN(CCCCl)c1c(Cl)cc(C(C)(C)c2ccc(OCC(=O)CNS(C)(=O)=O)cc2)cc1Cl,B
AR,,A43,CS(=O)(=O)NCC(=O)COc1ccc(C2(c3cc(Cl)c(OCCCCl)c(Cl)c3)COC2)cc1,B
AR,,A48,CC(C)(c1ccc(OCC(=O)CNS(C)(=O)=O)c(F)c1)c1cc(Cl)c(OCCCCl)c(Cl)c1,B
AR,,A51(S),CC(C)(c1ccc(OCC(=O)CNS(C)(=O)=O)cc1)c1cc(Cl)c(OC[C@H](O)CCl)c(Cl)c1,A
AR,,A52,CC(O)(CCl)COc1c(Cl)cc(C(C)(C)c2ccc(OCC(=O)CNS(C)(=O)=O)cc2)cc1Cl,A
AR,,A61,CC(C)(c1ccc(OCC(=O)CNS(C)(=O)=O)cc1)c1cc(Cl)c(OCCCBr)c(Cl)c1,B
AR,,A63,CC(C)(Oc1ccc(C(C)(C)c2cc(Cl)c(OCCCCl)c(Cl)c2)cc1)C(=O)CNS(C)(=O)=O,A
AR,,A75,CS(=O)(=O)NCC(=O)COc1ccc(CCc2cc(Cl)c(OCC(O)CCl)c(Cl)c2)cc1,B
AR,,A77,CC(C)(c1cccc(OCC(=O)CNS(C)(=O)=O)c1)c1ccc(Cl)c(OCCCCl)c1Cl,B
AR,,A97,COC(=O)C(OC)C(O)(O)C(F)(F)Oc1ccc(C(C)(C)c2cc(Cl)c(OCCCCl)c(Cl)c2)cc1,B
AR,,A99,CC(C)(c1ccc(OC(F)(F)C(=O)CNS(C)(=O)=O)cc1)c1cc(Cl)c(OCCCCl)c(Cl)c1,B
AR,,A103,CC(=O)Oc1ccc(C(C)(C)c2cc(Cl)c(OCCCCl)c(Cl)c2)cc1,A
AR,CN117164520,1,CCCOC(=O)c1ccc(N2C(=S)N(c3ccc(C#N)c(C(F)(F)F)c3)C(=O)C2(C)C)cc1F,C
AR,,2,CCCCOC(=O)c1ccc(N2C(=S)N(c3ccc(C#N)c(C(F)(F)F)c3)C(=O)C2(C)C)cc1F,C
AR,,3,CC(C)COC(=O)c1ccc(N2C(=S)N(c3ccc(C#N)c(C(F)(F)F)c3)C(=O)C2(C)C)cc1F,C
AR,,4,CC1(C)C(=O)N(c2ccc(C#N)c(C(F)(F)F)c2)C(=S)N1c1ccc(C(=O)OCC2CC2)c(F)c1,C
AR,,5,CC1(C)C(=O)N(c2ccc(C#N)c(C(F)(F)F)c2)C(=S)N1c1ccc(C(=O)OC2CC2)c(F)c1,D
AR,,6,CC1(C)C(=O)N(c2ccc(C#N)c(C(F)(F)F)c2)C(=S)N1c1ccc(C(=O)OC[C@H](O)CO)c(F)c1,D
AR,,11,CC1(C)C(=O)N(c2ccc(C#N)c(C(F)(F)F)c2)C(=S)N1c1ccc(C(=O)O[C@H]2CCOC2)c(F)c1,C
AR,,12,CC1(C)C(=O)N(c2ccc(C#N)c(C(F)(F)F)c2)C(=S)N1c1ccc(C(=O)O[C@@H]2CCOC2)c(F)c1,B
AR,,13,CC1(C)C(=O)N(c2ccc(C#N)c(C(F)(F)F)c2)C(=S)N1c1ccc(C(=O)OC2COC2)c(F)c1,C
AR,,14,CC1(C)C(=O)N(c2ccc(C#N)c(C(F)(F)F)c2)C(=S)N1c1ccc(C(=O)OCC2COC2)c(F)c1,C
AR,,15,CC1(C)C(=O)N(c2ccc(C#N)c(C(F)(F)F)c2)C(=S)N1c1ccc(C(=O)OC2CCOCC2)c(F)c1,B
AR,,16,CCC(C)OC(=O)c1ccc(N2C(=S)N(c3ccc(C#N)c(C(F)(F)F)c3)C(=O)C2(C)C)cc1F,B
AR,,17,CC[C@@H](C)OC(=O)c1ccc(N2C(=S)N(c3ccc(C#N)c(C(F)(F)F)c3)C(=O)C2(C)C)cc1F,C
AR,,18,CC[C@H](C)OC(=O)c1ccc(N2C(=S)N(c3ccc(C#N)c(C(F)(F)F)c3)C(=O)C2(C)C)cc1F,B
AR,,20,CCC(CC)OC(=O)c1ccc(N2C(=S)N(c3ccc(C#N)c(C(F)(F)F)c3)C(=O)C2(C)C)cc1F,C
AR,,21,CCC(C)(C)OC(=O)c1ccc(N2C(=S)N(c3ccc(C#N)c(C(F)(F)F)c3)C(=O)C2(C)C)cc1F,B
AR,,22,CCC(C)(CC)OC(=O)c1ccc(N2C(=S)N(c3ccc(C#N)c(C(F)(F)F)c3)C(=O)C2(C)C)cc1F,C
AR,,23,CCC(CC)(CC)OC(=O)c1ccc(N2C(=S)N(c3ccc(C#N)c(C(F)(F)F)c3)C(=O)C2(C)C)cc1F,C
AR,,24,CC1(OC(=O)c2ccc(N3C(=S)N(c4ccc(C#N)c(C(F)(F)F)c4)C(=O)C3(C)C)cc2F)CCC1,C
AR,,25,CC1(OC(=O)c2ccc(N3C(=S)N(c4ccc(C#N)c(C(F)(F)F)c4)C(=O)C3(C)C)cc2F)CCCC1,B
AR,,26,CCC(C)(C)OC(=O)c1ccc(N2C(=S)N(c3ccc(C#N)c(Cl)c3)C(=O)C2(C)C)cc1F,B
AR,,恩杂鲁胺,CC1(C)C(=O)N(c2ccc(C#N)c(C(F)(F)F)c2)C(=S)N1c1ccc(C(=O)O)c(F)c1,B
AR,KR2015123005,1,C[C@@H]1CC[C@H]([C@@H](O)C(F)(F)F)N1c1ccc2c(c1)c(C(F)(F)F)cc1nnnn12,A
AR,,2,O=C1CC[C@H](CO)N1c1ccc2c(c1)c(C(F)(F)F)cc1nnnn12,B
AR,,3,OC[C@H]1CCCN1c1ccc2c(c1)c(C(F)(F)F)cc1nnnn12,A
AR,,4,O[C@H]([C@H]1CCCN1c1ccc2c(c1)c(C(F)(F)F)cc1nnnn12)C(F)(F)F,A
AR,,5,O[C@@H]([C@H]1CCCN1c1ccc2c(c1)c(C(F)(F)F)cc1nnnn12)C(F)(F)F,A
AR,,6,C[C@@H]1CC[C@H](CO)N1c1ccc2c(c1)c(C(F)(F)F)cc1nnnn12,A
AR,,7,CC(O)[C@H]1CC[C@@H](C)N1c1ccc2c(c1)c(C(F)(F)F)cc1nnnn12,A
AR,,8,CCC(O)[C@H]1CC[C@@H](C)N1c1ccc2c(c1)c(C(F)(F)F)cc1nnnn12,A
AR,,9,CC(C)C(O)[C@H]1CC[C@@H](C)N1c1ccc2c(c1)c(C(F)(F)F)cc1nnnn12,A
AR,,10,CC(N(CC(F)(F)F)c1ccc2c(c1)c(C(F)(F)F)cc1nnnn12)C(F)(F)F,A
AR,,11,FC(F)(F)CN(CC(F)(F)F)c1ccc2c(c1)c(C(F)(F)F)cc1nnnn12,A
AR,,12,FC(F)(F)CN(CC(F)(F)F)c1ccc2c(c1)c(C(F)(F)F)cc1nncn12,A
AR,,13,O=c1[nH]nc2cc(C(F)(F)F)c3cc(N(CC(F)(F)F)CC(F)(F)F)ccc3n12,B
AR,,14,CCN(CC)c1ccc2c(c1)c(C(F)(F)F)cc1nnnn12,A
AR,,15,CCCN(CCC)c1ccc2c(c1)c(C(F)(F)F)cc1nnnn12,A
AR,,16,CCN(CC(F)(F)F)c1ccc2c(c1)c(C(F)(F)F)cc1nnnn12,A
AR,,17,CC1CCC(C)N1c1ccc2c(c1)c(C(F)(F)F)cc1nnnn12,A
AR,,18,CC(C)N(CC(F)(F)F)c1ccc2c(c1)c(C(F)(F)F)cc1nnnn12,A
AR,CN110023297,2,CN1CCC(Oc2ccc(N3C(=S)N(c4ccc(C#N)c(C(F)(F)F)c4)C(=O)C3(C)C)cc2)CC1,C
AR,,4,CN1CCC(Oc2ccc(N3C(=S)N(c4ccc(C#N)c(C(F)(F)F)c4)C(=O)C3(C)C)cn2)CC1,B
AR,,5,CC1(C)C(=O)N(c2ccc(C#N)c(C(F)(F)F)c2)C(=S)N1c1cnc(OC2CCNCC2)nc1,C
AR,,10,CN1CCC(Oc2ccc(N3C(=S)N(c4ccc(C#N)c(Cl)c4)C(=O)C3(C)C)cn2)CC1,B
AR,,14,CN1CCC(Oc2ccc(N3C(=S)N(c4ccc(C#N)c(C(F)(F)F)c4)C(=O)C34CCC4)cn2)CC1,C
AR,,15,N#Cc1ccc(N2C(=O)C3(CCC3)N(c3cnc(OC4CCNCC4)nc3)C2=S)cc1C(F)(F)F,C
AR,,18,Cc1cc(N2C(=O)C3(CCC3)N(c3ccc(OC4CCN(C)CC4)nc3)C2=S)ccc1C#N,C
AR,,20,COc1cc(N2C(=O)C3(CCC3)N(c3ccc(OC4CCN(C)CC4)nc3)C2=S)ccc1C#N,C
AR,,21,N#Cc1ccc(N2C(=O)C3(CCC3)N(c3ccc(OC4CCNCC4)cc3)C2=S)cc1Cl,C
AR,,22,CN1CCC(Oc2ccc(N3C(=S)N(c4ccc(C#N)c(Cl)c4)C(=O)C34CCC4)cc2)CC1,C
AR,,23,N#Cc1ccc(N2C(=O)C3(CCC3)N(c3ccc(OC4CCNCC4)nc3)C2=S)cc1Cl,C
AR,CN113164435,R-比卡鲁胺,C[C@](O)(CS(=O)(=O)c1ccc(F)cc1)C(=O)Nc1ccc(C#N)c(C(F)(F)F)c1,B
AR,,恩杂鲁胺,CNC(=O)c1ccc(N2C(=S)N(c3ccc(C#N)c(C(F)(F)F)c3)C(=O)C2(C)C)cc1F,B
AR,,17,CN(C[C@](C)(O)C(=O)Nc1ccc(C#N)c(C(F)(F)F)c1)c1ccc(C#N)c(-c2ccccc2)c1,A
AR,,100,C[C@](O)(CN1CCc2cc(Br)ccc21)C(=O)Nc1ccc(C#N)c(C(F)(F)F)c1,B
AR,,11,C[C@](O)(Cn1ccc2cc(F)ccc21)C(=O)Nc1ccc(C#N)c(C(F)(F)F)c1,A
AR,,44,C[C@](O)(Cn1cc(F)c2cc(F)ccc21)C(=O)Nc1ccc(C#N)c(C(F)(F)F)c1,B
AR,,45,C[C@](O)(Cn1cc(Cl)c2cc(F)ccc21)C(=O)Nc1ccc(C#N)c(C(F)(F)F)c1,B
AR,,46,CC(=O)O[C@@](C)(Cn1ccc2cc(F)ccc21)C(=O)Nc1ccc(C#N)c(C(F)(F)F)c1,B
AR,,98,C[C@](O)(Cn1nc(F)c2cc(F)ccc21)C(=O)Nc1ccc(C#N)c(C(F)(F)F)c1,B
AR,,303,C[C@](O)(Cn1nc2ccc(F)cc2n1)C(=O)Nc1ccc(C#N)c(C(F)(F)F)c1,B
AR,,304,C[C@](O)(Cn1nnc2cc(F)ccc21)C(=O)Nc1ccc(C#N)c(C(F)(F)F)c1,B
AR,,305,C[C@](O)(Cn1nnc2ccc(F)cc21)C(=O)Nc1ccc(C#N)c(C(F)(F)F)c1,B
AR,,307,C[C@](O)(Cn1nnc2cc(Br)ccc21)C(=O)Nc1ccc(C#N)c(C(F)(F)F)c1,C
AR,,1002,C[C@](O)(Cn1cc(F)cn1)C(=O)Nc1ccc(C#N)c(C(F)(F)F)c1,B
AR,,1002,C[C@](O)(Cn1cc(F)cn1)C(=O)Nc1ccc(C#N)c(C(F)(F)F)c1.O=C(O)C(O)C(O)C(=O)O,B
AR,,1013,C[C@](O)(Cn1cccn1)C(=O)Nc1ccc(C#N)c(C(F)(F)F)c1,C
AR,,1017,C[C@](O)(Cn1cc(C(F)(F)F)cn1)C(=O)Nc1ccc(C#N)c(C(F)(F)F)c1,A
AR,,1022,C[C@](O)(Cn1cc(F)cn1)C(=O)Nc1cnc(C#N)c(C(F)(F)F)c1,A
AR,,1045,C[C@](O)(Cn1cc(-c2ccc(F)cc2)nn1)C(=O)Nc1ccc(C#N)c(C(F)(F)F)c1,B
AR,,1047,C[C@](O)(Cn1cc(I)cn1)C(=O)Nc1ccc(C#N)c(C(F)(F)F)c1,C
AR,,1048,C[C@](O)(Cn1cc(C#N)cn1)C(=O)Nc1ccc(C#N)c(C(F)(F)F)c1,A
AR,,1049,C[C@](O)(Cn1cc(Cl)cn1)C(=O)Nc1ccc(C#N)c(C(F)(F)F)c1,B
AR,,1050,C[C@](O)(Cn1cc(Br)cn1)C(=O)Nc1ccc(C#N)c(C(F)(F)F)c1,B
AR,,1052,C[C@](O)(Cn1cc(F)cn1)C(=O)Nc1cc(C(F)(F)F)c(C#N)cc1I,D
AR,,1055,Cc1cnn(C[C@](C)(O)C(=O)Nc2ccc(C#N)c(C(F)(F)F)c2)c1,D
AR,,1057,CC(O)(Cn1cc(F)cn1)C(=O)Nc1ccc(C#N)c(C(F)(F)F)c1,B
AR,,1058,C[C@](O)(Cn1cc(Br)c(F)n1)C(=O)Nc1ccc(C#N)c(C(F)(F)F)c1,A
AR,,1059,C[C@](O)(Cn1cc(-c2ccc(F)cc2)c(F)n1)C(=O)Nc1ccc(C#N)c(C(F)(F)F)c1,B
AR,,1060,C[C@](O)(Cn1cc(C#N)c(Br)n1)C(=O)Nc1ccc(C#N)c(C(F)(F)F)c1,B
AR,,1061,Cc1cn(C[C@](C)(O)C(=O)Nc2ccc(C#N)c(C(F)(F)F)c2)nc1Cl,B
AR,,1063,C[C@](O)(Cn1cc(-c2ccc(F)cc2)nn1)C(=O)Nc1cnc(C#N)c(C(F)(F)F)c1,B
AR,,1065,C[C@](O)(Cn1cc(C#N)cn1)C(=O)Nc1cnc(C#N)c(C(F)(F)F)c1,A
AR,,1066,C[C@](O)(Cn1cc(Cl)c(Br)n1)C(=O)Nc1ccc(C#N)c(C(F)(F)F)c1,B
AR,,1067,C[C@](O)(Cn1ncc(Cl)c1Br)C(=O)Nc1ccc(C#N)c(C(F)(F)F)c1,A
AR,,1068,C[C@@H](Cn1cc(F)cn1)NC(=O)c1ccc(C#N)c(C(F)(F)F)c1,B
AR,CN111032644,3,CNC(=O)c1ccc(-n2c(=S)n(-c3ccc(C#N)c(C(F)(F)F)c3)c3nccc(C)c32)cc1F,C
AR,,4,CCN1CCOc2cc(N3C(=S)N(c4ccc(C#N)c(C(F)(F)F)c4)C(=O)C3(C)C)ccc2C1=O,C
AR,,5,CC1(C)C(=O)N(c2ccc(C#N)c(C(F)(F)F)c2)C(=S)N1c1ccc2c(=O)n(CC(F)(F)F)cnc2c1,C
AR,,6,CC1(C)C(=O)N(c2ccc(C#N)c(C(F)(F)F)c2)C(=S)N1c1ccc2c(=O)n(CC(F)(F)F)ncc2c1,C
AR,,7,CC1(C)C(=O)N(c2ccc(C#N)c(C(F)(F)F)c2)C(=S)N1c1ccc2c(cnn2C2COCC2O)c1,C
AR,,8,CC1(C)C(=O)N(c2ccc(C#N)c(C(F)(F)F)c2)C(=S)N1c1ccc2nn(C3COCC3O)cc2c1,C
AR,,9,Cc1nc(OCCO)c2cc(N3C(=S)N(c4ccc(C#N)c(C(F)(F)F)c4)C(=O)C3(C)C)ccc2n1,D
AR,,10,CCc1nc(OCCO)c2cc(N3C(=S)N(c4ccc(C#N)c(C(F)(F)F)c4)C(=O)C3(C)C)cc(F)c2n1,C
AR,,11,CC1(C)C(=O)N(c2ccc(C#N)c(C(F)(F)F)c2)C(=S)N1c1ccc2nc(C3CC3)nc(OCCO)c2c1,C
AR,,12,CC1(C)C(=O)N(c2ccc(C#N)c(C(F)(F)F)c2)C(=S)N1c1ccc2ncnc(OCCO)c2c1,C
AR,,13,CC1(C)C(=O)N(c2ccc(C#N)c(C(F)(F)F)c2)C(=S)N1c1cc(F)c2ncnc(OCCO)c2c1,D
AR,,14,CC1(C)C(=O)N(c2ccc(C#N)c(C(F)(F)F)c2)C(=S)N1c1ccc2nc(OCCO)ncc2c1,C
AR,,15,CC1(C)C(=O)N(c2ccc(C#N)c(C(F)(F)F)c2)C(=S)N1c1ccc2nc(C(F)F)nc(OCCO)c2c1,C
AR,,16,CNc1nc(OCCO)c2cc(N3C(=S)N(c4ccc(C#N)c(C(F)(F)F)c4)C(=O)C3(C)C)ccc2n1,C
AR,,17,CCc1nc(OCCO)c2cc(N3C(=S)N(c4ccc(C#N)c(C(F)(F)F)c4)C(=O)C34CCC4)ccc2n1,B
AR,,18,CC1(C)C(=O)N(c2ccc(C#N)c(C(F)(F)F)c2)C(=S)N1c1cc(F)c2nc(C3CC3)nc(OCCO)c2c1,C
AR,,19,CCc1nc(OC2CCOCC2)c2cc(N3C(=S)N(c4ccc(C#N)c(C(F)(F)F)c4)C(=O)C3(C)C)cc(F)c2n1,C
AR,,20,CCc1nc(OCCO)c2cc(N3C(=S)N(c4ccc(C#N)c(C(F)(F)F)c4)C(=O)C34CCC4)cc(F)c2n1,C
AR,,21,CC1(C)C(=O)N(c2ccc(C#N)c(C(F)(F)F)c2)C(=S)N1c1cc(F)c2nc(C(F)F)nc(OCCO)c2c1,C
AR,,22,CCc1nc(OCCCS(C)(=O)=O)c2cc(N3C(=S)N(c4ccc(C#N)c(C(F)(F)F)c4)C(=O)C3(C)C)cc(F)c2n1,C
AR,,23,CC1(C)C(=O)N(c2cnc(C#N)c(C(F)(F)F)c2)C(=S)N1c1cc(F)c2nc(C3CC3)nc(OCCO)c2c1,C
AR,,24,CCc1nc(OCCN(C)C)c2cc(N3C(=S)N(c4ccc(C#N)c(C(F)(F)F)c4)C(=O)C3(C)C)cc(F)c2n1,C
AR,,25,CCc1nc(OCCO)c2cc(N3C(=S)N(c4cnc(C#N)c(C(F)(F)F)c4)C(=O)C34CCC4)cc(F)c2n1,C
AR,,26,CC1(C)C(=O)N(c2cnc(C#N)c(C(F)(F)F)c2)C(=S)N1c1cc(F)c2nc(C(F)F)nc(OCCO)c2c1,C
AR,,27,CCc1nc(OCCO)c2cc(N3C(=S)N(c4ccc(C#N)c(C(F)(F)F)c4)C(=O)C3(C)C)ccc2n1,C
AR,,28,CCc1nc(OCC(=O)NC)c2cc(N3C(=S)N(c4ccc(C#N)c(C(F)(F)F)c4)C(=O)C3(C)C)cc(F)c2n1,D
AR,,29,CCc1nc(OCC2COC2)c2cc(N3C(=S)N(c4ccc(C#N)c(C(F)(F)F)c4)C(=O)C3(C)C)cc(F)c2n1,B
AR,,30,CCc1cc(=O)n2cc(N3C(=S)N(c4ccc(C#N)c(C(F)(F)F)c4)C(=O)C3(C)C)ccc2n1,C
AR,,31,CCc1nc2ccc(N3C(=S)N(c4ccc(C#N)c(C(F)(F)F)c4)C(=O)C3(C)C)cn2c(=O)c1OC,C
AR,,32,CCc1nc(OCC(N)=O)c2cc(N3C(=S)N(c4ccc(C#N)c(C(F)(F)F)c4)C(=O)C3(C)C)cc(F)c2n1,D
AR,,33,CCc1nc2ccc(N3C(=S)N(c4ccc(C#N)c(C(F)(F)F)c4)C(=O)C3(C)C)cn2c(=O)c1O,D
AR,,34,CCc1nc2c(F)cc(N3C(=S)N(c4ccc(C#N)c(C(F)(F)F)c4)C(=O)C3(C)C)cn2c(=O)c1OC,C
AR,,35,CCc1cc(=O)n2cc(N3C(=S)N(c4ccc(C#N)c(C(F)(F)F)c4)C(=O)C3(C)C)cc(F)c2n1,C
AR,,36,CCc1nc(OCC2(O)CC2)c2cc(N3C(=S)N(c4ccc(C#N)c(C(F)(F)F)c4)C(=O)C3(C)C)cc(F)c2n1,D
AR,,37,CCc1nc2ccc(N3C(=S)N(c4ccc(C#N)c(C(F)(F)F)c4)C(=O)C3(C)C)cn2c(=O)c1OCCOC,C
AR,,38,CCc1nc2ccc(N3C(=S)N(c4ccc(C#N)c(C(F)(F)F)c4)C(=O)C3(C)C)cn2c(=O)c1OCCO,C
AR,,39,CCc1nc2c(F)cc(N3C(=S)N(c4ccc(C#N)c(C(F)(F)F)c4)C(=O)C3(C)C)cn2c(=O)c1O,D
AR,,40,CCc1nc2c(F)cc(N3C(=S)N(c4ccc(C#N)c(C(F)(F)F)c4)C(=O)C3(C)C)cn2c(=O)c1OCCOC,C
AR,,41,CCc1nc2c(F)cc(N3C(=S)N(c4ccc(C#N)c(C(F)(F)F)c4)C(=O)C3(C)C)cn2c(=O)c1OCCO,C
AR,,42,CCc1nc2c(F)cc(N3C(=S)N(c4ccc(C#N)c(C(F)(F)F)c4)C(=O)C3(C)C)cn2c(=O)c1OCC(=O)NC,C
AR,,43,CCc1nc2c(F)cc(N3C(=S)N(c4ccc(C#N)c(C(F)(F)F)c4)C(=O)C3(C)C)cn2c(=O)c1OCC(N)=O,C
AR,,44,CCc1nc(O[C@@H]2COC[C@H]2O)c2cc(N3C(=S)N(c4ccc(C#N)c(C(F)(F)F)c4)C(=O)C3(C)C)cc(F)c2n1,C
AR,,45,CCc1nc2c(F)cc(-n3c(=S)n(-c4ccc(C#N)c(C(F)(F)F)c4)c4nccc(C)c43)cc2c(=O)[nH]1,C
AR,,46,CCc1nc(O[C@H]2COC[C@@H]2O)c2cc(N3C(=S)N(c4ccc(C#N)c(C(F)(F)F)c4)C(=O)C3(C)C)cc(F)c2n1,C
AR,,47,CCc1nc2c(F)cc(N3C(=S)N(c4ccc(C#N)c(C(F)(F)F)c4)C(=O)C3(C)C)cn2c(=O)c1F,C
AR,,48,CCc1nc(OCCO)c2cc(N3C(=S)N(c4ccc(C#N)c(C(F)F)c4)C(=O)C3(C)C)ccc2n1,C
AR,,49,CC(F)(F)c1nc(OCCO)c2cc(N3C(=S)N(c4ccc(C#N)c(C(F)(F)F)c4)C(=O)C3(C)C)cc(F)c2n1,C
AR,,50,CCc1nc(OCCO)c2cc(N3C(=S)N(c4ccc(C#N)c(C(F)F)c4)C(=O)C3(C)C)cc(F)c2n1,C
AR,,51,CCc1nc(-c2cn[nH]c2)c2cc(N3C(=S)N(c4ccc(C#N)c(C(F)(F)F)c4)C(=O)C3(C)C)cc(F)c2n1,B
AR,,52,CCc1nc(-c2cc[nH]n2)c2cc(N3C(=S)N(c4ccc(C#N)c(C(F)(F)F)c4)C(=O)C3(C)C)cc(F)c2n1,C
AR,,53,CCc1cc(=O)n2cc(N3C(=S)N(c4cnc(C#N)c(C(F)(F)F)c4)C(=O)C3(C)C)cc(F)c2n1,C
AR,,54,CCc1cc(=O)n2cc(N3C(=S)N(c4ccc(C#N)c(C(F)(F)F)c4)C(=O)C34CCC4)cc(F)c2n1,C
AR,,55,CCOc1cc(=O)n2cc(N3C(=S)N(c4ccc(C#N)c(C(F)(F)F)c4)C(=O)C3(C)C)cc(F)c2n1,C
AR,,56,CCc1nc2ccc(-n3c(=S)n(-c4ccc(C#N)c(C(F)(F)F)c4)c4nccc(C)c43)cc2c(=O)[nH]1,C
AR,,57,CCc1cc(=O)n2cc(N3C(=S)N(c4ccc(C#N)c(C(F)(F)F)c4)C(=O)C3(C)C)cc(OC)c2n1,D
AR,,58,CCc1cc(=O)n2cc(N3C(=S)N(c4ccc(C#N)c(Cl)c4)C(=O)C3(C)C)cc(F)c2n1,B
AR,,59,CCc1cc(=O)n2cc(N3C(=S)N(c4ccc(C#N)c(F)c4)C(=O)C3(C)C)cc(F)c2n1,D
AR,,60,CCc1cc(=O)n2cc(N3C(=S)N(c4ccc(C#N)c(C(F)(F)F)c4)C(=O)C3(C)C)cc(C)c2n1,C
AR,,61,CCc1cc(=O)n2cc(N3C(=S)N(c4ccc(C#N)c(C(F)(F)F)c4)C(=O)C3(C)C)cc(Cl)c2n1,C
AR,,62,CC1(C)C(=O)N(c2ccc(C#N)c(C(F)(F)F)c2)C(=S)N1c1cc(F)c2nc(C(F)F)cc(=O)n2c1,C
AR,,63,CCc1nc(-c2c[nH]cn2)c2cc(N3C(=S)N(c4ccc(C#N)c(C(F)(F)F)c4)C(=O)C3(C)C)cc(F)c2n1,C
AR,,64,CCOc1cc(=O)n2cc(N3C(=S)N(c4cnc(C#N)c(C(F)(F)F)c4)C(=O)C3(C)C)cc(F)c2n1,C
AR,,65,COCCOc1cc(=O)n2cc(N3C(=S)N(c4ccc(C#N)c(C(F)(F)F)c4)C(=O)C3(C)C)cc(F)c2n1,C
AR,,66,CCc1cc(=O)n2cc(-n3c(=S)n(-c4ccc(C#N)c(C(F)(F)F)c4)c4nccc(C)c43)cc(F)c2n1,D
AR,,67,CC1(C)C(=O)N(c2ccc(C#N)c(C(F)(F)F)c2)C(=S)N1c1cc(F)c2nc(OCCO)cc(=O)n2c1,C
AR,,68,COc1cc(=O)n2cc(N3C(=S)N(c4ccc(C#N)c(C(F)(F)F)c4)C(=O)C3(C)C)cc(F)c2n1,C
AR,,69,COCc1cc(=O)n2cc(N3C(=S)N(c4ccc(C#N)c(C(F)(F)F)c4)C(=O)C3(C)C)cc(F)c2n1,C
AR,,70,CCOc1nc(OCCO)c2cc(N3C(=S)N(c4ccc(C#N)c(C(F)(F)F)c4)C(=O)C3(C)C)cc(F)c2n1,C
AR,,71,COc1nc(OCCO)c2cc(N3C(=S)N(c4ccc(C#N)c(C(F)(F)F)c4)C(=O)C3(C)C)cc(F)c2n1,C
AR,,72,CCOc1nc(OCCO)c2cc(N3C(=S)N(c4cnc(C#N)c(C(F)(F)F)c4)C(=O)C3(C)C)cc(F)c2n1,C
AR,,73,COc1nc(OCCO)c2cc(N3C(=S)N(c4cnc(C#N)c(C(F)(F)F)c4)C(=O)C3(C)C)cc(F)c2n1,C
AR,,74,CC1(C)C(=O)N(c2cnc(C#N)c(C(F)(F)F)c2)C(=S)N1c1cc(F)c2nc(C(F)F)cc(=O)n2c1,C
AR,,75,CCc1cc(=O)n2cc(N3C(=S)N(c4cnc(C#N)c(Cl)c4)C(=O)C3(C)C)cc(F)c2n1,B
AR,CN109593061,实施例2,N#Cc1ncc(NC(=O)C2(NS(=O)(=O)c3cc(F)cc(F)c3)CC2)cc1C(F)(F)F,C
AR,,实施例9,N#Cc1ncc(NC(=O)C2(NS(=O)(=O)c3cc(F)cc(F)c3)CCC2)cc1C(F)(F)F,D
AR,,实施例10,N#Cc1ncc(NC(=O)C2(NS(=O)(=O)c3ccc(C(F)(F)F)cc3)CCC2)cc1C(F)(F)F,D
AR,,实施例11,N#Cc1ncc(NC(=O)C2(NS(=O)(=O)c3cc(C(F)(F)F)cc(C(F)(F)F)c3)CCC2)cc1C(F)(F)F,D
AR,,实施例12,N#Cc1ncc(NC(=O)C2(NS(=O)(=O)c3cc(C(F)(F)F)cc(C(F)(F)F)c3)CCCCC2)cc1C(F)(F)F,C
AR,,实施例13,CC(C)(NS(=O)(=O)c1cc(C(F)(F)F)cc(C(F)(F)F)c1)C(=O)Nc1cnc(C#N)c(C(F)(F)F)c1,D
AR,CN103608333,1,COC(=O)CCCc1ccc(N2C(=S)N(c3ccc(C#N)c(Cl)c3F)C(=O)C2(C)C)cc1,C
AR,,2,COC(=O)CCCc1ccc(N2C(=S)N(c3ccc(C#N)c(C(F)(F)F)c3F)C(=O)C2(C)C)cc1,C
AR,,3,COC(=O)CCc1ccc(N2C(=S)N(c3ccc(C#N)c(C(F)(F)F)c3F)C(=O)C2(C)C)cc1,C
AR,,4,CNC(=O)CCc1ccc(N2C(=S)N(c3ccc(C#N)c(C(F)(F)F)c3F)C(=O)C2(C)C)cc1,C
AR,,5,CNC(=O)CCCc1ccc(N2C(=S)N(c3ccc(C#N)c(C(F)(F)F)c3F)C(=O)C2(C)C)cc1,D
AR,,6,CNC(=O)CCCc1ccc(N2C(=S)N(c3cc(C(F)(F)F)c(C#N)cc3F)C(=O)C2(C)C)cc1,D
AR,,7,CNC(=O)CCCc1ccc(N2C(=S)N(c3ccc(C#N)c(Cl)c3F)C(=O)C2(C)C)cc1,D
AR,,8,CC1(C)C(=O)N(c2ccc(C#N)c(C(F)(F)F)c2F)C(=S)N1c1ccc(CCCC(N)=O)cc1,D
AR,,9,CC1(C)C(=O)N(c2ccc(C#N)c(Cl)c2F)C(=S)N1c1ccc(CCCC(N)=O)cc1,D
AR,WO2005025572,1,CCCCNc1nc([C@H]2CC[C@H]3C4CC[C@H]5N(C)C(=O)C=C[C@]5(C)C4CC[C@]23C)cs1,B
AR,,2,CN1C(=O)C=C[C@]2(C)C3CC[C@]4(C)[C@@H](c5csc(Nc6ccccc6)n5)CC[C@H]4C3CC[C@@H]12,B
AR,,3,CN1C(=O)C=C[C@]2(C)C3CC[C@]4(C)[C@@H](c5csc(Nc6ccccn6)n5)CC[C@H]4C3CC[C@@H]12,B
AR,,4,CNc1nc([C@H]2CC[C@H]3C4CC[C@H]5N(C)C(=O)C=C[C@]5(C)C4CC[C@]23C)cs1,B
AR,,5,CN(c1ccccc1)c1nc([C@H]2CC[C@H]3C4CC[C@H]5N(C)C(=O)C=C[C@]5(C)C4CC[C@]23C)cs1,B
AR,,6,CN1C(=O)C=C[C@]2(C)C3CC[C@]4(C)[C@@H](c5csc(Nc6ccc(F)cc6)n5)CC[C@H]4C3CC[C@@H]12,B
AR,,7,CN1C(=O)C=C[C@]2(C)C3CC[C@]4(C)[C@@H](c5csc(NCc6ccccc6)n5)CC[C@H]4C3CC[C@@H]12,B
AR,,8,CC(C)Nc1nc([C@H]2CC[C@H]3C4CC[C@H]5N(C)C(=O)C=C[C@]5(C)C4CC[C@]23C)cs1,B
AR,,9,CN1C(=O)C=C[C@]2(C)C3CC[C@]4(C)[C@@H](c5csc(Nc6cccnc6)n5)CC[C@H]4C3CC[C@@H]12,B
AR,,10,CN1C(=O)C=C[C@]2(C)C3CC[C@]4(C)[C@@H](c5csc(Nc6ccccc6F)n5)CC[C@H]4C3CC[C@@H]12,B
AR,,11,COCCNc1nc([C@H]2CC[C@H]3C4CC[C@H]5N(C)C(=O)C=C[C@]5(C)C4CC[C@]23C)cs1,B
AR,,12,CN1C(=O)C=C[C@]2(C)C3CC[C@]4(C)[C@@H](c5csc(NCCN6CCCCC6)n5)CC[C@H]4C3CC[C@@H]12,B
AR,,13,CN1C(=O)C=C[C@]2(C)C3CC[C@]4(C)[C@@H](c5csc(NC(C)(C)C)n5)CC[C@H]4C3CC[C@@H]12,B
AR,,14,CN1C(=O)C=C[C@]2(C)C3CC[C@]4(C)[C@@H](c5csc(Nc6ccc(C#N)cc6)n5)CC[C@H]4C3CC[C@@H]12,B
AR,,15,CN1C(=O)C=C[C@]2(C)C3CC[C@]4(C)[C@@H](c5csc(NC6CCCCC6)n5)CC[C@H]4C3CC[C@@H]12,B
AR,,16,CN1C(=O)C=C[C@]2(C)C3CC[C@]4(C)[C@@H](c5csc(NCc6ccncc6)n5)CC[C@H]4C3CC[C@@H]12,B
AR,,17,CN1C(=O)C=C[C@]2(C)C3CC[C@]4(C)[C@@H](c5csc(Nc6ncccn6)n5)CC[C@H]4C3CC[C@@H]12,B
AR,,18,CN1C(=O)C=C[C@]2(C)C3CC[C@]4(C)[C@@H](c5csc(Nc6ccncc6)n5)CC[C@H]4C3CC[C@@H]12,B
AR,,19,CN1C(=O)C=C[C@]2(C)C3CC[C@]4(C)[C@@H](c5csc(NCC6CC6)n5)CC[C@H]4C3CC[C@@H]12,B
AR,,20,CCCNc1nc([C@H]2CC[C@H]3C4CC[C@H]5N(C)C(=O)C=C[C@]5(C)C4CC[C@]23C)cs1,B
AR,,21,C=CCNc1nc([C@H]2CC[C@H]3C4CC[C@H]5N(C)C(=O)C=C[C@]5(C)C4CC[C@]23C)cs1,B
AR,,22,CCCCCCCNc1nc([C@H]2CC[C@H]3C4CC[C@H]5N(C)C(=O)C=C[C@]5(C)C4CC[C@]23C)cs1,B
AR,,23,CCCCCCCCNc1nc([C@H]2CC[C@H]3C4CC[C@H]5N(C)C(=O)C=C[C@]5(C)C4CC[C@]23C)cs1,B
AR,,24,CCCCCCNc1nc([C@H]2CC[C@H]3C4CC[C@H]5N(C)C(=O)C=C[C@]5(C)C4CC[C@]23C)cs1,B
AR,,25,Cc1nnc(Nc2nc([C@H]3CC[C@H]4C5CC[C@H]6N(C)C(=O)C=C[C@]6(C)C5CC[C@]34C)cs2)s1,B
AR,,26,COCCCNc1nc([C@H]2CC[C@H]3C4CC[C@H]5N(C)C(=O)C=C[C@]5(C)C4CC[C@]23C)cs1,B
AR,,27,CN1C(=O)C=C[C@]2(C)C3CC[C@]4(C)[C@@H](c5csc(NCCN6CCOCC6)n5)CC[C@H]4C3CC[C@@H]12,B
AR,,28,CN1C(=O)C=C[C@]2(C)C3CC[C@]4(C)[C@@H](c5csc(NCC(F)(F)F)n5)CC[C@H]4C3CC[C@@H]12,B
AR,,29,CN1C(=O)C=C[C@]2(C)C3CC[C@]4(C)[C@@H](c5csc(NCCc6ccccn6)n5)CC[C@H]4C3CC[C@@H]12,B
AR,,30,CN1C(=O)C=C[C@]2(C)C3CC[C@]4(C)[C@@H](c5csc(N)n5)CC[C@H]4C3CC[C@@H]12,B
AR,,31,CN1C(=O)C=C[C@]2(C)C3CC[C@]4(C)[C@@H](c5csc(NC(=N)N)n5)CC[C@H]4C3CC[C@@H]12,B
AR,,32,CN1C(=O)C=C[C@]2(C)C3CC[C@]4(C)[C@@H](c5csc(NC(=O)c6cncn6C)n5)CC[C@H]4C3CC[C@@H]12,B
AR,,33,CC(=O)Nc1nc([C@H]2CC[C@H]3C4CC[C@H]5N(C)C(=O)C=C[C@]5(C)C4CC[C@]23C)cs1,B
AR,,34,CN1C(=O)C=C[C@]2(C)C3CC[C@]4(C)[C@@H](c5csc(NC(=O)c6ccccc6)n5)CC[C@H]4C3CC[C@@H]12,B
AR,,35,CN1C(=O)C=C[C@]2(C)C3CC[C@]4(C)[C@@H](c5csc(NC(=O)c6ccsc6)n5)CC[C@H]4C3CC[C@@H]12,B
AR,,36,CN1C(=O)C=C[C@]2(C)C3CC[C@]4(C)[C@@H](c5csc(NC(=O)c6ccco6)n5)CC[C@H]4C3CC[C@@H]12,B
AR,,37,CN1C(=O)C=C[C@]2(C)C3CC[C@]4(C)[C@@H](c5csc(NC(=O)c6cnccn6)n5)CC[C@H]4C3CC[C@@H]12,B
AR,,38,CN1C(=O)C=C[C@]2(C)C3CC[C@]4(C)[C@@H](c5csc(NC(=O)c6ccccn6)n5)CC[C@H]4C3CC[C@@H]12,B
AR,,39,CN1C(=O)C=C[C@]2(C)C3CC[C@]4(C)[C@@H](c5csc(NC(=O)c6cccs6)n5)CC[C@H]4C3CC[C@@H]12,B
AR,,40,CN1C(=O)C=C[C@]2(C)C3CC[C@]4(C)[C@@H](c5csc(NC(=O)c6cccnc6)n5)CC[C@H]4C3CC[C@@H]12,B
AR,,41,CN1C(=O)C=C[C@]2(C)C3CC[C@]4(C)[C@@H](c5csc(NC(=O)c6ccncc6)n5)CC[C@H]4C3CC[C@@H]12,B
AR,,42,Cc1cc(C(=O)Nc2nc([C@H]3CC[C@H]4C5CC[C@H]6N(C)C(=O)C=C[C@]6(C)C5CC[C@]34C)cs2)n(C(C)(C)C)n1,B
AR,,43,CN1CCCC1C(=O)Nc1nc([C@H]2CC[C@H]3C4CC[C@H]5N(C)C(=O)C=C[C@]5(C)C4CC[C@]23C)cs1,B
AR,,44,CN1C(=O)C=C[C@]2(C)C3CC[C@]4(C)[C@@H](c5csc(NC(=O)c6nccn6C)n5)CC[C@H]4C3CC[C@@H]12,B
AR,,45,CN1C(=O)C=C[C@]2(C)C3CC[C@]4(C)[C@@H](c5csc(NC(=O)c6ncc[nH]6)n5)CC[C@H]4C3CC[C@@H]12,B
AR,,46,CN1C(=O)C=C[C@]2(C)C3CC[C@]4(C)[C@@H](c5csc(NS(C)(=O)=O)n5)CC[C@H]4C3CC[C@@H]12,B
AR,,47,CCOC(=O)Nc1nc([C@H]2CC[C@H]3C4CC[C@H]5N(C)C(=O)C=C[C@]5(C)C4CC[C@]23C)cs1,B
AR,,48,CC(C)OC(=O)Nc1nc([C@H]2CC[C@H]3C4CC[C@H]5N(C)C(=O)C=C[C@]5(C)C4CC[C@]23C)cs1,B
AR,,49,CN1C(=O)C=C[C@]2(C)C3CC[C@]4(C)[C@@H](c5csc(NC(=O)OCCF)n5)CC[C@H]4C3CC[C@@H]12,B
AR,,50,CN1C(=O)C=C[C@]2(C)C3CC[C@]4(C)[C@@H](c5csc(NC(=O)OC(C)(C)C)n5)CC[C@H]4C3CC[C@@H]12,B
AR,,51,CN1C(=O)C=C[C@]2(C)C3CC[C@]4(C)[C@@H](c5csc(NC(N)=O)n5)CC[C@H]4C3CC[C@@H]12,B
AR,,52,CN1C(=O)C=C[C@]2(C)C3CC[C@]4(C)[C@@H](c5csc(NC(=O)Nc6ccccn6)n5)CC[C@H]4C3CC[C@@H]12,B
AR,,53,CN1C(=O)C=C[C@]2(C)C3CC[C@]4(C)[C@@H](c5csc(NC(=O)NC6CC6)n5)CC[C@H]4C3CC[C@@H]12,B
AR,,54,CN1C(=O)C=C[C@]2(C)C3CC[C@]4(C)[C@@H](c5csc(NC(=O)NC6CCCCC6)n5)CC[C@H]4C3CC[C@@H]12,B
AR,,55,CN1C(=O)C=C[C@]2(C)C3CC[C@]4(C)[C@@H](c5csc(NC(=O)NCC6CCCCC6)n5)CC[C@H]4C3CC[C@@H]12,B
AR,,56,CN1C(=O)C=C[C@]2(C)C3CC[C@]4(C)[C@@H](c5csc(NC(=O)NN6CCOCC6)n5)CC[C@H]4C3CC[C@@H]12,B
AR,,57,CN1C(=O)C=C[C@]2(C)C3CC[C@]4(C)[C@@H](c5csc(NC(=O)NN6CCNCC6)n5)CC[C@H]4C3CC[C@@H]12,B
AR,,58,CC(C)NC(=O)Nc1nc([C@H]2CC[C@H]3C4CC[C@H]5N(C)C(=O)C=C[C@]5(C)C4CC[C@]23C)cs1,B
AR,,59,CN1C(=O)C=C[C@]2(C)C3CC[C@]4(C)[C@@H](c5csc(NC(=O)Nc6cccnc6)n5)CC[C@H]4C3CC[C@@H]12,B
AR,,60,CNCCNC(=O)Nc1nc([C@H]2CC[C@H]3C4CC[C@H]5N(C)C(=O)C=C[C@]5(C)C4CC[C@]23C)cs1,B
AR,,63,Cc1nc([C@H]2CC[C@H]3C4CC[C@H]5N(C)C(=O)C=C[C@]5(C)C4CC[C@]23C)cs1,B
AR,,64,CN1C(=O)C=C[C@]2(C)C3CC[C@]4(C)[C@@H](c5csc(-c6cccnc6)n5)CC[C@H]4C3CC[C@@H]12,B
AR,,65,CCOC(=O)c1nc([C@H]2CC[C@H]3C4CC[C@H]5N(C)C(=O)C=C[C@]5(C)C4CC[C@]23C)cs1,B
AR,,66,CN1C(=O)C=C[C@]2(C)C3CC[C@]4(C)[C@@H](c5csc(CC#N)n5)CC[C@H]4C3CC[C@@H]12,B
AR,,67,CN1C(=O)C=C[C@]2(C)C3CC[C@]4(C)[C@@H](c5csc(-c6ccccc6Cl)n5)CC[C@H]4C3CC[C@@H]12,B
AR,,68,Cc1nc([C@H]2CC[C@H]3C4CC[C@H]5N(C)C(=O)C=C[C@]5(C)C4CC[C@]23C)c[nH]1,B
AR,,69,CN1C(=O)C=C[C@]2(C)C3CC[C@]4(C)[C@@H](c5c[nH]c(-c6ccccc6)n5)CC[C@H]4C3CC[C@@H]12,B
AR,,70,Cc1cc(C)n(-c2nc([C@H]3CC[C@H]4C5CC[C@H]6N(C)C(=O)C=C[C@]6(C)C5CC[C@]34C)c[nH]2)n1,B
AR,,71,CC(=O)Nc1nc([C@H]2CC[C@H]3C4CC[C@H]5N(C)C(=O)C=C[C@]5(C)C4CC[C@]23C)c[nH]1,B
AR,,72,CN1C(=O)C=C[C@]2(C)C3CC[C@]4(C)[C@@H](c5n[nH]c(N)n5)CC[C@H]4C3CC[C@@H]12,B
AR,,73,CN1C(=O)C=C[C@]2(C)C3CC[C@]4(C)[C@@H](c5n[nH]c(NC(N)=O)n5)CC[C@H]4C3CC[C@@H]12,B
AR,,74,CNC(=O)Nc1nc([C@H]2CC[C@H]3C4CC[C@H]5N(C)C(=O)C=C[C@]5(C)C4CC[C@]23C)n[nH]1,B
AR,,75,CN(C)C(=O)Nc1nc([C@H]2CC[C@H]3C4CC[C@H]5N(C)C(=O)C=C[C@]5(C)C4CC[C@]23C)n[nH]1,B
AR,CN103842348,1,Cc1c(N[C@@H]2CCC[C@@]2(C)O)ccc(C#N)c1Cl,A
AR,,2,Cc1c(N[C@H]2CCC[C@@]2(C)O)ccc(C#N)c1Cl,A
AR,,5,Cc1c(N[C@H]2CCCC[C@]2(C)O)ccc(C#N)c1Cl,A
AR,,16,Cc1c(N[C@H]2COC[C@@]2(C)O)ccc(C#N)c1Cl,A
AR,,20,Cc1c(N[C@H]2CC[C@H](O)[C@]2(C)O)ccc(C#N)c1Cl,A
AR,,32,CCc1c(NC2CCOCC2(C)O)ccc(C#N)c1Cl,B
AR,US20190330190,1,CC1(C)C(=O)N(c2ccc(C#N)c(C(F)(F)F)c2)C(=S)N1c1ccc(OC2CCNCC2)cc1,A
AR,,2,CN1CCC(Oc2ccc(N3C(=S)N(c4ccc(C#N)c(C(F)(F)F)c4)C(=O)C3(C)C)cc2)CC1,A
AR,,3,CC1(C)C(=O)N(c2ccc(C#N)c(C(F)(F)F)c2)C(=S)N1c1ccc(OC2CCNCC2)nc1,A
AR,,4,CN1CCC(Oc2ccc(N3C(=S)N(c4ccc(C#N)c(C(F)(F)F)c4)C(=O)C3(C)C)cn2)CC1,A
AR,,5,CC1(C)C(=O)N(c2ccc(C#N)c(C(F)(F)F)c2)C(=S)N1c1cnc(OC2CCNCC2)nc1,B
AR,,6,CN1CCC(Oc2ncc(N3C(=S)N(c4ccc(C#N)c(C(F)(F)F)c4)C(=O)C3(C)C)cn2)CC1,A
AR,,7,CC1(C)C(=O)N(c2ccc(C#N)c(Cl)c2)C(=S)N1c1ccc(OC2CCNCC2)cc1,A
AR,,8,CN1CCC(Oc2ccc(N3C(=S)N(c4ccc(C#N)c(Cl)c4)C(=O)C3(C)C)cc2)CC1,A
AR,,9,CC1(C)C(=O)N(c2ccc(C#N)c(Cl)c2)C(=S)N1c1ccc(OC2CCNCC2)nc1,A
AR,,10,CN1CCC(Oc2ccc(N3C(=S)N(c4ccc(C#N)c(Cl)c4)C(=O)C3(C)C)cn2)CC1,A
AR,,11,N#Cc1ccc(N2C(=O)C3(CCC3)N(c3ccc(OC4CCNCC4)cc3)C2=S)cc1C(F)(F)F,B
AR,,12,CN1CCC(Oc2ccc(N3C(=S)N(c4ccc(C#N)c(C(F)(F)F)c4)C(=O)C34CCC4)cc2)CC1,B
AR,,13,N#Cc1ccc(N2C(=O)C3(CCC3)N(c3ccc(OC4CCNCC4)nc3)C2=S)cc1C(F)(F)F,A
AR,,14,CN1CCC(Oc2ccc(N3C(=S)N(c4ccc(C#N)c(C(F)(F)F)c4)C(=O)C34CCC4)cn2)CC1,A
AR,,15,N#Cc1ccc(N2C(=O)C3(CCC3)N(c3cnc(OC4CCNCC4)nc3)C2=S)cc1C(F)(F)F,B
AR,,16,CN1CCC(Oc2ncc(N3C(=S)N(c4ccc(C#N)c(C(F)(F)F)c4)C(=O)C34CCC4)cn2)CC1,B
AR,,17,Cc1cc(N2C(=O)C3(CCC3)N(c3ccc(OC4CCN(C)CC4)cc3)C2=S)ccc1C#N,B
AR,,18,Cc1cc(N2C(=O)C3(CCC3)N(c3ccc(OC4CCN(C)CC4)nc3)C2=S)ccc1C#N,A
AR,,19,COc1cc(N2C(=O)C3(CCC3)N(c3ccc(OC4CCN(C)CC4)cc3)C2=S)ccc1C#N,B
AR,,20,COc1cc(N2C(=O)C3(CCC3)N(c3ccc(OC4CCN(C)CC4)nc3)C2=S)ccc1C#N,B
AR,,21,N#Cc1ccc(N2C(=O)C3(CCC3)N(c3ccc(OC4CCNCC4)cc3)C2=S)cc1Cl,B
AR,,22,CN1CCC(Oc2ccc(N3C(=S)N(c4ccc(C#N)c(Cl)c4)C(=O)C34CCC4)cc2)CC1,B
AR,,23,N#Cc1ccc(N2C(=O)C3(CCC3)N(c3ccc(OC4CCNCC4)nc3)C2=S)cc1Cl,A
AR,,24,CN1CCC(Oc2ccc(N3C(=S)N(c4ccc(C#N)c(Cl)c4)C(=O)C34CCC4)cn2)CC1,A
AR,CN102596910,8,O=C(NCCc1ccc(-c2ccc(Cl)c(Cl)c2)o1)c1cc(C(=O)N2CCOCC2)n[nH]1,A
AR,,32,Cc1cc(-c2ccn(C[C@H](C)NC(=O)c3cc(-c4ccco4)n[nH]3)n2)ccc1C#N,A
AR,,34,CC(=O)c1cc(C(=O)N[C@@H](C)Cn2ccc(-c3ccc(C#N)c(Cl)c3)n2)[nH]n1,A
AR,,52,N#Cc1ccc(-c2ccn(CCNC(=O)c3cc(-c4cccnc4)n[nH]3)n2)cc1C#N,A
AR,,56,CC(O)c1cc(C(=O)N[C@@H](C)Cn2ccc(-c3ccc(C#N)c(Cl)c3)n2)[nH]n1,A
AR,,53,Cc1cc(-c2ccn(CCNC(=O)c3cc(-c4cccnc4)n[nH]3)n2)ccc1C#N,A
AR,,91,CCc1noc(C(=O)N[C@@H](C)Cn2ccc(-c3ccc(C#N)c(Cl)c3)n2)n1,A
AR,,94,Cc1nc(-c2cc(C(=O)N[C@@H](C)Cn3ccc(-c4ccc(C#N)c(Cl)c4)n3)n[nH]2)cs1,A
AR,,103,Cc1noc(C(=O)N[C@@H](C)Cn2ccc(-c3ccc(C#N)c(Cl)c3)n2)n1,A
AR,,124,CC(O)c1cc(C(=O)N[C@@H](C)Cn2ccc(-c3ccc(C#N)c(Cl)c3)n2)no1,A
AR,,132,C[C@H](Cn1ccc(-c2ccc(C#N)c(Cl)c2)n1)NC(=O)c1csc(N2CCOCC2)n1,A
AR,,186,Cc1c(-c2ccn(C[C@H](C)NC(=O)c3csc(C(C)O)n3)n2)ccc(C#N)c1Cl,A
AR,,206,C[C@@H](Cn1ccc(-c2ccc(C#N)c(Cl)c2)n1)NC(=O)c1csc(-c2cn[nH]c2)n1,A
AR,,219,CC(=O)c1cc(C(=O)NC[C@H](C)n2ccc(-c3cc(F)c(C#N)c(F)c3)n2)[nH]n1,A
AR,,222,C[C@H](CNC(=O)c1csc(CC#N)n1)n1ccc(-c2cc(F)c(C#N)c(F)c2)n1,A
AR,,248,Cc1nc(C(=O)N[C@@H](C)Cn2ccc(-c3ccc(C#N)c(Cl)c3)n2)c[nH]1,A
AR,,249,Cc1nc(C(=O)N[C@@H](C)Cn2ccc(-c3cc(F)c(C#N)c(Cl)c3)n2)c[nH]1,A
AR,,324,C[C@@H](Cn1ccc(-c2cc(F)c(C#N)c(Cl)c2)n1)NC(=O)c1cn2ccccc2n1,A
AR,,338,C[C@@H](Cn1ccc(-c2ccc(C#N)c(Cl)c2)n1)NC(=O)c1[nH]nc2c1COCC2,A
AR,,比卡鲁胺,CC(O)(CS(=O)(=O)c1ccc(F)cc1)C(=O)Nc1ccc(C#N)c(C(F)(F)F)c1,A
AR,WO2006024942,1,CC1(C)COC(=O)C1Oc1ccc(C#N)c(C(F)(F)F)c1,B
AR,,2,CC1(C)COC(=O)[C@@H]1Oc1ccc(C#N)c(C(F)(F)F)c1,A
AR,,4,N#Cc1ccc(OC2CCOC2=O)cc1C(F)(F)F,D
AR,,5,N#Cc1ccc(OC2CCOC2=O)cc1C(F)(F)F,D
AR,,6,N#Cc1ccc(OC2CCOC2=O)cc1C(F)(F)F,C
AR,US20070072936,5,CC1(C)CN(Cc2ccccc2)C(=O)C1Oc1ccc(C#N)c(C(F)(F)F)c1,A
AR,,6,CC1(C)CN(Cc2ccccc2)C(=O)C1Oc1ccc(C#N)c(C(F)(F)F)c1,A
AR,,7,COc1ccc(CN2CC(C)(C)C(Oc3ccc(C#N)c(C(F)(F)F)c3)C2=O)cc1,B
AR,,8,CC1(C)CN(Cc2ccc(O)cc2)C(=O)C1Oc1ccc(C#N)c(C(F)(F)F)c1,A
AR,,10,COc1ccccc1CN1CC(C)(C)C(Oc2ccc(C#N)c(C(F)(F)F)c2)C1=O,B
AR,,11,CC1(C)CN(Cc2ccccc2O)C(=O)C1Oc1ccc(C#N)c(C(F)(F)F)c1,A
AR,,12,COc1cccc(CN2CC(C)(C)C(Oc3ccc(C#N)c(C(F)(F)F)c3)C2=O)c1,B
AR,,13,CC1(C)CN(Cc2cccc(O)c2)C(=O)C1Oc1ccc(C#N)c(C(F)(F)F)c1,A
AR,,14,CC1(C)CN(Cc2cccc(O)c2)C(=O)C1Oc1ccc(C#N)c(C(F)(F)F)c1,A
AR,,15,CC1(C)CN(Cc2ccccc2F)C(=O)C1Oc1ccc(C#N)c(C(F)(F)F)c1,A
AR,,17,CC1(C)CN(Cc2ccc(F)cc2)C(=O)C1Oc1ccc(C#N)c(C(F)(F)F)c1,B
AR,,18,CC1(C)CN(Cc2cc(O)cc(O)c2)C(=O)C1Oc1ccc(C#N)c(C(F)(F)F)c1,A
AR,,19,CCCCN1CC(C)(C)C(Oc2ccc(C#N)c(C(F)(F)F)c2)C1=O,B
AR,,20,CCCCN1CC(C)(C)C(Oc2ccc(C#N)c(C(F)(F)F)c2)C1=O,A
AR,,21,CCN1CC(C)(C)C(Oc2ccc(C#N)c(C(F)(F)F)c2)C1=O,B
AR,,22,CSc1ccc(CN2CC(C)(C)C(Oc3ccc(C#N)c(C(F)(F)F)c3)C2=O)cc1,A
AR,,23,COc1cccc(C(C)N2CC(C)(C)C(Oc3ccc(C#N)c(C(F)(F)F)c3)C2=O)c1,A
AR,,24,CC(c1cccc(O)c1)N1CC(C)(C)C(Oc2ccc(C#N)c(C(F)(F)F)c2)C1=O,A
AR,,25,COC(=O)c1cccc(CN2CC(C)(C)C(Oc3ccc(C#N)c(C(F)(F)F)c3)C2=O)c1,A
AR,,26,CC1(C)CN(Cc2cccc(C(=O)O)c2)C(=O)C1Oc1ccc(C#N)c(C(F)(F)F)c1,B
AR,,27,CC(C)OC(=O)c1ccc(CN2CC(C)(C)C(Oc3ccc(C#N)c(C(F)(F)F)c3)C2=O)o1,A
AR,,28,COC(=O)c1ccc(CN2CC(C)(C)C(Oc3ccc(C#N)c(C(F)(F)F)c3)C2=O)o1,B
AR,,29,CCOC(=O)c1ccc(CN2CC(C)(C)C(Oc3ccc(C#N)c(C(F)(F)F)c3)C2=O)o1,B
AR,,30,COC(=O)c1csc(CN2CC(C)(C)C(Oc3ccc(C#N)c(C(F)(F)F)c3)C2=O)n1,B
AR,,31,CCCCCN1CC(C)(C)C(Oc2ccc(C#N)c(C(F)(F)F)c2)C1=O,B
AR,,32,CC1(C)CN(CC2CC2)C(=O)C1Oc1ccc(C#N)c(C(F)(F)F)c1,B
AR,,33,CCC(CC)CN1CC(C)(C)C(Oc2ccc(C#N)c(C(F)(F)F)c2)C1=O,B
AR,,34,CC1(C)CN(Cc2cccc(C(F)(F)F)c2)C(=O)C1Oc1ccc(C#N)c(C(F)(F)F)c1,B
AR,,35,CC1(C)CN(Cc2ccncc2)C(=O)C1Oc1ccc(C#N)c(C(F)(F)F)c1,B
AR,,36,CC1(C)CN(Cc2ccc(SC(F)(F)F)cc2)C(=O)C1Oc1ccc(C#N)c(C(F)(F)F)c1,B
AR,,37,COC(=O)c1ccc(CN2CC(C)(C)C(Oc3ccc(C#N)c(C(F)(F)F)c3)C2=O)cc1,A
AR,,38,CC1(C)CN(Cc2csc(-c3ccccc3)n2)C(=O)C1Oc1ccc(C#N)c(C(F)(F)F)c1,B
AR,,39,CC1(C)CN(Cc2ccc3nsnc3c2)C(=O)C1Oc1ccc(C#N)c(C(F)(F)F)c1,A
AR,,40,CC1(C)CN(Cc2nc3ccccc3s2)C(=O)C1Oc1ccc(C#N)c(C(F)(F)F)c1,A
AR,,41,CC1(C)CN(Cc2cccc3nsnc23)C(=O)C1Oc1ccc(C#N)c(C(F)(F)F)c1,B
AR,,42,CC1(C)CN(Cc2cccc(OC(F)F)c2)C(=O)C1Oc1ccc(C#N)c(C(F)(F)F)c1,B
AR,,43,Cc1ccc(Cc2noc(CN3CC(C)(C)C(Oc4ccc(C#N)c(C(F)(F)F)c4)C3=O)n2)cc1,B
AR,,44,CC1(C)CN(Cc2ccc(S(C)(=O)=O)cc2)C(=O)C1Oc1ccc(C#N)c(C(F)(F)F)c1,B
AR,,45,CC1(C)CN(Cc2cccc(C#N)c2)C(=O)C1Oc1ccc(C#N)c(C(F)(F)F)c1,A
AR,,46,CC1(C)CN(Cc2noc(-c3ccccc3)n2)C(=O)C1Oc1ccc(C#N)c(C(F)(F)F)c1,A
AR,,47,CC1(C)CN(Cc2ccccc2C#N)C(=O)C1Oc1ccc(C#N)c(C(F)(F)F)c1,A
AR,,48,CC1(C)CN(Cc2ccc(C#N)cc2)C(=O)C1Oc1ccc(C#N)c(C(F)(F)F)c1,B
AR,,49,CC1(C)CN(Cc2nc(-c3ccncc3)no2)C(=O)C1Oc1ccc(C#N)c(C(F)(F)F)c1,B
AR,,50,COc1ccc(Cc2noc(CN3CC(C)(C)C(Oc4ccc(C#N)c(C(F)(F)F)c4)C3=O)n2)cc1,B
AR,,51,COc1ccccc1-c1nc(CN2CC(C)(C)C(Oc3ccc(C#N)c(C(F)(F)F)c3)C2=O)no1,B
AR,,52,CC1(C)CN(Cc2nc(-c3ccccc3)no2)C(=O)C1Oc1ccc(C#N)c(C(F)(F)F)c1,B
AR,,53,CC1(C)CN(CC2CCCCC2)C(=O)C1Oc1ccc(C#N)c(C(F)(F)F)c1,B
AR,,54,CC1(C)CN(Cc2ccc3ccccc3n2)C(=O)C1Oc1ccc(C#N)c(C(F)(F)F)c1,B
AR,,55,Cn1c(CN2CC(C)(C)C(Oc3ccc(C#N)c(C(F)(F)F)c3)C2=O)nc2ccccc21,B
AR,,56,CC1(C)CN(Cc2nnc(-c3ccccc3)o2)C(=O)C1Oc1ccc(C#N)c(C(F)(F)F)c1,B
AR,,57,CC1(C)CN(Cc2ccc3nonc3c2)C(=O)C1Oc1ccc(C#N)c(C(F)(F)F)c1,A
AR,,58,COC(=O)c1ccoc1CN1CC(C)(C)C(Oc2ccc(C#N)c(C(F)(F)F)c2)C1=O,B
AR,,59,Cc1onc(-c2ccccc2)c1CN1CC(C)(C)C(Oc2ccc(C#N)c(C(F)(F)F)c2)C1=O,B
AR,,60,CC1(C)CN(Cc2ccc(-n3cccn3)cc2)C(=O)C1Oc1ccc(C#N)c(C(F)(F)F)c1,B
AR,,61,Cc1ccc(-c2nnc(CN3CC(C)(C)C(Oc4ccc(C#N)c(C(F)(F)F)c4)C3=O)o2)cc1,B
AR,,62,CC1(C)CN(Cc2ccc(-n3cncn3)cc2)C(=O)C1Oc1ccc(C#N)c(C(F)(F)F)c1,B
AR,,63,CC1(C)CN(Cc2nc(-c3ccc(C4SCCS4)cc3)no2)C(=O)C1Oc1ccc(C#N)c(C(F)(F)F)c1,B
AR,,64,CC1(C)CN(CC2CCC2)C(=O)C1Oc1ccc(C#N)c(C(F)(F)F)c1,B
AR,,65,CC1(C)CN(Cc2nc(-c3ccc([N+](=O)[O-])cc3)cs2)C(=O)C1Oc1ccc(C#N)c(C(F)(F)F)c1,A
AR,,66,COc1ccc(-c2nc(CN3CC(C)(C)C(Oc4ccc(C#N)c(C(F)(F)F)c4)C3=O)no2)cc1,B
AR,,67,CC1(C)CN(Cc2nc(-c3cccc([N+](=O)[O-])c3)no2)C(=O)C1Oc1ccc(C#N)c(C(F)(F)F)c1,B
AR,,71,C[C@@H](c1ccc(F)cc1)N1CC(C)(C)[C@@H](Oc2ccc(C#N)c(C(F)(F)F)c2)C1=O,B
AR,,73,CC1(C)CN(S(=O)(=O)c2ccccc2)C(=O)C1Oc1ccc(C#N)c(C(F)(F)F)c1,B
AR,,74,COc1cccc(S(=O)(=O)N2CC(C)(C)C(Oc3ccc(C#N)c(C(F)(F)F)c3)C2=O)c1,B
AR,,75,CCCS(=O)(=O)N1CC(C)(C)C(Oc2ccc(C#N)c(C(F)(F)F)c2)C1=O,A
AR,,76,Cc1noc(C)c1S(=O)(=O)N1CC(C)(C)C(Oc2ccc(C#N)c(C(F)(F)F)c2)C1=O,B
AR,,77,Cc1n[nH]c(C)c1S(=O)(=O)N1CC(C)(C)C(Oc2ccc(C#N)c(C(F)(F)F)c2)C1=O,B
AR,,78,CCS(=O)(=O)N1CC(C)(C)C(Oc2ccc(C#N)c(C(F)(F)F)c2)C1=O,B
AR,,79,CC(C)S(=O)(=O)N1CC(C)(C)C(Oc2ccc(C#N)c(C(F)(F)F)c2)C1=O,B
AR,,80,CC1(C)CN(S(=O)(=O)c2ccccc2F)C(=O)C1Oc1ccc(C#N)c(C(F)(F)F)c1,A
AR,,81,CC1(C)CN(S(C)(=O)=O)C(=O)C1Oc1ccc(C#N)c(C(F)(F)F)c1,B
AR,,82,CCCS(=O)(=O)N1CC(C)(C)C(Oc2ccc(C#N)c(C(F)(F)F)c2)C1=O,A
AR,,83,CC1(C)CN(S(=O)(=O)C2CC2)C(=O)C1Oc1ccc(C#N)c(C(F)(F)F)c1,A
AR,,84,CC1(C)CN(S(=O)(=O)c2ccsc2)C(=O)C1Oc1ccc(C#N)c(C(F)(F)F)c1,A
AR,,85,Cc1ccc(S(=O)(=O)N2CC(C)(C)C(Oc3ccc(C#N)c(C(F)(F)F)c3)C2=O)s1,B
AR,,86,Cc1csc(S(=O)(=O)N2CC(C)(C)C(Oc3ccc(C#N)c(C(F)(F)F)c3)C2=O)c1,B
AR,,87,Cc1ccsc1S(=O)(=O)N1CC(C)(C)C(Oc2ccc(C#N)c(C(F)(F)F)c2)C1=O,B
AR,,88,CC1(C)CN(S(=O)(=O)c2cccc(C#N)c2)C(=O)C1Oc1ccc(C#N)c(C(F)(F)F)c1,B
AR,,89,Cc1nc(C)c(S(=O)(=O)N2CC(C)(C)C(Oc3ccc(C#N)c(C(F)(F)F)c3)C2=O)s1,B
AR,,90,CCCCS(=O)(=O)N1CC(C)(C)C(Oc2ccc(C#N)c(C(F)(F)F)c2)C1=O,B
AR,,91,CC1(C)CN(S(=O)(=O)c2ccccc2C#N)C(=O)C1Oc1ccc(C#N)c(C(F)(F)F)c1,B
AR,,92,Cc1cc(S(=O)(=O)N2CC(C)(C)C(Oc3ccc(C#N)c(C(F)(F)F)c3)C2=O)c(C)s1,B
AR,,93,CC1(C)CN(S(=O)(=O)c2cccs2)C(=O)C1Oc1ccc(C#N)c(C(F)(F)F)c1,A
AR,,94,Cc1ccccc1S(=O)(=O)N1CC(C)(C)C(Oc2ccc(C#N)c(C(F)(F)F)c2)C1=O,B
AR,,99,CSCN1CC(C)(C)C(Oc2ccc(C#N)c(C(F)(F)F)c2)C1=O,B
AR,,100,CC1(C)CN(S(C)(=O)=O)C(=O)C1Oc1ccc(C#N)c(C(F)(F)F)c1,A
AR,,111,Cc1ccccc1-c1nnc(CN2CC(C)(C)C(Oc3ccc(C#N)c(C(F)(F)F)c3)C2=O)o1,B
AR,,112,CC1(C)CN(Cc2nnc(-c3ccccc3O)o2)C(=O)C1Oc1ccc(C#N)c(C(F)(F)F)c1,A
AR,,113,CC1(C)CN(Cc2nnc(-c3cccc(O)c3)o2)C(=O)C1Oc1ccc(C#N)c(C(F)(F)F)c1,B
AR,,114,CC1(C)CN(Cc2nnc(-c3ccc(O)cc3)o2)C(=O)C1Oc1ccc(C#N)c(C(F)(F)F)c1,A
AR,,115,CC1(C)CN(Cc2nnc(-c3cccc(F)c3)o2)C(=O)C1Oc1ccc(C#N)c(C(F)(F)F)c1,B
AR,,116,CC1(C)CN(Cc2nnc(-c3ccc(F)cc3)o2)C(=O)C1Oc1ccc(C#N)c(C(F)(F)F)c1,B
AR,,117,Cc1ccc(-c2nnc(CN3CC(C)(C)C(Oc4ccc(C#N)c(C(F)(F)F)c4)C3=O)o2)s1,B
AR,,118,COc1cccc(-c2nnc(CN3CC(C)(C)C(Oc4ccc(C#N)c(C(F)(F)F)c4)C3=O)o2)c1,B
AR,,119,COc1ccc(-c2nnc(CN3CC(C)(C)C(Oc4ccc(C#N)c(C(F)(F)F)c4)C3=O)o2)cc1,A
AR,,120,CC1(C)CN(Cc2nnc(-c3cccc(Cl)c3)o2)C(=O)C1Oc1ccc(C#N)c(C(F)(F)F)c1,B
AR,,121,COc1ccccc1-c1nnc(CN2CC(C)(C)C(Oc3ccc(C#N)c(C(F)(F)F)c3)C2=O)o1,B
AR,,122,Cc1cccc(-c2nnc(CN3CC(C)(C)C(Oc4ccc(C#N)c(C(F)(F)F)c4)C3=O)o2)c1,B
AR,,123,CC1(C)CN(Cc2nnc(-c3ccc(O)cc3O)o2)C(=O)C1Oc1ccc(C#N)c(C(F)(F)F)c1,A
AR,,124,CCOc1cccc(-c2nnc(CN3CC(C)(C)C(Oc4ccc(C#N)c(C(F)(F)F)c4)C3=O)o2)c1,B
AR,,125,CC1(C)CN(Cc2nnc(-c3ccc(Cl)cc3)o2)C(=O)C1Oc1ccc(C#N)c(C(F)(F)F)c1,B
AR,,126,Cc1nnsc1-c1nnc(CN2CC(C)(C)C(Oc3ccc(C#N)c(C(F)(F)F)c3)C2=O)o1,B
AR,,127,CC1(C)CN(Cc2nnc(-c3ccccc3Cl)o2)C(=O)C1Oc1ccc(C#N)c(C(F)(F)F)c1,B
AR,,128,CC(c1nnc(-c2ccccc2)o1)N1CC(C)(C)C(Oc2ccc(C#N)c(C(F)(F)F)c2)C1=O,A
AR,,129,Cc1ccc(-c2nnc(C(C)N3CC(C)(C)C(Oc4ccc(C#N)c(C(F)(F)F)c4)C3=O)o2)cc1,A
AR,,130,CC(c1nnc(-c2ccccc2O)o1)N1CC(C)(C)C(Oc2ccc(C#N)c(C(F)(F)F)c2)C1=O,A
AR,,132,CC(c1nnc(-c2ccc(O)cc2O)o1)N1CC(C)(C)C(Oc2ccc(C#N)c(C(F)(F)F)c2)C1=O,A
AR,,133,COc1ccccc1-c1nnc(C(C)N2CC(C)(C)C(Oc3ccc(C#N)c(C(F)(F)F)c3)C2=O)o1,A
AR,,134,COc1cccc(-c2nnc(C(C)N3CC(C)(C)C(Oc4ccc(C#N)c(C(F)(F)F)c4)C3=O)o2)c1,A
AR,,135,COc1ccc(-c2nnc(C(C)N3CC(C)(C)C(Oc4ccc(C#N)c(C(F)(F)F)c4)C3=O)o2)cc1,A
