Target,PDBcode,crystal ligand,Patent id ,lig_id,SMILES,Activity,Unnamed: 7,Unnamed: 8,Unnamed: 9,Unnamed: 10,Unnamed: 11,Unnamed: 12
DRD2,6CM4,Risperidone,WO 2022/073470 ,1,CN1C(=O)CN2c3c1cccc3C1(C)CN(CCCC(=O)c3ccc(F)cc3)CCC21,A,,,,,,
DRD2,,,,1-A,CN1C(=O)CN2c3c1cccc3[C@]1(C)CN(CCCC(=O)c3ccc(F)cc3)CC[C@H]21,A,,,,,,
DRD2,,,,1-B,CN1C(=O)CN2c3c1cccc3[C@@]1(C)CN(CCCC(=O)c3ccc(F)cc3)CC[C@@H]21,A,,,,,,
DRD2,,,,3,CCN1C(=O)CN2c3c1cccc3C1(C)CN(CCCC(=O)c3ccc(F)cc3)CCC21,A,,,,,,
DRD2,,,,4,CN1C(=O)C(C)(C)N2c3c1cccc3C1(C)CN(CCCC(=O)c3ccc(F)cc3)CCC21,A,,,,,,
DRD2,,,,5,Cn1c(=O)c(=O)n2c3c(cccc31)C1(C)CN(CCCC(=O)c3ccc(F)cc3)CCC21,A,,,,,,
DRD2,,,,7,CN1CCN2c3c1cccc3C1(C)CN(CCCC(=O)c3ccc(F)cc3)CCC21,A,,,,,,
DRD2,,,WO 2022/161493,I-1,O=C1CCc2ccc(OCCCCN3CCN4c5cccc6[nH]cc(c56)CC4C3)cc2N1,A,,,,,,
DRD2,,,,I-2,O=c1ccc2ccc(OCCCCN3CCN4c5cccc6[nH]cc(c56)CC4C3)cc2[nH]1,A,,,,,,
DRD2,,,,I-3,c1cc2c3c(c[nH]c3c1)CC1CN(CCCCOc3ccc4scnc4c3)CCN21,A,,,,,,
DRD2,,,,I-4,Cc1nc2cc(OCCCCN3CCN4c5cccc6[nH]cc(c56)CC4C3)ccc2o1,A,,,,,,
DRD2,,,,I-5,Cc1noc2cc(OCCCCN3CCN4c5cccc6[nH]cc(c56)CC4C3)ccc12,A,,,,,,
DRD2,,,,I-6,c1cc2c3c(c[nH]c3c1)CC1CN(CCCCOc3ccc4c(c3)OCC4)CCN21,A,,,,,,
DRD2,,,,I-7,O=C1CCc2ccc(OCCCN3CCN4c5cccc6[nH]cc(c56)CC4C3)cc2N1,B,,,,,,
DRD2,,,,I-8,O=c1ccc2ccc(OCCCN3CCN4c5cccc6[nH]cc(c56)CC4C3)cc2[nH]1,A,,,,,,
DRD2,,,,I-9,c1cc2c3c(c[nH]c3c1)CC1CN(CCCOc3ccc4c(c3)OCO4)CCN21,B,,,,,,
DRD2,,,,I-10,CN(C)C(=O)NC1CCC(CCN2CCN3c4cccc5[nH]cc(c45)CC3C2)CC1,A,,,,,,
DRD2,,,,(-)-1-10,CN(C)C(=O)NC1CCC(CCN2CCN3c4cccc5c4c(cn5S(=O)(=O)c4ccc([N+](=O)[O-])cc4)C[C@@H]3C2)CC1,A,,,,,,
DRD2,,,,(+)-1-10,CN(C)C(=O)NC1CCC(CCN2CCN3c4cccc5[nH]cc(c45)C[C@H]3C2)CC1,C,,,,,,
DRD2,,,,I-11,O=C(NC1CCC(CCN2CCN3c4cccc5[nH]cc(c45)CC3C2)CC1)N1CCCC1,A,,,,,,
DRD2,,,,I-12,O=C(NC1CCC(CCN2CCN3c4cccc5[nH]cc(c45)CC3C2)CC1)N1CCCCC1,A,,,,,,
DRD2,,,,I-13,O=C(NC1CCC(CCN2CCN3c4cccc5[nH]cc(c45)CC3C2)CC1)c1cc2ccccc2[nH]1,A,,,,,,
DRD2,,,,I-14,O=C(NC1CCC(CCN2CCN3c4cccc5[nH]cc(c45)CC3C2)CC1)c1ccccc1,A,,,,,,
DRD2,,,,I-15,O=S(=O)(NC1CCC(CCN2CCN3c4cccc5[nH]cc(c45)CC3C2)CC1)c1ccccc1,A,,,,,,
DRD2,,,,I-16,CN(C)C(=O)NC1CCC(CN2CCN3c4cccc5[nH]cc(c45)CC3C2)CC1,C,,,,,,
DRD2,,,,I-17,Cc1nc2n(c(=O)c1CCN1CCN3c4cccc5[nH]cc(c45)CC3C1)CCCC2,A,,,,,,
DRD2,,,,I-18,Cn1cc2c3c(cccc31)N1CCN(CCCCOc3ccc4ccc(=O)[nH]c4c3)CC1C2,A,,,,,,
DRD2,,,,I-19,CN(C)C(=O)NC1CCC(CCN2CCN3c4cccc5c4c(cn5C)CC3C2)CC1,A,,,,,,
DRD2,,,,I-20,O=C1CCc2ccc(OC/C=C/CN3CCN4c5cccc6[nH]cc(c56)CC4C3)cc2N1,A,,,,,,
DRD2,,,,I-21,O=c1ccc2ccc(OC/C=C/CN3CCN4c5cccc6[nH]cc(c56)CC4C3)cc2[nH]1,A,,,,,,
DRD2,,,,I-22,Cn1cc2c3c(cccc31)N1CCN(C/C=C/COc3ccc4c(c3)NC(=O)CC4)CC1C2,B,,,,,,
DRD2,,,,I-23,Cn1cc2c3c(cccc31)N1CCN(C/C=C/COc3ccc4ccc(=O)[nH]c4c3)CC1C2,B,,,,,,
DRD2,,,,l-24,O=C(CCCN1CCN2c3cccc4[nH]cc(c34)CC2C1)c1ccc(F)cc1,A,,,,,,
DRD2,,,,I-25,OC(CCCN1CCN2c3cccc4[nH]cc(c34)CC2C1)c1ccc(F)cc1,A,,,,,,
DRD2,,,,I-26,Cn1cc2c3c(cccc31)N1CCN(CCCC(=O)c3ccc(F)cc3)CC1C2,C,,,,,,
DRD2,,,,I-27,Cn1cc2c3c(cccc31)N1CCN(CCCC(O)c3ccc(F)cc3)CC1C2,B,,,,,,
DRD2,,,WO 2023/036177 ,I-2,CCCN1CCN2c3cccc4scc(c34)CC2C1,B,,,,,,
DRD2,,,,I-4,c1cc2c3c(csc3c1)CC1CN(CC3CC3)CCN21,B,,,,,,
DRD2,,,,I-5,Fc1ccc(CCN2CCN3c4cccc5scc(c45)CC3C2)cc1,D,,,,,,
DRD2,,,,I-6,c1csc(CCN2CCN3c4cccc5scc(c45)CC3C2)c1,D,,,,,,
DRD2,,,,I-7,c1ccc(-c2cccc(CN3CCN4c5cccc6scc(c56)CC4C3)c2)cc1,B,,,,,,
DRD2,,,,I-8,Fc1ccc(-c2cncc(CN3CCN4c5cccc6scc(c56)CC4C3)c2)cc1,B,,,,,,
DRD2,,,,I-9,O=C1NCCN1c1cccc(CN2CCN3c4cccc5scc(c45)CC3C2)c1,B,,,,,,
DRD2,,,,I-10,O=C(CN1CCN2c3cccc4scc(c34)CC2C1)c1ccc(F)cc1,C,,,,,,
DRD2,,,,I-11,O=C(CCCN1CCN2c3cccc4scc(c34)CC2C1)c1ccc(F)cc1,B,,,,,,
DRD2,,,,I-12,O=C(NCCN1CCN2c3cccc4scc(c34)CC2C1)c1ccc(F)cc1,C,,,,,,
DRD2,,,,I-15,c1ccc(OCCN2CCN3c4cccc5scc(c45)CC3C2)cc1,D,,,,,,
DRD2,,,,I-16,c1cc2c3c(csc3c1)CC1CN(CCCOc3ccc4c(c3)OCO4)CCN21,C,,,,,,
DRD2,,,,I-17,O=c1ccc2ccc(OCCCN3CCN4c5cccc6scc(c56)CC4C3)cc2[nH]1,B,,,,,,
DRD2,,,,I-18,O=C1CCc2ccc(OCCCN3CCN4c5cccc6scc(c56)CC4C3)cc2N1,B,,,,,,
DRD2,,,,I-19,O=c1ccc2ccc(OCCCCN3CCN4c5cccc6scc(c56)CC4C3)cc2[nH]1,A,,,,,,
DRD2,,,,I-20,O=C1CCc2ccc(OCCCCN3CCN4c5cccc6scc(c56)CC4C3)cc2N1,A,,,,,,
DRD2,,,,I-21,c1cc2c3c(csc3c1)CC1CN(CCCCOc3ccc4scnc4c3)CCN21,D,,,,,,
DRD2,,,,I-22,O=C1c2ccccc2CN1CCCCN1CCN2c3cccc4scc(c34)CC2C1,B,,,,,,
DRD2,,,,I-23,COc1cc2c(cc1OC)C(=O)N(CCCCN1CCN3c4cccc5scc(c45)CC3C1)C2,B,,,,,,
DRD2,,,,I-24,O=C1c2ccccc2CCN1CCCCN1CCN2c3cccc4scc(c34)CC2C1,B,,,,,,
DRD2,,,,I-25,O=C1c2ccccc2CCCN1CCCCN1CCN2c3cccc4scc(c34)CC2C1,B,,,,,,
DRD2,,,,I-26,O=C1[C@H]2CCCC[C@H]2C(=O)N1CCCCN1CCN2c3cccc4scc(c34)CC2C1,A,,,,,,
DRD2,,,,I-27,CN(C)C(=O)NC1CCC(CCN2CCN3c4cccc5scc(c45)CC3C2)CC1,A,,,,,,
DRD2,,,,I-28,O=C(NC1CCC(CCN2CCN3c4cccc5scc(c45)CC3C2)CC1)N1CCCC1,A,,,,,,
DRD2,,,,I-29,O=C(NC1CCC(CCN2CCN3c4cccc5scc(c45)CC3C2)CC1)N1CCCCC1,B,,,,,,
DRD2,,,WO 2023/135528,2,O=C1C[C@@H]2CCCN2C(=O)N1CCCCN1CCN(c2nsc3ccccc23)CC1,A,,,,,,
DRD2,,,,4,O=C1C[C@@H]2CCCN2C(=O)N1CCCCN1CCN(c2cccc3sccc23)CC1,A,,,,,,
DRD2,,,,5,O=C1C[C@@H]2CCCN2C(=O)N1CCCCN1CCC(c2noc3cc(F)ccc23)CC1,A,,,,,,
DRD2,,,,7,O=C1C[C@@H]2CCCN2C(=O)N1CCCCN1CCC(c2c[nH]c3ccc(F)cc23)CC1,A,,,,,,
DRD2,,,,9,O=C1C[C@@H]2C[C@H](F)CN2C(=O)N1CCCCN1CCN(c2nsc3ccccc23)CC1,A,,,,,,
DRD2,,,,11,O=C1C[C@@H]2C[C@H]3C[C@H]3N2C(=O)N1CCCCN1CCN(c2nsc3ccccc23)CC1,A,,,,,,
DRD2,,,,12,O=C1C[C@@H]2CCCCN2C(=O)N1CCCCN1CCN(c2nsc3ccccc23)CC1,A,,,,,,
DRD2,,,,13,O=C1C[C@@H]2CCCCN2C(=O)N1CCCCN1CCC(c2noc3cc(F)ccc23)CC1,A,,,,,,
DRD2,,,,15,O=C1C[C@@H]2CCCCN2C(=O)N1CCCCN1CCC(c2c[nH]c3ccc(F)cc23)CC1,A,,,,,,
DRD2,,,,16,COc1ccc2[nH]cc(C3CCN(CCCCN4C(=O)C[C@@H]5CCCCN5C4=O)CC3)c2c1,A,,,,,,
DRD2,,,,18,O=C1C[C@@H]2COCCN2C(=O)N1CCCCN1CCN(c2nsc3ccccc23)CC1,A,,,,,,
DRD2,,,,19,O=C(OCc1ccccc1)N1CCN2C(=O)N(CCCCN3CCN(c4nsc5ccccc45)CC3)C(=O)C[C@@H]2C1,A,,,,,,
DRD2,,,,20,O=C(OCc1ccccc1)N1CCN2C(=O)N(CCCCN3CCN(c4nsc5ccccc45)CC3)C(=O)C[C@@H]2C1,A,,,,,,
DRD2,,,,21,O=C(OCc1ccccc1)N1CCN2C(=O)N(CCCCN3CCC(c4noc5cc(F)ccc45)CC3)C(=O)C[C@@H]2C1,A,,,,,,
DRD2,,,,22,O=C(OCc1ccccc1)N1CCN2C(=O)N(CCCCN3CCC(c4noc5cc(F)ccc45)CC3)C(=O)C[C@@H]2C1,A,,,,,,
DRD2,,,,23,O=C1C[C@@H]2CCCN2C(=O)N1CCCN1CCN(c2nsc3ccccc23)CC1,A,,,,,,
DRD2,,,,24,O=C1C[C@@H]2CCCN2C(=O)N1CCCN1CCC(c2noc3cc(F)ccc23)CC1,B,,,,,,
DRD2,,,,25,O=C1C[C@@H]2CCCN2C(=O)N1CCCN1CCC(c2c[nH]c3ccc(F)cc23)CC1,A,,,,,,
DRD2,,,,27,O=C1C[C@H]2CCCN2C(=O)N1C[C@H]1CCCC[C@H]1CN1CCN(c2nsc3ccccc23)CC1,A,,,,,,
DRD2,,,,29,O=C1C[C@H]2CCCN2C(=O)N1C[C@H]1CCCC[C@H]1CN1CCC(c2noc3cc(F)ccc23)CC1,A,,,,,,
DRD2,,,,30,O=C1C[C@H]2COCCN2C(=O)N1C[C@H]1CCCC[C@H]1CN1CCN(c2nsc3ccccc23)CC1,A,,,,,,
DRD2,,,,33,COC(=O)N1CCN2C(=O)N(CCCCN3CCN(c4nsc5ccccc45)CC3)C(=O)C[C@@H]2C1,A,,,,,,
DRD2,,,,34,COC(=O)N1CCN2C(=O)N(CCCCN3CCN(c4nsc5ccccc45)CC3)C(=O)CC2C1,A,,,,,,
DRD2,,,,35,COC(=O)N1CCN2C(=O)N(CCCCN3CCC(c4noc5cc(F)ccc45)CC3)C(=O)C[C@@H]2C1,A,,,,,,
DRD2,,,,36,COC(=O)N1CCN2C(=O)N(CCCCN3CCC(c4noc5cc(F)ccc45)CC3)C(=O)C[C@@H]2C1,A,,,,,,
DRD2,,,,37,CC(=O)N1CCN2C(=O)N(CCCCN3CCN(c4nsc5ccccc45)CC3)C(=O)C[C@@H]2C1,A,,,,,,
DRD2,,,,38,CC(=O)N1CCN2C(=O)N(CCCCN3CCN(c4nsc5ccccc45)CC3)C(=O)C[C@@H]2C1,A,,,,,,
DRD2,,,,40,CC(C)N1CCN2C(=O)N(CCCCN3CCN(c4nsc5ccccc45)CC3)C(=O)C[C@H]2C1,A,,,,,,
DRD2,,,,42,O=C1C[C@@H]2CCCN2C(=O)N1CCCCN1CCC(c2noc3ccccc23)CC1,A,,,,,,
DRD2,,,,44,O=C1C[C@@H]2CCCN2C(=O)N1CCCN1CCC(c2noc3ccccc23)CC1,B,,,,,,
DRD2,,,WO 2023/143393 ,I-A1,COc1cccc2c3c(oc12)CN(CCCCOc1ccc2ccc(=O)[nH]c2c1)CC3,A,,,,,,
DRD2,,,,I-A2,COc1cccc2c3c(oc12)CN(CCCCOc1ccc2c(c1)NC(=O)CC2)CC3,A,,,,,,
DRD2,,,,I-A4,COc1cccc2c3c(oc12)CN(CCCCOc1ccc2ccc(=O)n(C)c2c1)CC3,A,,,,,,
DRD2,,,,I-A5,COc1cccc2c3c(oc12)CN(CCCCOc1ccc2ccc(=O)oc2c1)CC3,B,,,,,,
DRD2,,,,I-A7,COc1cccc2c3c(oc12)CN(CCCCOc1ccc2scnc2c1)CC3,B,,,,,,
DRD2,,,,I-A8,COc1cccc2c3c(oc12)CN(CCCOc1ccc2ccc(=O)[nH]c2c1)CC3,A,,,,,,
DRD2,,,,I-A9,COc1cccc2c3c(oc12)CN(CCCOc1ccc2c(c1)NC(=O)CC2)CC3,B,,,,,,
DRD2,,,,I-A10,COc1cccc2c3c(oc12)CN(C/C=C/COc1ccc2ccc(=O)[nH]c2c1)CC3,A,,,,,,
DRD2,,,,I-A11,COc1cccc2c3c(oc12)CN(CCC1CCC(NC(C)=O)CC1)CC3,A,,,,,,
DRD2,,,,I-A12,COc1cccc2c3c(oc12)CN(CCC1CCC(NC(=O)N(C)C)CC1)CC3,A,,,,,,
DRD2,,,,I-A13,COc1cccc2c3c(oc12)CN(CCC1CCC(NS(C)(=O)=O)CC1)CC3,A,,,,,,
DRD2,,,,I-A16,CCOc1cccc2c3c(oc12)CN(CCCCOc1ccc2ccc(=O)[nH]c2c1)CC3,A,,,,,,
DRD2,,,,I-A17,CCOc1cccc2c3c(oc12)CN(CCC1CCC(NC(=O)N(C)C)CC1)CC3,A,,,,,,
DRD2,,,,I-A18,CC(C)Oc1cccc2c3c(oc12)CN(CCCCOc1ccc2ccc(=O)[nH]c2c1)CC3,A,,,,,,
DRD2,,,,I-A19,CC(C)Oc1cccc2c3c(oc12)CN(CCC1CCC(NC(=O)N(C)C)CC1)CC3,A,,,,,,
DRD2,,,,I-A20,COc1cccc2c3c(oc12)CN(CCCCc1ccc2ccc(=O)[nH]c2c1)CC3,A,,,,,,
DRD2,,,,I-A21,COc1cccc2c3c(oc12)CN(CC1(O)CCCCC1)CC3,A,,,,,,
DRD2,,,,I-A22,COc1cccc2c3c(oc12)CN(CCCCn1ncc(=O)n(C)c1=O)CC3,A,,,,,,
DRD2,,,,I-A23,COc1cccc2c3c(oc12)CN(CCCn1ncc(=O)n(C)c1=O)CC3,B,,,,,,
DRD2,,,,I-A24,COc1cccc2c3c(oc12)CN(CCn1c(=O)[nH]c2ccccc21)CC3,B,,,,,,
DRD2,,,,I-A25,CCOc1cccc2c3c(oc12)CN(CCCCc1ccc2ccc(=O)[nH]c2c1)CC3,A,,,,,,
DRD2,,,,I-A26,CCOc1cccc2c3c(oc12)CN(CCCc1ccc2ccc(=O)[nH]c2c1)CC3,A,,,,,,
DRD2,,,,I-A27,CCOc1cccc2c3c(oc12)CN(CCc1ccc2ccc(=O)[nH]c2c1)CC3,A,,,,,,
DRD2,,,,I-A28,CCOc1cccc2c3c(oc12)CN(CC1(O)CCCCC1)CC3,B,,,,,,
DRD2,,,,I-A29,CCOc1cccc2c3c(oc12)CN(CCCCOc1ccc2ccc(=O)[nH]c2n1)CC3,A,,,,,,
DRD2,,,,I-A30,CCOc1cccc2c3c(oc12)CN(CCCCOc1ccc2c(c1)NC(=O)CO2)CC3,A,,,,,,
DRD2,,,,I-A32,CCOc1cccc2c3c(oc12)CN(CCNC(=O)C1CCCCCC1)CC3,B,,,,,,
DRD2,,,,I-A33,CCOc1cccc2c3c(oc12)CN(CCNC(=O)C1CCCC1)CC3,A,,,,,,
DRD2,,,,I-A34,CCOc1cccc2c3c(oc12)CN(CCC1CC(NC(=O)N(C)C)C1)CC3,A,,,,,,
DRD2,,,,I-A35,CCOc1cccc2c3c(oc12)CN(CCNC(=O)c1ccccc1)CC3,A,,,,,,
DRD2,,,,I-A36,CCOc1cccc2c3c(oc12)CN(CCNC(=O)c1cccs1)CC3,A,,,,,,
DRD2,,,,I-A43,CCOc1cccc2c3c(oc12)CN(CCCCn1ncc(=O)n(C)c1=O)CC3,A,,,,,,
DRD2,,,,I-A44,CCOc1cccc2c3c(oc12)CN(CCCn1ncc(=O)n(C)c1=O)CC3,B,,,,,,
DRD2,,,,I-A45,CCOc1cccc2c3c(oc12)CN(CCCCN1C(=O)CC(C)(C)CC1=O)CC3,A,,,,,,
DRD2,,,,I-A46,CCOc1cccc2c3c(oc12)CN(CCCCN1C(=O)CC2(CCCC2)CC1=O)CC3,B,,,,,,
DRD2,,,,I-B1,COc1cccc2c3c([nH]c12)CN(CCCCOc1ccc2ccc(=O)[nH]c2c1)CC3,A,,,,,,
DRD2,,,,I-B3,COc1cccc2c3c([nH]c12)CN(CCCOc1ccc2ccc(=O)[nH]c2c1)CC3,A,,,,,,
DRD2,,,,I-B5,COc1cccc2c3c([nH]c12)CN(CCCOc1ccc2c(c1)NC(=O)CC2)CC3,A,,,,,,
DRD2,,,,I-B7,COc1cccc2c3c([nH]c12)CN(CCC1CCC(NC(=O)N(C)C)CC1)CC3,A,,,,,,
DRD2,,,,I-B9,COc1cccc2c3c([nH]c12)CN(CC1(O)CCCCC1)CC3,B,,,,,,
DRD2,,,,I-C1,COc1cccc2c1cc1n2CCN(CCCCOc2ccc3ccc(=O)[nH]c3c2)C1,B,,,,,,
DRD2,,,,I-C2,COc1cccc2c1cc1n2CCN(CCCCOc2ccc3c(c2)NC(=O)CC3)C1,B,,,,,,
DRD2,,,,I-C3,COc1cccc2c1cc1n2CCN(CCCOc2ccc3ccc(=O)[nH]c3c2)C1,A,,,,,,
DRD2,,,,I-C4,COc1cccc2c1cc1n2CCN(CCCOc2ccc3c(c2)NC(=O)CC3)C1,A,,,,,,
DRD2,,,,I-C5,COc1cccc2c1cc1n2CCN(C/C=C/COc2ccc3ccc(=O)[nH]c3c2)C1,A,,,,,,
DRD2,,,,I-C6,COc1cccc2c1cc1n2CCN(C/C=C/COc2ccc3c(c2)NC(=O)CC3)C1,A,,,,,,
DRD2,,,,I-C7,COc1cccc2c1cc1n2CCN(CCC2CCC(NC(=O)N(C)C)CC2)C1,B,,,,,,
DRD2,,,,I-C10,CCOc1cccc2c1cc1n2CCN(CCCCOc2ccc3ccc(=O)[nH]c3c2)C1,B,,,,,,
DRD2,,,,I-C11,CCOc1cccc2c1cc1n2CCN(CCC2CCC(NC(=O)N(C)C)CC2)C1,B,,,,,,
DRD2,,,,I-C12,COc1cccc2c1cc1n2CCN(CC2(O)CCCCC2)C1,A,,,,,,
DRD2,,,,I-D1,COc1cccc2c1nc1n2CCN(CCCCOc2ccc3ccc(=O)[nH]c3c2)C1,A,,,,,,
DRD2,,,,I-D2,COc1cccc2c1nc1n2CCN(CCCCOc2ccc3c(c2)NC(=O)CC3)C1,A,,,,,,
DRD2,,,,I-D3,COc1cccc2c1nc1n2CCN(CCCOc2ccc3ccc(=O)[nH]c3c2)C1,A,,,,,,
DRD2,,,,I-D4,COc1cccc2c1nc1n2CCN(CCCOc2ccc3c(c2)NC(=O)CC3)C1,A,,,,,,
DRD2,,,,I-D5,COc1cccc2c1nc1n2CCN(C/C=C/COc2ccc3c(c2)NC(=O)CC3)C1,A,,,,,,
DRD2,,,,I-D7,COc1cccc2c1nc1n2CCN(CC2(O)CCCCC2)C1,B,,,,,,
DRD2,,,WO 2024/072930 ,10a,O=C(NC1CCC(CCN2CCN(c3cccc(Cl)c3Cl)CC2)CC1)c1cc2ccccc2[nH]1,A,,,,,,
DRD2,,,,10b,CCc1cccc(N2CCN(CCC3CCC(NC(=O)c4cc5ccccc5[nH]4)CC3)CC2)c1Cl,A,,,,,,
DRD2,,,,10e,CCc1cc(Cl)c(OC)c(N2CCN(CCC3CCC(NC(=O)c4cc5ccccc5[nH]4)CC3)CC2)c1,B,,,,,,
DRD2,,,,11a,O=C(NC1CCC(CCN2CCN(c3cccc(Cl)c3Cl)CC2)CC1)c1ccnc2ccccc12,A,,,,,,
DRD2,,,,11b,CCc1cccc(N2CCN(CCC3CCC(NC(=O)c4ccnc5ccccc45)CC3)CC2)c1Cl,A,,,,,,
DRD2,,,,11d,O=C(NC1CCC(CCN2CCN(c3cccc(C(F)(F)F)n3)CC2)CC1)c1ccnc2ccccc12,B,,,,,,
DRD2,,,,12a,O=C(NC1CCC(CCN2CCN(c3cccc(Cl)c3Cl)CC2)CC1)c1ccc(-c2cccnc2)cc1,A,,,,,,
DRD2,,,,12b,CCc1cccc(N2CCN(CCC3CCC(NC(=O)c4ccc(-c5cccnc5)cc4)CC3)CC2)c1Cl,A,,,,,,
DRD2,,,,13a,COCCC(=O)NC1CCC(CCN2CCN(c3cccc(Cl)c3Cl)CC2)CC1,A,,,,,,
DRD2,,,,13b,CCc1cccc(N2CCN(CCC3CCC(NC(=O)CCOC)CC3)CC2)c1Cl,A,,,,,,
DRD2,,,,13c,COCCC(=O)NC1CCC(CCN2CCN(c3cccc(OC)c3F)CC2)CC1,B,,,,,,
DRD2,,,,13d,COCCC(=O)NC1CCC(CCN2CCN(c3cccc(C(F)(F)F)n3)CC2)CC1,B,,,,,,
DRD2,,,,13e,CCc1cc(Cl)c(OC)c(N2CCN(CCC3CCC(NC(=O)CCOC)CC3)CC2)c1,A,,,,,,
DRD2,,,,14a,COC(=O)NC1CCC(CCN2CCN(c3cccc(Cl)c3Cl)CC2)CC1,A,,,,,,
DRD2,,,,14b,CCOC(=O)NC1CCC(CCN2CCN(c3cccc(Cl)c3Cl)CC2)CC1,A,,,,,,
DRD2,,,,14c,CCCOC(=O)NC1CCC(CCN2CCN(c3cccc(Cl)c3Cl)CC2)CC1,A,,,,,,
DRD2,,,,14d,COCC(=O)NC1CCC(CCN2CCN(c3cccc(Cl)c3Cl)CC2)CC1,A,,,,,,
DRD2,,,,14e,CCOCC(=O)NC1CCC(CCN2CCN(c3cccc(Cl)c3Cl)CC2)CC1,A,,,,,,
DRD2,,,,14f,COCCCC(=O)NC1CCC(CCN2CCN(c3cccc(Cl)c3Cl)CC2)CC1,A,,,,,,
DRD2,,,,14g,CN(C)CC(=O)NC1CCC(CCN2CCN(c3cccc(Cl)c3Cl)CC2)CC1,A,,,,,,
DRD2,,,,14h,CN(C)CCC(=O)NC1CCC(CCN2CCN(c3cccc(Cl)c3Cl)CC2)CC1,A,,,,,,
DRD2,,,,14i,CCC(=O)NC1CCC(CCN2CCN(c3cccc(Cl)c3Cl)CC2)CC1,A,,,,,,
DRD2,,,,14j,CCCC(=O)NC1CCC(CCN2CCN(c3cccc(Cl)c3Cl)CC2)CC1,A,,,,,,
DRD2,,,,14k,CCCCC(=O)NC1CCC(CCN2CCN(c3cccc(Cl)c3Cl)CC2)CC1,A,,,,,,
DRD2,,,,34b,O=C1OCCCN1C1CCC(CCN2CCN(c3cccc(Cl)c3Cl)CC2)CC1,A,,,,,,
DRD2,,,,35a,O=C1NCCN1C1CCC(CCN2CCN(c3cccc(Cl)c3Cl)CC2)CC1,A,,,,,,
DRD2,,,,35b,O=C1NCCCN1C1CCC(CCN2CCN(c3cccc(Cl)c3Cl)CC2)CC1,A,,,,,,
DRD2,,,,36a,O=C1CCCN1C1CCC(CCN2CCN(c3cccc(Cl)c3Cl)CC2)CC1,A,,,,,,
DRD2,,,,36b,O=C1CCCCN1C1CCC(CCN2CCN(c3cccc(Cl)c3Cl)CC2)CC1,A,,,,,,
DRD2,,,,4a,CC(C)(C)OC(=O)NC1CCC(CCN2CCN(c3cccc(Cl)c3Cl)CC2)CC1,A,,,,,,
DRD2,,,,4e,CCc1cc(Cl)c(OC)c(N2CCN(CCC3CCC(NC(=O)OC(C)(C)C)CC3)CC2)c1,A,,,,,,
DRD2,,,,6a,CN(C)C(=O)NC1CCC(CCN2CCN(c3cccc(Cl)c3Cl)CC2)CC1,A,,,,,,
DRD2,,,,6b,CCc1cccc(N2CCN(CCC3CCC(NC(=O)N(C)C)CC3)CC2)c1Cl,A,,,,,,
DRD2,,,,6c,COc1cccc(N2CCN(CCC3CCC(NC(=O)N(C)C)CC3)CC2)c1F,B,,,,,,
DRD2,,,,6d,CN(C)C(=O)NC1CCC(CCN2CCN(c3cccc(C(F)(F)F)n3)CC2)CC1,A,,,,,,
DRD2,,,,6e,CCc1cc(Cl)c(OC)c(N2CCN(CCC3CCC(NC(=O)N(C)C)CC3)CC2)c1,A,,,,,,
DRD2,,,,6f,COc1ccccc1N1CCN(CCC2CCC(NC(=O)N(C)C)CC2)CC1,A,,,,,,
DRD2,,,,6g,CN(C)C(=O)NC1CCC(CCN2CCN(c3ccc(Cl)cc3)CC2)CC1,B,,,,,,
DRD2,,,,6h,CN(C)C(=O)NC1CCC(CCN2CCN(c3ncccn3)CC2)CC1,C,,,,,,
DRD2,,,,6i,CN(C)C(=O)NC1CCC(CCN2CCN(c3nsc4ccccc34)CC2)CC1,A,,,,,,
DRD2,,,,6j,CN(C)C(=O)NC1CCC(CCN2CCC(c3noc4cc(F)ccc34)CC2)CC1,A,,,,,,
DRD2,,,,6k,CN(C)C(=O)NC1CCC(CCN2CCN(c3ccc4oc(C(N)=O)cc4c3)CC2)CC1,D,,,,,,
DRD2,,,,7a,CNC(=O)NC1CCC(CCN2CCN(c3cccc(Cl)c3Cl)CC2)CC1,A,,,,,,
DRD2,,,,7b,CCc1cccc(N2CCN(CCC3CCC(NC(=O)NC)CC3)CC2)c1Cl,A,,,,,,
DRD2,,,,7e,CCc1cc(Cl)c(OC)c(N2CCN(CCC3CCC(NC(=O)NC)CC3)CC2)c1,A,,,,,,
DRD2,,,,8a,NC(=O)NC1CCC(CCN2CCN(c3cccc(Cl)c3Cl)CC2)CC1,A,,,,,,
DRD2,,,,8e,CCc1cc(Cl)c(OC)c(N2CCN(CCC3CCC(NC(N)=O)CC3)CC2)c1,A,,,,,,
DRD2,,,,9a,O=C(NC1CCC(CCN2CCN(c3cccc(Cl)c3Cl)CC2)CC1)N1CCc2ccccc2C1,A,,,,,,
DRD2,,,,9b,CCc1cccc(N2CCN(CCC3CCC(NC(=O)N4CCc5ccccc5C4)CC3)CC2)c1Cl,A,,,,,,
DRD2,,,WO 2024/186915 ,99,Clc1cccc(N2CCN(CCCOC3(c4ccccn4)CCOCC3)CC2)c1Cl,A,,,,,,
DRD2,,,,100,FC(F)(F)c1cccc(N2CCN(CCCOC3(c4ccccn4)CCOCC3)CC2)n1,C,,,,,,
DRD2,,,,101,CCC1(CC)CC(OCCCN2CCN(c3cccc(Cl)c3Cl)CC2)(c2ccccn2)CCO1,B,,,,,,
DRD2,,,,102,CCC1(CC)CC(OCCCN2CCN(c3cccc(C(F)(F)F)n3)CC2)(c2ccccn2)CCO1,C,,,,,,
DRD2,,,,103,FC(F)(F)c1cccc(N2CCN(CCCOC3(c4ccccn4)CCOC4(CCCC4)C3)CC2)n1,C,,,,,,
DRD2,,,,112,Clc1ccc([C@@H]2C[C@H]2NCCC2(c3ccccn3)CCOCC2)cc1,C,,,,,,
DRD2,,,,113,Clc1cccc(N2CCN(CCCCNCCC3(c4ccccn4)CCOCC3)CC2)c1Cl,B,,,,,,
DRD2,,,,114,Clc1cccc(N2CCN(CCC3(c4ccccn4)CCOCC3)CC2)c1Cl,B,,,,,,
DRD2,,,,115,FC(F)(F)c1cccc(N2CCN(CCC3(c4ccccn4)CCOCC3)CC2)n1,D,,,,,,
DRD2,,,,121,Clc1ccc([C@@H]2C[C@H]2NCCC2(c3ccccn3)CCOC3(CCCC3)C2)cc1,D,,,,,,
DRD2,,,,(R)-121,Clc1ccc([C@@H]2C[C@H]2NCC[C@@]2(c3ccccn3)CCOC3(CCCC3)C2)cc1,C,,,,,,
DRD2,,,,(s)-121,Clc1ccc([C@@H]2C[C@H]2NCC[C@]2(c3ccccn3)CCOC3(CCCC3)C2)cc1,D,,,,,,
DRD2,,,,122,FC(F)(F)c1cccc(N2CCN(CCC3(c4ccccn4)CCOC4(CCCC4)C3)CC2)n1,D,,,,,,
DRD2,,,,123,COc1ccccc1[C@@H]1C[C@H]1NCCC1(c2ccccn2)CCOC2(CCCC2)C1,C,,,,,,
DRD2,,,,(R)-123,COc1ccccc1[C@@H]1C[C@H]1NCC[C@@]1(c2ccccn2)CCOC2(CCCC2)C1,C,,,,,,
DRD2,,,WO 2024/222837 ,1,CCCN(CC1CCN(C(=O)c2ccc(F)c(Cl)c2)CC1)C1CCc2c(O)cccc2C1,A,,,,,,
DRD2,,,,2,CCCN(CC1CCN(C(=O)c2cccs2)CC1)C1CCc2c(O)cccc2C1,A,,,,,,
DRD2,,,,3,CCCN(CC1CCN(C(=O)c2ccc3cc[nH]c3c2)CC1)C1CCc2c(O)cccc2C1,A,,,,,,
DRD2,,,,4,CCCN(CC1CCN(C(=O)c2cc3ccccc3[nH]2)CC1)C1CCc2c(O)cccc2C1,A,,,,,,
DRD2,,,,5,CCCN(CC1CCN(C(=O)c2cc3ccccc3s2)CC1)C1CCc2c(O)cccc2C1,A,,,,,,
DRD2,,,,6,CCCN(CC1CCN(C(=O)c2coc3ccccc23)CC1)C1CCc2c(O)cccc2C1,A,,,,,,
DRD2,,,,7,CCCN(CC1CCN(C(=O)c2cnc3ccccc3c2)CC1)C1CCc2c(O)cccc2C1,A,,,,,,
DRD2,,,,8,CCCN(CC1CCN(C(=O)c2n[nH]c3ccccc23)CC1)C1CCc2c(O)cccc2C1,A,,,,,,
DRD2,,,,9,CCCN(CC1CCN(C(=O)c2ccc[nH]2)CC1)C1CCc2c(O)cccc2C1,A,,,,,,
DRD2,,,,9-S,CCCN(CC1CCN(C(=O)c2ccc[nH]2)CC1)[C@H]1CCc2c(O)cccc2C1,A,,,,,,
DRD2,,,,9-R,CCCN(CC1CCN(C(=O)c2ccc[nH]2)CC1)[C@@H]1CCc2c(O)cccc2C1,A,,,,,,
DRD2,,,,10,CCCN(CC1CCN(C(=O)c2cnn(C)c2)CC1)C1CCc2c(O)cccc2C1,A,,,,,,
DRD2,,,,11,CCCN(CC1CCN(C(=O)c2ccc(F)c(Cl)n2)CC1)C1CCc2c(O)cccc2C1,A,,,,,,
DRD2,,,,12,CCCN(CC1CCN(C(=O)c2cnn[nH]2)CC1)C1CCc2c(O)cccc2C1,A,,,,,,
DRD2,,,,13,CCCN(CC1CCN(C(=O)c2cncs2)CC1)C1CCc2c(O)cccc2C1,A,,,,,,
DRD2,,,,14,CCCN(CC1CCN(C(=O)c2cccc(C(N)=O)n2)CC1)C1CCc2c(O)cccc2C1,A,,,,,,
DRD2,,,,15,CCCN(CC1CCN(C(=O)c2cccc(C(N)=O)c2)CC1)C1CCc2c(O)cccc2C1,A,,,,,,
DRD2,,,,15-S,CCCN(CC1CCN(C(=O)c2cccc(C(N)=O)c2)CC1)[C@H]1CCc2c(O)cccc2C1,A,,,,,,
DRD2,,,,16,CCCN(CC1CCN(S(=O)(=O)c2cnn(C)c2)CC1)C1CCc2c(O)cccc2C1,A,,,,,,
DRD2,,,,17,CCCN(CC1CCN(S(=O)(=O)c2cccnc2)CC1)C1CCc2c(O)cccc2C1,A,,,,,,
DRD2,,,,17-S,CCCN(CC1CCN(S(=O)(=O)c2cccnc2)CC1)[C@H]1CCc2c(O)cccc2C1,A,,,,,,
DRD2,,,,18,CCCN(CC1CCN(S(=O)(=O)c2cccs2)CC1)C1CCc2c(O)cccc2C1,A,,,,,,
DRD2,,,,20-S,CCCN(CC1CCN(S(=O)(=O)c2cccnc2)CC1)C1CCc2c(cccc2OC)C1,A,,,,,,
DRD2,,,,20-R,CCCN(CC1CCN(S(=O)(=O)c2cccnc2)CC1)[C@@H]1CCc2c(cccc2OC)C1,A,,,,,,
DRD2,,,,22-S,CCCN(CC1CCN(C(=O)c2cccc(C(N)=O)c2)CC1)[C@H]1CCc2c(cccc2OC)C1,A,,,,,,
DRD2,,,,23-S,CCCN(CC1CCN(C(=O)c2ccc[nH]2)CC1)[C@H]1CCc2c(cccc2OC)C1,A,,,,,,
DRD2,,,,23-R,CCCN(CC1CCN(C(=O)c2ccc[nH]2)CC1)[C@@H]1CCc2c(cccc2OC)C1,A,,,,,,
DRD2,,,WO 2019/129025 ,MDC-161502- 002,Oc1cccc(C2CCN(Cc3c[nH]c4ccccc34)C2)c1,A,,,,,,
DRD2,,,,"MDC-161502-
006",O=S(=O)(CC(F)(F)F)Nc1cccc(C2CCN(Cc3c[nH]c4ccccc34)C2)c1,B,,,,,,
DRD2,,,,MDC-161502- 008 ,O=S(=O)(Nc1cccc(C2CCN(Cc3c[nH]c4ccccc34)C2)c1)c1cccs1,B,,,,,,
DRD2,,,,MDC-161502- 031 ,Oc1cc(C2CCN(Cc3c[nH]c4ccccc34)C2)ccc1F,A,,,,,,
DRD2,,,,"MDC-161502-
033",Oc1cccc(C2CCN(Cc3n[nH]c4ccccc34)C2)c1,A,,,,,,
DRD2,,,,MDC-161502- 034,Oc1cccc(C2CCN(Cc3c[nH]c4ncccc34)C2)c1,A,,,,,,
DRD2,,,,MDC-161502- 036,c1ccc2c(CN3CCC(c4ccc5cn[nH]c5c4)C3)c[nH]c2c1,B,,,,,,
DRD2,,,,MDC-161502- 037,c1ccc2c(CN3CCC(c4ccc5nc[nH]c5c4)C3)c[nH]c2c1,B,,,,,,
DRD2,,,,"MDC-161502-
038",c1ccc2c(CN3CCC(c4cccc5[nH]ncc45)C3)c[nH]c2c1,A,,,,,,
DRD2,,,,MDC-161502- 040,c1ccc2c(CN3CCC(c4ccc5[nH]nnc5c4)C3)c[nH]c2c1,B,,,,,,
DRD2,,,WO 2020/132474,Compound A,O=C1CN2c3c(cccc3[C@@H]3CN(CCCOc4ccc(F)cc4)CC[C@@H]32)N1,B,,,,,,
DRD2,,,,Ex.1,O=C1CN2c3c(cccc3[C@H]3CN(CCCOc4ccc(F)cc4)CC[C@H]32)N1,B,,,,,,
DRD2,,,WO 2021/098737,鍖栧悎鐗?,O=C1CCc2cc(OCCCCN3CCN(c4cccc5sccc45)CC3)cc3c2N1CC3,B,,,,,,
DRD2,,,,鍖栧悎鐗?,O=C1CCc2cc(OCCCCN3CCN(c4cccc(Cl)c4Cl)CC3)cc3c2N1CC3,B,,,,,,
DRD2,,,,鍖栧悎鐗?,O=C1CCc2cc(OCCCCN3CCN(c4nsc5ccccc45)CC3)cc3c2N1CC3,A,,,,,,
DRD2,,,,鍖栧悎鐗?,O=C1CCc2cc(OCCCN3CCC(c4noc5cc(F)ccc45)CC3)cc3c2N1CC3,A,,,,,,
DRD2,,,,鍖栧悎鐗?,O=C1CCc2cc(OCCCN3CCN(c4cccc(Cl)c4Cl)CC3)cc3c2N1CC3,B,,,,,,
DRD2,,,,鍖栧悎鐗?,O=C1CCc2cc(OCCCN3CCN(c4cccc5sccc45)CC3)cc3c2N1CC3,A,,,,,,
DRD2,,,,鍖栧悎鐗?,O=C1CCc2cc(OCCCN3CCN(c4nsc5ccccc45)CC3)cc3c2N1CC3,A,,,,,,
DRD2,,,,鍖栧悎鐗?2,O=C1CCc2cc(COCCCN3CCC(c4noc5cc(F)ccc45)CC3)cc3c2N1CC3,B,,,,,,
DRD2,,,,鍖栧悎鐗?3,O=C1CCc2cc(COCCN3CCC(c4noc5cc(F)ccc45)CC3)cc3c2N1CC3,B,,,,,,
DRD2,,,,鍖栧悎鐗?5,CC1CC(=O)N2CCc3cc(OCCCCN4CCC(c5noc6cc(F)ccc56)CC4)cc1c32,A,,,,,,
DRD2,,,,鍖栧悎鐗?0,O=C1CCc2c(F)c(OCCCCN3CCC(c4noc5cc(F)ccc45)CC3)cc3c2N1CC3,A,,,,,,
DRD2,,,,鍖栧悎鐗?9,O=C1CCc2cc(OCCCCN3CCN(c4cccc(C(F)(F)F)c4)CC3)cc3c2N1CC3,B,,,,,,
DRD2,,,,鍖栧悎鐗?8,O=C(c1ccc(F)cc1)C1CCN(CCCCOc2cc3c4c(c2)CCN4C(=O)CC3)CC1,B,,,,,,
DRD2,,,,鍖栧悎鐗?3,O=C1CCc2cc(OCCN3CCC(c4noc5cc(F)ccc45)CC3)cc3c2N1CC3,B,,,,,,
DRD2,,,WO 2021/119334,EX.1 ,CN1CCN2c3c(cccc31)[C@@H]1CN(CCCC(=O)c3ccc(N4CC[C@H]5[C@@H](C4)c4cccc6c4N5CCN6C)cc3)CC[C@@H]12,B,,,,,,
DRD2,,,WO 2021/164661 ,I-1,COc1ccc(F)cc1C1CC1CNCCCSc1nnc(-c2ccccc2)n1C,B,,,,,,
DRD2,,,,I-2,COc1ccc(F)cc1C1CC1CN(C)CCCSc1nnc(-c2ccccc2)n1C,B,,,,,,
DRD2,,,,I-3,CCN(CCCSc1nnc(-c2ccccc2)n1C)CC1CC1c1cc(F)ccc1OC,B,,,,,,
DRD2,,,,I-4,CCCN(CCCSc1nnc(-c2ccccc2)n1C)CC1CC1c1cc(F)ccc1OC,C,,,,,,
DRD2,,,,I-6,COc1ccc(F)cc1C1CC1CN(CCCSc1nnc(-c2ccccc2)n1C)C(C)C.Cl,B,,,,,,
DRD2,,,,I-7,CCOc1ccc(F)cc1C1CC1CNCCCSc1nnc(-c2ccccc2)n1C,B,,,,,,
DRD2,,,,I-9,CCOc1ccc(F)cc1C1CC1CN(CC)CCCSc1nnc(-c2ccccc2)n1C,B,,,,,,
DRD2,,,,I-10,Cn1c(SCCCNCC2CC2c2cc(F)ccc2OCCF)nnc1-c1ccccc1,C,,,,,,
DRD2,,,,I-11,CN(CCCSc1nnc(-c2ccccc2)n1C)CC1CC1c1cc(F)ccc1OCCF,C,,,,,,
DRD2,,,,I-12,CCN(CCCSc1nnc(-c2ccccc2)n1C)CC1CC1c1cc(F)ccc1OCCF,B,,,,,,
DRD2,,,,I-14,CCN(CCCSc1nnc(-c2ccccc2)n1C)CC1CC1c1cc(Cl)ccc1OC,B,,,,,,
DRD2,,,,I-15,CCCN(CCCSc1nnc(-c2ccccc2)n1C)CC1CC1c1cc(Cl)ccc1OC,B,,,,,,
DRD2,,,,I-16,COc1ccc(Cl)cc1C1CC1CN(CCCSc1nnc(-c2ccccc2)n1C)CC1CC1,B,,,,,,
DRD2,,,,I-17,CCCN(CCCCNC(=O)c1ccc2ccccc2c1)CC1CC1c1cc(F)ccc1OC,C,,,,,,
DRD2,,,,I-18,CCCN(CCCCNC(=O)c1cc2ccccc2[nH]1)CC1CC1c1cc(F)ccc1OC,B,,,,,,
DRD2,,,,I-19,CCCN(CCCCNC(=O)c1ccc(-c2ccccn2)cc1)CC1CC1c1cc(F)ccc1OC,C,,,,,,
DRD2,,,,I-19a,CCCN(CCCCNC(=O)c1ccc(-c2ccccn2)cc1)C[C@@H]1C[C@H]1c1cc(F)ccc1OC,C,,,,,,
DRD2,,,,I-19b,CCCN(CCCCNC(=O)c1ccc(-c2ccccn2)cc1)C[C@H]1C[C@@H]1c1cc(F)ccc1OC,C,,,,,,
DRD2,,,,I-20,CCCN(CCCCNC(=O)c1ccc2ccccc2c1)CC1CC1c1cc(Cl)ccc1OC,C,,,,,,
DRD2,,,,I-21,CCCN(CCCCNC(=O)c1cc2ccccc2[nH]1)CC1CC1c1cc(Cl)ccc1OC,C,,,,,,
DRD2,,,,I-22,CCCN(CCCCNC(=O)c1ccc(-c2ccccn2)cc1)CC1CC1c1cc(Cl)ccc1OC,C,,,,,,
DRD2,,,,I-23,CCN(CCCCNC(=O)c1ccc2ccccc2c1)CC1CC1c1cc(F)ccc1OC,B,,,,,,
DRD2,,,,I-24,CCN(CCCCNC(=O)c1cc2ccccc2[nH]1)CC1CC1c1cc(F)ccc1OC,B,,,,,,
DRD2,,,,I-25,CCN(CCCCNC(=O)c1ccc2ccccc2c1)CC1CC1c1cc(Cl)ccc1OC,B,,,,,,
DRD2,,,,I-26,CCCN(CCCCNC(=O)c1ccc2ccccc2c1)CC1CC1c1cccc(F)c1,C,,,,,,
DRD2,,,,I-27,CCCN(CCCCNC(=O)c1cc2ccccc2[nH]1)CC1CC1c1cccc(F)c1,C,,,,,,
DRD2,,,,I-29,CCCN(CCCCNC(=O)c1ccc2ccccc2c1)CC1CC1c1cccc(Cl)c1,C,,,,,,
DRD2,,,,I-30,CCCN(CCCCNC(=O)c1cc2ccccc2[nH]1)CC1CC1c1cccc(Cl)c1,C,,,,,,
DRD2,,,,I-32,CCCN(CCCCNC(=O)c1ccc2ccccc2c1)CC1CC1c1ccc(F)cc1,D,,,,,,
DRD2,,,,I-33,CCCN(CCCCNC(=O)c1cc2ccccc2[nH]1)CC1CC1c1ccc(F)cc1,D,,,,,,
DRD2,,,,I-36,CCCN(CCCCNC(=O)c1cc2ccccc2[nH]1)CC1CC1c1ccc(Cl)cc1,C,,,,,,
DRD2,,,,I-41,CCCN(CCCCNC(=O)c1ccc2ccccc2c1)CC1CC1c1cccc(Cl)c1Cl,C,,,,,,
DRD2,,,,I-41a,CCCN(CCCCNC(=O)c1ccc2ccccc2c1)C[C@@H]1C[C@H]1c1cccc(Cl)c1Cl,B,,,,,,
DRD2,,,,I-41b,CCCN(CCCCNC(=O)c1ccc2ccccc2c1)C[C@H]1C[C@@H]1c1cccc(Cl)c1Cl,C,,,,,,
DRD2,,,,I-42,CCCN(CCCCNC(=O)c1cc2ccccc2[nH]1)CC1CC1c1cccc(Cl)c1Cl,C,,,,,,
DRD2,,,,I-42a,CCCN(CCCCNC(=O)c1cc2ccccc2[nH]1)C[C@@H]1C[C@H]1c1cccc(Cl)c1Cl,B,,,,,,
DRD2,,,,I-42b,CCCN(CCCCNC(=O)c1cc2ccccc2[nH]1)C[C@H]1C[C@@H]1c1cccc(Cl)c1Cl,B,,,,,,
DRD2,,,,I-43,CCCN(CCCCNC(=O)c1ccc(-c2ccccn2)cc1)CC1CC1c1cccc(Cl)c1Cl,C,,,,,,
DRD2,,,,I-43a,CCCN(CCCCNC(=O)c1ccc(-c2ccccn2)cc1)C[C@@H]1C[C@H]1c1cccc(Cl)c1Cl,B,,,,,,
DRD2,,,,I-43b,CCCN(CCCCNC(=O)c1ccc(-c2ccccn2)cc1)C[C@H]1C[C@@H]1c1cccc(Cl)c1Cl,C,,,,,,
DRD2,,,,I-44,O=C1CCc2ccc(OCCCCNCC3CC3c3cccc(Cl)c3Cl)cc2N1,B,,,,,,
DRD2,,,,I-45,CN(CCCCOc1ccc2c(c1)NC(=O)CC2)CC1CC1c1cccc(Cl)c1Cl,B,,,,,,
DRD2,,,,I-46,CCCN(CCCCOc1ccc2c(c1)NC(=O)CC2)CC1CC1c1cccc(Cl)c1Cl,B,,,,,,
DRD2,,,,I-47,COc1ccc(F)cc1C1CC1CNCCCCOc1ccc2c(c1)NC(=O)CC2,A,,,,,,
DRD2,,,,I-49,CCCN(CCCCOc1ccc2c(c1)NC(=O)CC2)CC1CC1c1cc(F)ccc1OC,B,,,,,,
DRD2,,,,I-50,COc1ccccc1C1CC1CNCCCCOc1ccc2c(c1)NC(=O)CC2,A,,,,,,
DRD2,,,,I-51,COc1ccccc1C1CC1CNCCCCOc1ccc2ccc(=O)[nH]c2c1,A,,,,,,
DRD2,,,,I-53,CSc1ccccc1C1CC1CNCCCCOc1ccc2c(c1)NC(=O)CC2,B,,,,,,
DRD2,,,,I-54,CSc1ccccc1C1CC1CNCCCCOc1ccc2ccc(=O)[nH]c2c1,A,,,,,,
DRD2,,,,I-55,CSc1ccccc1C1CC1CNCCCCOc1ccc2scnc2c1,B,,,,,,
DRD2,,,,I-56,CN(C)C(=O)NC1CCC(CCNCC2CC2c2cccc(Cl)c2Cl)CC1,C,,,,,,
DRD2,,,,I-57,CCCN(CCC1CCC(NC(=O)N(C)C)CC1)CC1CC1c1cccc(Cl)c1Cl,B,,,,,,
DRD2,,,,I-59,CCCN(CCC1CCC(NC(=O)N(C)C)CC1)CC1CC1c1cc(F)ccc1OC,C,,,,,,
DRD2,,,,I-60,CN(C)C(=O)NC1CCC(CCNCC2CC2c2cccc3c2OCCO3)CC1,C,,,,,,
DRD2,,,,I-61,CN(C)C(=O)NC1CCC(CCNCC2CC2c2cccc3ccccc23)CC1,B,,,,,,
DRD2,,,,I-62,COc1ccccc1C1CC1CNCCC1CCC(NC(=O)N(C)C)CC1,C,,,,,,
DRD2,,,,I-63,COc1ccc(Cl)cc1C1CC1CNCCC1CCC(NC(=O)N(C)C)CC1,B,,,,,,
DRD2,,,,I-64,O=c1ccc2ccc(OCCCCNCC3CC3c3cccc(Cl)c3Cl)cc2[nH]1,B,,,,,,
DRD2,,,,I-65,O=c1ccc2ccc(OCCCCNCC3CC3c3cccc4c3OCCO4)cc2[nH]1,B,,,,,,
DRD2,,,,I-66,O=c1ccc2ccc(OCCCCNCC3CC3c3cccc4ccccc34)cc2[nH]1,A,,,,,,
DRD2,,,,I-67,COc1ccc(F)cc1C1CC1CNCCCCOc1ccc2ccc(=O)[nH]c2c1,A,,,,,,
DRD2,,,,I-68,COc1ccc(Cl)cc1C1CC1CNCCCCOc1ccc2ccc(=O)[nH]c2c1,A,,,,,,
DRD2,,,,I-69,O=C1CCc2ccc(OCCCCNCC3CC3c3cccc4c3OCCO4)cc2N1,B,,,,,,
DRD2,,,,I-70,O=C1CCc2ccc(OCCCCNCC3CC3c3cccc4ccccc34)cc2N1,B,,,,,,
DRD2,,,,I-71,COc1ccc(Cl)cc1C1CC1CNCCCCOc1ccc2c(c1)NC(=O)CC2,A,,,,,,
DRD2,,,,I-72,c1cc2c(c(C3CC3CNCCCCOc3ccc4scnc4c3)c1)OCCO2,B,,,,,,
DRD2,,,,I-73,c1ccc2c(C3CC3CNCCCCOc3ccc4scnc4c3)cccc2c1,B,,,,,,
DRD2,,,,I-74,c1cc2c(c(C3CC3CNCCCCOc3ccc4c(c3)OCO4)c1)OCCO2,C,,,,,,
DRD2,,,,I-75,c1ccc2c(C3CC3CNCCCCOc3ccc4c(c3)OCO4)cccc2c1,B,,,,,,
DRD2,,,,I-76,COc1ccc(F)cc1C1CC1CNCCCOc1ccc2ccc(=O)[nH]c2c1,A,,,,,,
DRD2,,,,I-77,COc1ccccc1C1CC1CNCCCOc1ccc2ccc(=O)[nH]c2c1,B,,,,,,
DRD2,,,,I-78,COc1ccc(Cl)cc1C1CC1CNCCCOc1ccc2ccc(=O)[nH]c2c1,A,,,,,,
DRD2,,,,I-79,COc1ccc(F)cc1C1CC1CNCCCOc1ccc2c(c1)NC(=O)CC2,A,,,,,,
DRD2,,,,I-80,COc1ccccc1C1CC1CNCCCOc1ccc2c(c1)NC(=O)CC2,B,,,,,,
DRD2,,,,I-81,COc1ccc(Cl)cc1C1CC1CNCCCOc1ccc2c(c1)NC(=O)CC2,A,,,,,,
DRD2,,,,I-82,COc1ccccc1C1CC1CNCCCCCOc1ccc2ccc(=O)[nH]c2c1,B,,,,,,
DRD2,,,,I-83,COc1ccccc1C1CC1CNCCCCCOc1ccc2c(c1)NC(=O)CC2,B,,,,,,
DRD2,,,,I-84,COc1ccccc1C1CC1CNC/C=C/COc1ccc2ccc(=O)[nH]c2c1,B,,,,,,
DRD2,,,,I-85,COc1ccccc1C1CC1CNC/C=C/COc1ccc2c(c1)NC(=O)CC2,B,,,,,,
DRD2,,,,I-86,COc1ccccc1C1CC1CNCCC1CCC(NC(=O)N2CCCC2)CC1,C,,,,,,
DRD2,,,,I-87,COc1ccccc1C1CC1CNCCC1CCC(NC(=O)c2ccccc2)CC1,C,,,,,,
DRD2,,,,I-88,COc1ccccc1C1CC1CNCCC1CCC(NS(=O)(=O)c2ccccc2)CC1,B,,,,,,
DRD2,,,,I-89,COc1ccccc1C1CC1CNCCC1CCC(NC(=O)C2CCCCC2)CC1,C,,,,,,
DRD2,,,,I-91,COc1ccccc1C1CC1CNCCC1CCC(NC(=O)c2cc3ccccc3[nH]2)CC1,C,,,,,,
DRD2,,,,I-92,CCN(CCCCOc1ccc2c(c1)NC(=O)CC2)CC1CC1c1cc(F)ccc1OC,B,,,,,,
DRD2,,,,I-93,CCN(CCCCOc1ccc2ccc(=O)[nH]c2c1)CC1CC1c1cc(F)ccc1OC,A,,,,,,
DRD2,,,,I-94,CCN(CCCOc1ccc2c(c1)NC(=O)CC2)CC1CC1c1cc(Cl)ccc1OC,B,,,,,,
DRD2,,,,I-95,CCN(CCCOc1ccc2c(c1)NC(=O)CC2)CC1CC1c1cc(F)ccc1OC,B,,,,,,
DRD2,,,,I-96,CCN(CCCCOc1ccc2c(c1)NC(=O)CC2)CC1CC1c1cc(Cl)ccc1OC,B,,,,,,
DRD2,,,,I-97,CCN(CCCOc1ccc2ccc(=O)[nH]c2c1)CC1CC1c1cc(Cl)ccc1OC,B,,,,,,
DRD2,,,,I-98,CCN(CCCCOc1ccc2ccc(=O)[nH]c2c1)CC1CC1c1cc(Cl)ccc1OC,B,,,,,,
DRD2,,,,I-99,CCN(CCCOc1ccc2ccc(=O)[nH]c2c1)CC1CC1c1cc(F)ccc1OC,B,,,,,,
DRD2,,,WO 2021/244416,I-1,CC(=O)NC1CCC(CCN2CCN(c3cc(-c4ccccc4)cc(N4CCOCC4)n3)CC2)CC1,A,,,,,,
DRD2,,,,I-2,CCCC(=O)NC1CCC(CCN2CCN(c3cc(-c4ccccc4)cc(N4CCOCC4)n3)CC2)CC1,A,,,,,,
DRD2,,,,I-3,CCOC(=O)NC1CCC(CCN2CCN(c3cc(-c4ccccc4)cc(N4CCOCC4)n3)CC2)CC1,A,,,,,,
DRD2,,,,I-4,O=C(NC1CCC(CCN2CCN(c3cc(-c4ccccc4)cc(N4CCOCC4)n3)CC2)CC1)C1CC1,A,,,,,,
DRD2,,,,I-5,O=C(NC1CCC(CCN2CCN(c3cc(-c4ccccc4)cc(N4CCOCC4)n3)CC2)CC1)C1CCCCC1,A,,,,,,
DRD2,,,,I-6,O=C(NC1CCC(CCN2CCN(c3cc(-c4ccccc4)cc(N4CCOCC4)n3)CC2)CC1)c1ccco1,A,,,,,,
DRD2,,,,I-7,CN(C)C(=O)NC1CCC(CCN2CCN(c3cc(-c4ccccc4)cc(N4CCOCC4)n3)CC2)CC1,A,,,,,,
DRD2,,,,II-1,O=C(NC1CCC(CCN2CCN(c3cc(-c4ccc(F)cc4)cc(N4CCOCC4)n3)CC2)CC1)c1ccccc1,A,,,,,,
DRD2,,,,II-2,O=C(NC1CCC(CCN2CCN(c3cc(-c4ccc(F)cc4)cc(N4CCOCC4)n3)CC2)CC1)c1cccnc1,A,,,,,,
DRD2,,,,II-3,O=C(NC1CCC(CCN2CCN(c3cc(-c4ccc(F)cc4)cc(N4CCOCC4)n3)CC2)CC1)c1ccco1,A,,,,,,
DRD2,,,,II-4,CNC(=O)NC1CCC(CCN2CCN(c3cc(-c4ccc(F)cc4)cc(N4CCOCC4)n3)CC2)CC1,A,,,,,,
DRD2,,,,II-6,CCCN(C)C(=O)NC1CCC(CCN2CCN(c3cc(-c4ccc(F)cc4)cc(N4CCOCC4)n3)CC2)CC1,A,,,,,,
DRD2,,,,III-1,COc1ccc(-c2cc(N3CCOCC3)nc(N3CCN(CCC4CCC(NC(=O)N5CCCC5)CC4)CC3)c2)cc1,A,,,,,,
DRD2,,,,III-2,COc1ccc(-c2cc(N3CCOCC3)nc(N3CCN(CCC4CCC(NC(=O)N5CCOCC5)CC4)CC3)c2)cc1,A,,,,,,
DRD2,,,,III-3,COc1ccc(-c2cc(N3CCOCC3)nc(N3CCN(CCC4CCC(NC(=O)N5CCCCC5)CC4)CC3)c2)cc1,A,,,,,,
DRD2,,,,III-4,COc1ccc(-c2cc(N3CCOCC3)nc(N3CCN(CCC4CCC(NC(=O)N5CCN(C)CC5)CC4)CC3)c2)cc1,A,,,,,,
DRD2,,,,IV-1,CCC(=O)NC1CCC(CCN2CCN(c3cc(-c4cccnc4)cc(N4CCOCC4)n3)CC2)CC1,A,,,,,,
DRD2,,,,IV-2,O=C(NC1CCC(CCN2CCN(c3cc(-c4cccnc4)cc(N4CCOCC4)n3)CC2)CC1)c1ccco1,A,,,,,,
DRD2,,,,IV-3,CN(C)C(=O)NC1CCC(CCN2CCN(c3cc(-c4cccnc4)cc(N4CCOCC4)n3)CC2)CC1,A,,,,,,
DRD2,,,,IV-4,CC(C)N(C(=O)NC1CCC(CCN2CCN(c3cc(-c4cccnc4)cc(N4CCOCC4)n3)CC2)CC1)C(C)C,A,,,,,,
DRD2,,,,V-1,CC(=O)NC1CCC(CCN2CCN(c3cc(-c4ccco4)cc(N4CCOCC4)n3)CC2)CC1,A,,,,,,
DRD2,,,,V-2,COCC(=O)NC1CCC(CCN2CCN(c3cc(-c4ccco4)cc(N4CCOCC4)n3)CC2)CC1,A,,,,,,
DRD2,,,,V-3,CN(C)C(=O)NC1CCC(CCN2CCN(c3cc(-c4ccco4)cc(N4CCOCC4)n3)CC2)CC1,A,,,,,,
DRD2,,,,V-4,O=C(NC1CCC(CCN2CCN(c3cc(-c4ccco4)cc(N4CCOCC4)n3)CC2)CC1)N1CCCCC1,A,,,,,,
DRD2,,,,V-5,O=C(NC1CCC(CCN2CCN(c3cc(-c4ccco4)cc(N4CCOCC4)n3)CC2)CC1)N1CCOCC1,A,,,,,,
DRD2,,,,VI-1,CC(=O)NC1CCC(CCN2CCN(c3cc(-c4cccs4)cc(N4CCOCC4)n3)CC2)CC1,A,,,,,,
DRD2,,,,VI-2,O=C(NC1CCC(CCN2CCN(c3cc(-c4cccs4)cc(N4CCOCC4)n3)CC2)CC1)C1CC1,A,,,,,,
DRD2,,,,VI-3,O=C(NC1CCC(CCN2CCN(c3cc(-c4cccs4)cc(N4CCOCC4)n3)CC2)CC1)c1cccnc1,A,,,,,,
DRD2,,,,VI-4,CN(C)C(=O)NC1CCC(CCN2CCN(c3cc(-c4cccs4)cc(N4CCOCC4)n3)CC2)CC1,A,,,,,,
DRD2,,,,VI-5,O=C(NC1CCC(CCN2CCN(c3cc(-c4cccs4)cc(N4CCOCC4)n3)CC2)CC1)N1CCCC1,A,,,,,,
DRD2,,,,VII-1,CCC(=O)NC1CCC(CCN2CCN(c3cc(-c4ccc[nH]4)cc(N4CCOCC4)n3)CC2)CC1,A,,,,,,
DRD2,,,,VII-2,O=C(NC1CCC(CCN2CCN(c3cc(-c4ccc[nH]4)cc(N4CCOCC4)n3)CC2)CC1)c1ccco1,A,,,,,,
DRD2,,,,VII-3,O=C(NC1CCC(CCN2CCN(c3cc(-c4ccc[nH]4)cc(N4CCOCC4)n3)CC2)CC1)C1CCCCC1,A,,,,,,
DRD2,,,,VII-4,CN(C)C(=O)NC1CCC(CCN2CCN(c3cc(-c4ccc[nH]4)cc(N4CCOCC4)n3)CC2)CC1,A,,,,,,
DRD2,,,,VII-5,O=C(NC1CCC(CCN2CCN(c3cc(-c4ccc[nH]4)cc(N4CCOCC4)n3)CC2)CC1)N1CCCCC1,A,,,,,,
DRD2,,,WO 2016/003296 ,1,C[C@@H]1CN(S(=O)(=O)c2cccc3ncccc23)C1CCN1CCN(c2nc3ccccc3s2)CC1,A,,,,,,
DRD2,,,,2,C[C@@H]1CN(S(=O)(=O)c2ccnc3ccccc23)C1CCN1CCN(c2nc3ccccc3s2)CC1,A,,,,,,
DRD2,,,,3,C[C@@H]1CN(S(=O)(=O)c2ccc3ncccc3c2)C1CCN1CCN(c2nc3ccccc3s2)CC1,A,,,,,,
DRD2,,,,4,C[C@@H]1CN(S(=O)(=O)c2ccnc3ccccc23)C1CCN1CCN(c2cc3ccccc3s2)CC1,A,,,,,,
DRD2,,,,5,C[C@@H]1CN(S(=O)(=O)c2cnc3ccccc3c2)C1CCN1CCN(c2cc3ccccc3s2)CC1,A,,,,,,
DRD2,,,,7,C[C@@H]1CN(S(=O)(=O)c2ccnc3ccccc23)C1CCN1CC=C(Cc2c[nH]cc2Cl)CC1,A,,,,,,
DRD2,,,,9,C[C@@H]1CCN(S(=O)(=O)c2ccnc3ccccc23)C1CCN1CCN(c2cc[nH]c2)CC1,A,,,,,,
DRD2,,,,10,C[C@@H]1CCN(S(=O)(=O)c2ccnc3ccccc23)C1CCN1CCN(c2cc[nH]c2)CC1,A,,,,,,
DRD2,,,,13,C[C@@H]1CCN(S(=O)(=O)c2ccnc3ccccc23)C1CCN1CCN(c2cc3ccccc3s2)CC1,A,,,,,,
DRD2,,,,14,C[C@@H]1CCN(S(=O)(=O)c2ccnc3ccccc23)C1CCN1CCN(c2cc3ccccc3s2)CC1,A,,,,,,
DRD2,,,,15,C[C@@H]1CCN(S(=O)(=O)c2ccc3ccccc3n2)C1CCN1CCN(c2nc3ccccc3o2)CC1,A,,,,,,
DRD2,,,,16,C[C@@H]1CCN(S(=O)(=O)c2cccc3ncccc23)C1CCN1CCN(c2nc3ccccc3o2)CC1,A,,,,,,
DRD2,,,,17,C[C@@H]1CCN(S(=O)(=O)c2ccnc3ccccc23)C1CCN1CCN(c2nc3ccccc3o2)CC1,A,,,,,,
DRD2,,,,18,C[C@@H]1CCN(S(=O)(=O)c2ccc3ncccc3c2)C1CCN1CCN(c2nc3ccccc3o2)CC1,A,,,,,,
DRD2,,,,19,C[C@@H]1CCN(S(=O)(=O)c2ccc3ccccc3n2)C1CCN1CCN(c2nc3ccccc3s2)CC1,A,,,,,,
DRD2,,,,20,C[C@@H]1CCN(S(=O)(=O)c2cccc3ncccc23)C1CCN1CCN(c2nc3ccccc3s2)CC1,A,,,,,,
DRD2,,,,22,C[C@@H]1CCN(S(=O)(=O)c2c(Cl)cnc3ccccc23)C1CCN1CCN(c2nc3ccccc3s2)CC1,A,,,,,,
DRD2,,,,23,C[C@@H]1CCN(S(=O)(=O)c2ccnc3ccccc23)C1CCN1CCN(c2nc3ccccc3s2)CC1,A,,,,,,
DRD2,,,,24,C[C@@H]1CCN(S(=O)(=O)c2ccnc3ccccc23)C1CCN1CCN(c2nc3ccccc3s2)CC1,A,,,,,,
DRD2,,,,33,C[C@@H]1CCN(S(=O)(=O)c2ccnc3ccccc23)C1CCN1CCN(c2ccc3c(c2)OCO3)CC1,A,,,,,,
DRD2,,,,34,C[C@@H]1CCN(S(=O)(=O)c2ccnc3ccccc23)C1CCN1CCN(c2ccc3c(c2)OCO3)CC1,A,,,,,,
DRD2,,,,42,C[C@@H]1CCN(S(=O)(=O)c2ccnc3ccccc23)C1CCN1CC=C(Cc2cc[nH]c2)CC1,A,,,,,,
DRD2,,,,43,C[C@@H]1CCN(S(=O)(=O)c2ccnc3ccccc23)C1CCN1CC=C(Cc2cc[nH]c2)CC1,A,,,,,,
DRD2,,,,56,C[C@H]1CCN(S(=O)(=O)c2ccnc3ccccc23)C1CCN1CCN(c2cc[nH]c2)CC1,A,,,,,,
DRD2,,,,57,C[C@H]1CCN(S(=O)(=O)c2ccnc3ccccc23)C1CCN1CCN(c2cc[nH]c2)CC1,A,,,,,,
DRD2,,,,59,C[C@H]1CCN(S(=O)(=O)c2ccnc3ccccc23)C1CCN1CCN(c2cc3ccccc3s2)CC1,A,,,,,,
DRD2,,,,60,C[C@H]1CCN(S(=O)(=O)c2ccnc3ccccc23)C1CCN1CCN(c2cc3ccccc3s2)CC1,A,,,,,,
DRD2,,,,61,C[C@H]1CCN(S(=O)(=O)c2ccnc3ccccc23)C1CCN1CCN(c2cc3ccccc3s2)CC1,A,,,,,,
DRD2,,,,62,C[C@H]1CCN(S(=O)(=O)c2ccc3ncccc3n2)C1CCN1CCN(c2nc3ccccc3o2)CC1,A,,,,,,
DRD2,,,,63,C[C@H]1CCN(S(=O)(=O)c2ccnc3ccccc23)C1CCN1CCN(c2nc3ccccc3s2)CC1,A,,,,,,
DRD2,,,,64,C[C@H]1CCN(S(=O)(=O)c2cccc3ncccc23)C1CCN1CCN(c2nc3ccccc3s2)CC1,A,,,,,,
DRD2,,,,66,C[C@H]1CCN(S(=O)(=O)c2ccnc3ccccc23)C1CCN1CCN(c2nc3ccccc3s2)CC1,A,,,,,,
DRD2,,,,67,C[C@H]1CCN(S(=O)(=O)c2ccc3ncccc3c2)C1CCN1CCN(c2nc3ccccc3s2)CC1,A,,,,,,
DRD2,,,,69,C[C@H]1CCN(S(=O)(=O)c2ccnc3ccccc23)C1CCN1CCN(c2ccc3c(c2)OCO3)CC1,A,,,,,,
DRD2,,,,70,C[C@H]1CCN(S(=O)(=O)c2ccnc3ccccc23)C1CCN1CCN(c2ccc3c(c2)OCO3)CC1,A,,,,,,
DRD2,,,,79,C[C@@H]1CN(S(=O)(=O)c2ccnc3ccccc23)C1CCN1CCN(c2cc3ccccc3s2)CC1,A,,,,,,
DRD2,,,,80,C[C@@H]1CN(S(=O)(=O)c2ccnc3ccccc23)C1CCN1CCN(c2cc3ccccc3s2)CC1,A,,,,,,
DRD2,,,,81,C[C@@H]1CN(S(=O)(=O)c2ccc3ccccc3n2)C1CCN1CCN(c2nc3ccccc3s2)CC1,A,,,,,,
DRD2,,,,82,C[C@@H]1CN(S(=O)(=O)c2cccc3ncccc23)C1CCN1CCN(c2nc3ccccc3s2)CC1,A,,,,,,
DRD2,,,,83,C[C@@H]1CN(S(=O)(=O)c2ccnc3ccccc23)C1CCN1CCN(c2nc3ccccc3s2)CC1,A,,,,,,
DRD2,,,,84,C[C@@H]1CN(S(=O)(=O)c2ccc3ncccc3c2)C1CCN1CCN(c2nc3ccccc3s2)CC1,A,,,,,,
DRD2,,,,91,C[C@H]1CCN(S(=O)(=O)c2ccnc3ccccc23)C1CCN1CCN(c2cc3ccccc3s2)CC1,A,,,,,,
DRD2,,,,92,C[C@H]1CCN(S(=O)(=O)c2cccc3ncccc23)C1CCN1CCN(c2nc3ccccc3s2)CC1,A,,,,,,
DRD2,,,,93,C[C@H]1CCN(S(=O)(=O)c2ccnc3ccccc23)C1CCN1CCN(c2nc3ccccc3s2)CC1,A,,,,,,
DRD2,,,WO 2015/131856,1,NCc1cc(CCN2CCN(c3cccc4c3OCO4)CC2)cc(F)n1,A,,,,,,
DRD2,,,,25,O=C1Cc2ccc(CCN3CCN(c4cccc5c4OCO5)CC3)cc2N1,A,,,,,,
DRD2,,,,41,CC1=NC2C(=NC(=O)C2CCN2CCN(c3ccnc4sccc34)CC2)CC(O)C1,B,,,,,,
DRD2,,,,42,Nc1cc(CCN2CCN(CC3=NCCN3)CC2)nc(F)n1,B,,,,,,
DRD2,,,,43,O=C1Nc2cc(CCN3CCN(CC4=NCCN4)CC3)ccc21,B,,,,,,
DRD2,,,WO 2015/069110 ,AG-0029+EE570:E601,O=c1[nH]c2cccc(N3CCN(CCCOc4ccc(CN5CCOCC5)cc4)CC3)c2o1,A,,,,,,
DRD2,,,,AG-0056,O=c1[nH]c2cccc(N3CCN(Cc4ccc(OC5CCN(C6CCC6)CC5)cc4)CC3)c2o1,A,,,,,,
DRD2,,,,AG-0116,O=c1[nH]c2cccc(N3CCN(c4ccc(OC5CCN(C6CCC6)CC5)cc4)CC3)c2o1,A,,,,,,
DRD2,,,,AG-0126,CC(C)N1CCN(C(=O)c2ccc(CN3CCN(c4cccc5[nH]c(=O)oc45)CC3)nc2)CC1,A,,,,,,
DRD2,,,,AG-0117,O=C(c1ccc(CN2CCN(c3cccc4[nH]c(=O)oc34)CC2)cc1)N1CCN(C2CCC2)CC1,A,,,,,,
DRD2,,,,AG-0112,O=c1[nH]c2cccc(N3CCN(Cc4ccc5c(c4)CC4(CCN(C6CCC6)CC4)O5)CC3)c2o1,A,,,,,,
DRD2,,,,AG-0109,O=c1[nH]c2cccc(N3CCN(Cc4ccc(OCCCN5CCCCC5)cc4)CC3)c2o1,A,,,,,,
DRD2,,,,AG-0104,O=c1[nH]c2cccc(C3CCN(CCCOc4ccc(CN5CCOCC5)cc4)CC3)c2o1,A,,,,,,
DRD2,,,,AG-0114,O=c1[nH]c2cccc(C3CCN(Cc4ccc(OC5CCN(C6CCC6)CC5)cc4)CC3)c2o1,A,,,,,,
DRD2,,,,AG-0325,O=c1[nH]c2cccc(C3CCN(Cc4ccc(OC5CCN(C6CCC6)CC5)nc4)CC3)c2o1,A,,,,,,
DRD2,,,,AG-0327,O=c1[nH]c2cccc(C3CCN(Cc4ccc(OCCCN5CCCCC5)cc4)CC3)c2o1,A,,,,,,
DRD2,,,,AG-0323,O=C(c1ccc(CN2CCC(c3cccc4[nH]c(=O)oc34)CC2)cc1)N1CCN(C2CCC2)CC1,A,,,,,,
DRD2,,,,AG-0098,c1cc2c(c(N3CCN(CCCOc4ccc(CN5CCOCC5)cc4)CC3)c1)OCCO2,A,,,,,,
DRD2,,,,AG-0118,c1cc2c(c(N3CCN(Cc4ccc(OC5CCN(C6CCC6)CC5)cc4)CC3)c1)OCCO2,A,,,,,,
DRD2,,,,AG-0448,c1cc2c(c(N3CCN(Cc4ccc(OCCCN5CCOCC5)cc4)CC3)c1)OCCO2,B,,,,,,
DRD2,,,,AG-0338,O=C(c1ccc(CN2CCN(c3cccc4c3OCCO4)CC2)cc1)N1CCN(C2CCC2)CC1,A,,,,,,
DRD2,,,,AG-0374,C(#Cc1ccc(CN2CCN(c3cccc4c3OCCO4)CC2)cc1)CCN1CCCCC1,B,,,,,,
DRD2,,,,AG-0198,CC1Oc2c(N3CCN(CCCOc4ccc(CN5CCCCC5)cc4)CC3)cccc2N(C)C1=O,A,,,,,,
DRD2,,,,AG-0113,CC1Oc2c(N3CCN(Cc4ccc(OC5CCN(C6CCC6)CC5)cc4)CC3)cccc2N(C)C1=O,B,,,,,,
DRD2,,,WO 2016/100940,1,CC1(Oc2ccc(Cl)cc2)CCN(CCOc2ccccc2)C1,C,,,,,,
DRD2,,,,1a,CN1CCC(Oc2ccc(Cl)cc2)C1CCOc1ccccc1,B,,,,,,
DRD2,,,,1b,CN1CCC(Oc2ccc(Cl)cc2)C1CCOc1ccccc1,C,,,,,,
DRD2,,,,2,COc1ccccc1OCCN1CCC(C)(Oc2ccc(Cl)cc2)C1,B,,,,,,
DRD2,,,,3,CC1(Oc2ccc(Cl)cc2)CCN(CCCCOc2ccccc2)C1,C,,,,,,
DRD2,,,,4,CC1(Oc2ccc(Cl)cc2)CCN(CCCOc2ccccc2)C1,C,,,,,,
DRD2,,,,5,CC1(Oc2ccc(Cl)cc2)CCN(CCOc2ccccc2Cl)C1,B,,,,,,
DRD2,,,,6,Cc1ccccc1OCCN1CCC(C)(Oc2ccc(Cl)cc2)C1,C,,,,,,
DRD2,,,,8,CC1(Oc2ccc(Cl)cc2)CCN(CCOc2ccccc2C(F)(F)F)C1,C,,,,,,
DRD2,,,,9,CC1(Oc2ccc(Cl)cc2)CCN(CCOc2ccccc2F)C1,B,,,,,,
DRD2,,,,10,CC1(Oc2ccc(Cl)cc2)CCN(CCOc2cccc(Cl)c2)C1,C,,,,,,
DRD2,,,,11,Cc1cccc(OCCN2CCC(C)(Oc3ccc(Cl)cc3)C2)c1,C,,,,,,
DRD2,,,,12,CC1(Oc2ccc(Cl)cc2)CCN(CCOc2cccnc2)C1,B,,,,,,
DRD2,,,,12a,CN1CCC(Oc2ccc(Cl)cc2)C1CCOc1ccccn1,B,,,,,,
DRD2,,,,13,CC1(Oc2ccc(Cl)cc2)CCN(CCOc2cccc(C(F)(F)F)c2)C1,C,,,,,,
DRD2,,,,14,CC1(Oc2ccc(Cl)cc2)CCN(CCOc2ccc(F)cc2)C1,C,,,,,,
DRD2,,,,15,CC1(Oc2ccc(Cl)cc2)CCN(CCOc2ccc(Cl)cc2)C1,C,,,,,,
DRD2,,,,16,Cc1ccc(OCCN2CCC(C)(Oc3ccc(Cl)cc3)C2)cc1,C,,,,,,
DRD2,,,,17,CC1(Oc2ccc(Cl)cc2)CCN(CCOc2ccc(C(F)(F)F)cc2)C1,C,,,,,,
DRD2,,,,18,CC1(Oc2ccc(Cl)cc2)CCN(CCOc2ccc3ncsc3c2)C1,C,,,,,,
DRD2,,,,18a,CN1CCC(Oc2ccc(Cl)cc2)C1CCOc1ccc2ncsc2c1,C,,,,,,
DRD2,,,,18b,CN1CCC(Oc2ccc(Cl)cc2)C1CCOc1ccc2ncsc2c1,C,,,,,,
DRD2,,,,19,COc1cccc(OCCN2CCC(C)(Oc3ccc(Cl)cc3)C2)c1,C,,,,,,
DRD2,,,,20,COc1ccc(OCCN2CCC(C)(Oc3ccc(Cl)cc3)C2)cc1,C,,,,,,
DRD2,,,,21,CC1(Oc2ccc(Cl)cc2)CCN(CCOC2CCCCC2)C1,C,,,,,,
DRD2,,,,22,CC1(Oc2ccc(Cl)cc2)CCN(CCOc2ccc(F)cc2F)C1,C,,,,,,
DRD2,,,,23,CC1(Oc2ccc(Cl)cc2)CCN(CCOc2cc(F)ccc2F)C1,B,,,,,,
DRD2,,,,24,CC1(Oc2ccc(Cl)cc2)CCN(CCOc2ccc3cccnc3c2)C1,A,,,,,,
DRD2,,,,25,CC1(Oc2ccc(Cl)cc2)CCN(CCOc2ccc3ccc(=O)[nH]c3c2)C1,C,,,,,,
DRD2,,,,26,CC1(Oc2ccc(Cl)cc2)CCN(CCCc2ccccc2)C1,C,,,,,,
DRD2,,,,27,CC1(Oc2ccc(Cl)cc2)CCN(CCCCOc2ccccc2F)C1,C,,,,,,
DRD2,,,,28,CC1(Oc2ccc(Cl)cc2)CCN(CCCCOc2ccccc2Cl)C1,B,,,,,,
DRD2,,,,29,CC1(Oc2ccc(Cl)cc2)CCN(CCCCOc2ccc3ncsc3c2)C1,C,,,,,,
DRD2,,,,30,CC1(Oc2ccc(Cl)cc2)CCN(CCOc2ccc(C(F)(F)F)nc2)C1,C,,,,,,
DRD2,,,,31,CC1(Oc2ccc(Cl)cc2)CCN(CCOc2ccc3ccccc3c2)C1,C,,,,,,
DRD2,,,,32,CC1(Oc2ccc(Cl)cc2)CCN(CCOc2ccc3ncccc3c2)C1,C,,,,,,
DRD2,,,,33,CC1(Oc2ccc(Cl)cc2)CCN(CCOc2ccc3cnccc3c2)C1,B,,,,,,
DRD2,,,,34,CC1(Oc2ccc(Cl)cc2)CCN(CCOc2ccc3ccncc3c2)C1,C,,,,,,
DRD2,,,,35,CC1(Oc2ccc(Cl)cc2)CCN(CCOc2ccc(Cl)c(Cl)c2)C1,C,,,,,,
DRD2,,,,36,CC1(Oc2ccc(Cl)cc2)CCN(CCOc2cccc3ccccc23)C1,C,,,,,,
DRD2,,,,37,CC1(Oc2ccc(Cl)cc2)CCN(CCOc2cccc(-c3ccccc3)c2)C1,C,,,,,,
DRD2,,,,38,CC1(Oc2ccc(Cl)cc2)CCN(CCOc2ccccc2)CC1,B,,,,,,
DRD2,,,,39,CC1(Oc2ccccc2)CCN(CCOc2ccccc2)C1,B,,,,,,
DRD2,,,,40,CC1(Oc2cccc([N+](=O)[O-])c2)CCN(CCOc2ccccc2)C1,C,,,,,,
DRD2,,,,41,CC1(Oc2cccc(N)c2)CCN(CCOc2ccccc2)C1,B,,,,,,
DRD2,,,,42,CC1(Oc2cccc(Cl)c2)CCN(CCOc2ccccc2)C1,C,,,,,,
DRD2,,,,43,CC1(Oc2ccc([N+](=O)[O-])cc2)CCN(CCOc2ccccc2)C1,C,,,,,,
DRD2,,,,44,CC1(Oc2ccc(N)cc2)CCN(CCOc2ccccc2)C1,B,,,,,,
DRD2,,,,45,CC1(Oc2ccccc2[N+](=O)[O-])CCN(CCOc2ccccc2)C1,C,,,,,,
DRD2,,,,47,CC1(Oc2ccccc2Cl)CCN(CCOc2ccccc2)C1,C,,,,,,
DRD2,,,,48,CC1(Oc2ccc(Cl)cc2Cl)CCN(CCOc2ccccc2)C1,C,,,,,,
DRD2,,,,49,CC1(Oc2cccc(Cl)c2Cl)CCN(CCOc2ccccc2)C1,B,,,,,,
DRD2,,,,50,CC1(Oc2ccc(Cl)c(Cl)c2)CCN(CCOc2ccccc2)C1,C,,,,,,
DRD2,,,,51,CC1(Oc2ccc(F)cc2)CCN(CCOc2ccccc2)C1,B,,,,,,
DRD2,,,,53,CC1(Oc2ccccc2F)CCN(CCOc2ccccc2)C1,C,,,,,,
DRD2,,,,54,CC1(Oc2ccc(C(F)(F)F)cc2)CCN(CCOc2ccccc2)C1,C,,,,,,
DRD2,,,,55,CC1(Oc2cccc(C(F)(F)F)c2)CCN(CCOc2ccccc2)C1,C,,,,,,
DRD2,,,,55a,CN1CCC(Oc2cccc(C(F)(F)F)c2)C1CCOc1ccccc1,C,,,,,,
DRD2,,,,55b,CN1CCC(Oc2cccc(C(F)(F)F)c2)C1CCOc1ccccc1,C,,,,,,
DRD2,,,,57,CC1(Oc2ccccn2)CCN(CCOc2ccccc2)C1,C,,,,,,
DRD2,,,,58,CC1(Oc2cccnc2)CCN(CCOc2ccccc2)C1,C,,,,,,
DRD2,,,,59,CC1(Oc2ccncc2)CCN(CCOc2ccccc2)C1,C,,,,,,
DRD2,,,,59a,CN1CCC(Oc2ccncc2)C1CCOc1ccccc1,B,,,,,,
DRD2,,,,59b,CN1CCC(Oc2ccncc2)C1CCOc1ccccc1,C,,,,,,
DRD2,,,,60,CC1(Oc2cnccn2)CCN(CCOc2ccccc2)C1,B,,,,,,
DRD2,,,,61,CC1(Oc2cccc(C(F)(F)F)c2)CCCN(CCOc2ccccc2F)C1,C,,,,,,
DRD2,,,,62,CC1(Oc2cccc(C(F)(F)F)c2)CCCN(CCOc2cc(F)ccc2F)C1,C,,,,,,
DRD2,,,,63,CC1(Oc2cccc(C(F)(F)F)c2)CCCN(CCOc2ccccc2Cl)C1,C,,,,,,
DRD2,,,,64,CC1(Oc2cccc(C(F)(F)F)c2)CCN(CCOc2ccccc2F)C1,B,,,,,,
DRD2,,,,65,CC1(Oc2cccc(C(F)(F)F)c2)CCN(CCOc2ccccc2Cl)C1,C,,,,,,
DRD2,,,,66,CC1(Oc2cccc(C(F)(F)F)c2)CCN(CCOc2cc(F)ccc2F)C1,C,,,,,,
DRD2,,,,67,CC1(Oc2ccccc2)CCN(CCOc2cccc(C(F)(F)F)c2)CC1,B,,,,,,
DRD2,,,,69,Cc1ccccc1OCCN1CCC(C)(Oc2ccccc2)CC1,B,,,,,,
DRD2,,,,70,CCc1ccccc1OCCN1CCC(C)(Oc2ccccc2)CC1,B,,,,,,
DRD2,,,,71,CC(C)c1ccccc1OCCN1CCC(C)(Oc2ccccc2)CC1,B,,,,,,
DRD2,,,,72,COc1ccccc1OCCN1CCC(C)(Oc2ccccc2)CC1,B,,,,,,
DRD2,,,,74,CC1(Oc2ccccc2)CCN(CCOc2cccc3ccccc23)CC1,B,,,,,,
DRD2,,,,75,CC1(Oc2ccccc2)CC2CCC(C1)N2CCOc1ccccc1C(F)(F)F,B,,,,,,
DRD2,,,,76,CC1(Oc2ccccc2)CCN(C(C)(C)COc2ccccc2C(F)(F)F)CC1,B,,,,,,
DRD2,,,,78,CC(CO)N1CCC(C)(Oc2ccccc2)CC1,B,,,,,,
DRD2,,,,80,CC1CC(C)(Oc2ccccc2)CC(C)N1CCOc1ccccc1C(F)(F)F,C,,,,,,
DRD2,,,,81,COc1ccccc1OC1(C)CCN(CCOc2ccccc2)C1,C,,,,,,
DRD2,,,,83,Cc1ccccc1OC1(C)CCN(CCOc2ccccc2)C1,C,,,,,,
DRD2,,,,84,CC1(Oc2ccc(Cl)cc2)CCN(CCOc2ccccc2F)CC1,C,,,,,,
DRD2,,,,85,CC1(Oc2ccccc2)CCN(CCOc2ccccc2F)CC1,C,,,,,,
DRD2,,,,86,CC1(Oc2ccc(Cl)cc2)CCN(CCOc2ccccc2Cl)CC1,A,,,,,,
DRD2,,,,87,CC1(Oc2ccccc2)CCN(CCOc2ccccc2Cl)CC1,A,,,,,,
DRD2,,,,88,CC1(Oc2ccc(Cl)cc2)CCN(CCOc2ccccc2C(F)(F)F)CC1,A,,,,,,
DRD2,,,,89,OC1(c2ccccc2)CCN(CCOc2ccccc2)C1,A,,,,,,
DRD2,,,,90,O=[N+]([O-])c1ccc(OC2(c3ccccc3)CCN(CCOc3ccccc3)C2)cc1,B,,,,,,
DRD2,,,,91,CC1(Oc2ccc(Cl)cc2)CCCN(CCOc2ccccc2)C1,A,,,,,,
DRD2,,,,92,CC1(Oc2ccc(Cl)cc2)CCCN(CCOc2ccccc2Cl)C1,C,,,,,,
DRD2,,,,93,CC1(Oc2ccc(Cl)cc2)CCCN(CCOc2ccccc2F)C1,C,,,,,,
DRD2,,,,94,CC1(Oc2ccc(Cl)cc2)CCCN(CCOc2ccc3scnc3c2)C1,C,,,,,,
DRD2,,,,96,CC1(Oc2cccc(C(F)(F)F)c2)CCCN(CCOc2ccccc2)C1,B,,,,,,
DRD2,,,,96a,CN1CCCC(Oc2ccc(Cl)cc2)C1CCOc1ccccc1,C,,,,,,
DRD2,,,,96b,CN1CCCC(Oc2ccc(Cl)cc2)C1CCOc1ccccc1,C,,,,,,
DRD2,,,,97,FC(F)(F)c1ccccc1OCCN1CCC(=Cc2ccccc2)CC1,B,,,,,,
DRD2,,,,98,FC(F)(F)c1ccccc1OCCN1CCC2(CC1)CC2c1ccccc1,B,,,,,,
DRD2,,,,98a,CN1CCCC(Oc2ccc(Cl)cc2)C1CCOc1ccccc1F,A,,,,,,
DRD2,,,,98b,CN1CCCC(Oc2ccc(Cl)cc2)C1CCOc1ccccc1F,C,,,,,,
DRD2,,,,99,OC(c1ccccc1)C1(O)CCN(CCOc2ccccc2C(F)(F)F)CC1,B,,,,,,
DRD2,,,,99a,CN1CCCC(Oc2ccc(Cl)cc2)C1CCOc1ccc2ncsc2c1,C,,,,,,
DRD2,,,,99b,CN1CCCC(Oc2ccc(Cl)cc2)C1CCOc1ccc2ncsc2c1,B,,,,,,
DRD2,,,,100,CC1(Oc2ccccc2Cl)CCN(CCOc2ccccc2C(F)(F)F)CC1,C,,,,,,
DRD2,,,,101,CC1(Oc2ccccn2)CCN(CCOc2ccccc2C(F)(F)F)CC1,C,,,,,,
DRD2,,,,102,CC1(C(=O)c2ccccc2)CCN(CCOc2ccccc2C(F)(F)F)CC1,C,,,,,,
DRD2,,,,102a,CN1CCCC(C2CC2)C1CCOc1ccccc1C(F)(F)F,B,,,,,,
DRD2,,,,102b,CN1CCCC(C2CC2)C1CCOc1ccccc1C(F)(F)F,B,,,,,,
DRD2,,,,103,CC1(C(O)c2ccccc2)CCN(CCOc2ccccc2C(F)(F)F)CC1,B,,,,,,
DRD2,,,,104,CC1(Oc2ccc(Cl)cc2)CCCN(C(C)(C)COc2ccccc2)C1,B,,,,,,
DRD2,,,,105,CC1(Oc2ccccc2)CCN(CCOc2ccccc2C#N)CC1,B,,,,,,
DRD2,,,,106,CC1(Oc2ccccc2)CCN(CCOc2ccccc2OC(F)(F)F)CC1,B,,,,,,
DRD2,,,,107,CN(C)c1ccccc1OCCN1CCC(C)(Oc2ccccc2)CC1,B,,,,,,
DRD2,,,,108,CN(c1ccccc1)C1(C)CCN(CCOc2ccccc2C(F)(F)F)CC1,C,,,,,,
DRD2,,,,109,FC(F)(F)c1ccccc1OCCN1CCC2(CC1)CCN2c1ccccc1,A,,,,,,
DRD2,,,,110,OC1(Cc2ccccc2)CCN(CCOc2ccccc2C(F)(F)F)CC1,B,,,,,,
DRD2,,,,111,FC1(Cc2ccccc2)CCN(CCOc2ccccc2C(F)(F)F)CC1,C,,,,,,
DRD2,,,,112,CC1(Oc2ccccc2)CCN(CCC(=O)c2ccccc2C(F)(F)F)CC1,B,,,,,,
DRD2,,,,113,CC1(Oc2ccc(Cl)cc2)CCN(CCC(C)(O)c2ccccc2C(F)(F)F)CC1,B,,,,,,
DRD2,,,,114,CC1(Oc2ccccc2)CCN(CCCc2ccccc2C(F)(F)F)CC1,A,,,,,,
DRD2,,,,115,CC1(C)OC(c2ccccc2)C2(CCN(CCOc3ccccc3C(F)(F)F)CC2)O1,C,,,,,,
DRD2,,,,116,CC1(Oc2ccc(Cl)cc2)CCN(CCCCOc2ccccc2)CC1,C,,,,,,
DRD2,,,,117,CC1(Oc2ccccc2)CCN(CCCCOc2ccccc2)CC1,C,,,,,,
DRD2,,,,118,CC1(Oc2ccc(Cl)cc2)CCN(CCOc2cc(F)ccc2C(F)(F)F)CC1,B,,,,,,
DRD2,,,,119,COC1(C)CCN(CCOc2ccccc2C(F)(F)F)CC1,C,,,,,,
DRD2,,,,120,CC1(O)CCN(CCOc2ccccc2C(F)(F)F)CC1,C,,,,,,
DRD2,,,,121,CC1(Oc2ccc(Cl)cc2)CCN(CCOc2ccc(C(F)(F)F)cc2)CC1,C,,,,,,
DRD2,,,,122,CC1(OCc2ccccc2)CCN(CCOc2ccccc2C(F)(F)F)CC1,B,,,,,,
DRD2,,,,123,CC1(Oc2ccc(Cl)cc2)CCN(CCOc2ccc3ncoc3c2)CC1,B,,,,,,
DRD2,,,,124,CC1(Oc2ccc(Cl)cc2)CCN(CCOc2cnccc2C(F)(F)F)CC1,B,,,,,,
DRD2,,,,125,CC1(O)CCN(CCOc2ccccc2)CC1,B,,,,,,
DRD2,,,,126,CC1(O)CCN(CCOc2ccccc2F)CC1,A,,,,,,
DRD2,,,,127,CC1(O)CCN(CCOc2ccc(C(F)(F)F)cc2)CC1,C,,,,,,
DRD2,,,,128,C[C@@]1(O)C[C@@H]2CC[C@H](C1)N2CCOc1ccccc1C(F)(F)F,C,,,,,,
DRD2,,,,130,CC1(O)CCCN(CCOc2ccccc2C(F)(F)F)C1,C,,,,,,
DRD2,,,,131,FC(F)(F)c1ccccc1OCCN1CCC2(CCCN2c2ccc(Cl)cc2)CC1,C,,,,,,
DRD2,,,,132,FC(F)(F)c1ccccc1OCCN1CCC2(CC1)CCN2c1ccc(Cl)cc1,C,,,,,,
DRD2,,,,133,Fc1ccccc1OCCN1CCC2(CC1)CCN2c1ccc(Cl)cc1,B,,,,,,
DRD2,,,,134,CC1(O)CCN(CCCOc2ccccc2C(F)(F)F)CC1,C,,,,,,
DRD2,,,,135,CC1(O)CCN(CCOc2ccccc2C(F)(F)F)C1,A,,,,,,
DRD2,,,,136,CC1(O)CCN(CC2COc3ccccc3O2)CC1,B,,,,,,
DRD2,,,,137,CC1(Oc2ccccc2)CCN(CCOc2ccccc2S(C)(=O)=O)CC1,A,,,,,,
DRD2,,,,138,Clc1ccc2c(c1)CC1(CCN(CCOc3ccccc3)C1)O2,B,,,,,,
DRD2,,,,139,Clc1ccc2c(c1)C[C@@H]1CN(CCOc3ccccc3)C[C@H]1O2,C,,,,,,
DRD2,,,,140,CC1(Oc2ccc(Cl)cc2)CCN(CCOc2ccccc2OC(F)(F)F)CC1,B,,,,,,
DRD2,,,,140a,CN1CCC(O)CC1CC1COc2ccccc2O1,B,,,,,,
DRD2,,,,140b,CN1CCC(O)CC1CC1COc2ccccc2O1,B,,,,,,
DRD2,,,,141,CC1(Oc2ccc(Cl)cc2)CCN(CCOc2ccc(F)cc2)CC1,B,,,,,,
DRD2,,,,144,CC(=O)c1ccc(OCCN2CCC(C)(Oc3ccc(Cl)cc3)CC2)cc1,C,,,,,,
DRD2,,,,145,CC(O)c1ccc(OCCN2CCC(C)(Oc3ccc(Cl)cc3)CC2)cc1,B,,,,,,
DRD2,,,,146,CC1(Oc2ccc(Cl)cc2)CCN(CCOc2ccc(C(C)(C)O)cc2)CC1,B,,,,,,
DRD2,,,,149,CC1(Oc2ccc(Cl)cc2)CCN(CCOc2ccc(F)cc2C(F)(F)F)CC1,C,,,,,,
DRD2,,,,153,CC1(Oc2ccc(Cl)cc2)CCN(CCOc2ccc(F)cc2S(C)(=O)=O)CC1,C,,,,,,
DRD2,,,,154,COc1ccc(F)cc1OCCN1CCC(C)(Oc2ccc(Cl)cc2)CC1,B,,,,,,
DRD2,,,,155,COc1cc(F)ccc1OCCN1CCC(C)(Oc2ccc(Cl)cc2)CC1,C,,,,,,
DRD2,,,,157,CC1(Oc2ccc(Cl)cc2)CCN(CCOc2cncs2)CC1,B,,,,,,
DRD2,,,,158,CC1(Oc2ccc(Cl)cc2)CCN(CCOc2ncccc2C(F)(F)F)CC1,C,,,,,,
DRD2,,,,159,CC1(Oc2ccc(Cl)cc2)CCN(CCOc2cccnc2C(F)(F)F)CC1,B,,,,,,
DRD2,,,,160,CC1(Oc2ccccn2)CCN(CCOc2ccc(C(F)(F)F)cc2)CC1,C,,,,,,
DRD2,,,,161,CC1(Oc2ccc(Cl)cc2)CCN(CCOc2cc(Cl)ccc2C(F)(F)F)CC1,B,,,,,,
DRD2,,,,162,CC1(Oc2ccc(Cl)cc2)CCN(CCOc2ccc3c(c2)NC(=O)CC3)CC1,B,,,,,,
DRD2,,,,163,CC1(Oc2ccc(Cl)cc2)CCN(CCOc2ccncc2C(F)(F)F)CC1,C,,,,,,
DRD2,,,,164,CC1(Oc2ccc(Cl)cc2)CCN(CCNc2ccccc2C(F)(F)F)CC1,C,,,,,,
DRD2,,,,165,CN(CCN1CCC(C)(Oc2ccc(Cl)cc2)CC1)c1ccccc1C(F)(F)F,C,,,,,,
DRD2,,,,166,CC1(Oc2ccccc2)CCN(CCOc2ccncc2)CC1,C,,,,,,
DRD2,,,,167,CC1(Oc2ccccc2)CCN(CCOc2ccccn2)CC1,C,,,,,,
DRD2,,,,168,CC1(Oc2ccccc2)CCN(CCOc2cccc3[nH]ccc23)CC1,C,,,,,,
DRD2,,,,169,O=C1CCN(CCOc2ccccc2C(F)(F)F)CC1,C,,,,,,
DRD2,,,,173,CC1(O)CCN(C2CCCN(c3ccccc3C(F)(F)F)C2)CC1,C,,,,,,
DRD2,,,,174,Clc1ccc(N2CCCC23CCN(CC2COc4ccccc4O2)CC3)cc1,B,,,,,,
DRD2,,,,175,FC(F)(F)c1ccccc1OCCN1CCC2(CC1)Cc1ccccc1O2,A,,,,,,
DRD2,,,,176,CC1(Oc2ccc(Cl)cc2)CCN(CCOc2cccc(F)c2)C1,B,,,,,,
DRD2,,,,177,c1ccc(OCCN2CCC3(Cc4ccccc4O3)C2)cc1,C,,,,,,
DRD2,,,,178,CC1(Oc2ccc(Cl)cc2)CCN(CCOc2ccncc2)CC1,A,,,,,,
DRD2,,,,178a,Clc1ccc(N2CCCC23CCN(C[C@H]2COc4ccccc4O2)CC3)cc1,B,,,,,,
DRD2,,,,178b,Clc1ccc(N2CCCC23CCN(C[C@@H]2COc4ccccc4O2)CC3)cc1,B,,,,,,
DRD2,,,,179,CC1(Oc2ccc(Cl)cc2)CCN(CCOc2ccc(C(F)(F)F)c(O)c2)CC1,C,,,,,,
DRD2,,,,180,CC1(Oc2ccc(Cl)cc2)CCN(CCOc2cn[nH]c2)CC1,C,,,,,,
DRD2,,,,181,CC(=O)c1cc(F)ccc1OCCN1CCC(C)(Oc2ccc(Cl)cc2)CC1,C,,,,,,
DRD2,,,,183,COc1ccccc1OCCN1CCC(C)(Oc2ccc(Cl)cc2)CC1,C,,,,,,
DRD2,,,,184,COc1cc(F)c(F)cc1OCCN1CCC(C)(Oc2ccc(Cl)cc2)CC1,C,,,,,,
DRD2,,,,186,CC(C)Oc1ccc(F)cc1OCCN1CCC(C)(Oc2ccc(Cl)cc2)CC1,C,,,,,,
DRD2,,,,187,CC(C)Oc1cc(F)ccc1OCCN1CCC(C)(Oc2ccc(Cl)cc2)CC1,C,,,,,,
DRD2,,,,188,CC(C)C1(Oc2ccc(Cl)cc2)CCN(CCOc2ccccc2C(F)(F)F)CC1,B,,,,,,
DRD2,,,,189,C#CC1(Oc2ccc(Cl)cc2)CCN(CCOc2ccccc2C(F)(F)F)CC1,C,,,,,,
DRD2,,,,190,C#CC1(Oc2ccccc2)CCN(CCOc2ccccc2C(F)(F)F)CC1,C,,,,,,
DRD2,,,,191,C[C@]1(O)C[C@@H]2CC[C@H](C1)N2CCOc1ccccc1C(F)(F)F,C,,,,,,
DRD2,,,,192,C[C@]1(Oc2ccccc2)C[C@@H]2CC[C@H](C1)N2CCOc1ccccc1C(F)(F)F,C,,,,,,
DRD2,,,,193,CNC(=O)C1(C)CCN(CCOc2ccccc2C(F)(F)F)CC1,C,,,,,,
DRD2,,,,194,CNC(=O)C1(C)CCN(CCOc2ccccc2)CC1,C,,,,,,
DRD2,,,,196,CNC(=O)C1(C)CCN(CCOc2ccccc2F)CC1,C,,,,,,
DRD2,,,,197,CNC(=O)C1(C)CCN(CCOc2ccccc2OC)CC1,B,,,,,,
DRD2,,,,198,CNC(=O)C1(C)CCN(CC2COc3ccccc3O2)CC1,A,,,,,,
DRD2,,,,199,CC1(C(=O)NC2CC2)CCN(CC2COc3ccccc3O2)CC1,C,,,,,,
DRD2,,,,200,CC1(C(=O)Nc2ccccc2)CCN(CC2COc3ccccc3O2)CC1,C,,,,,,
DRD2,,,,201,CN(C)C(=O)C1(C)CCN(C[C@H]2COc3ccccc3O2)CC1,C,,,,,,
DRD2,,,,202,CC1(C(=O)N2CCCC2)CCN(C[C@H]2COc3ccccc3O2)CC1,B,,,,,,
DRD2,,,,202a,CNC(=O)C1(C)CCN(C[C@H]2COc3ccccc3O2)CC1,C,,,,,,
DRD2,,,,202b,CNC(=O)C1(C)CCN(C[C@@H]2COc3ccccc3O2)CC1,B,,,,,,
DRD2,,,,203,CNCC1(C)CCN(C[C@H]2COc3ccccc3O2)CC1,B,,,,,,
DRD2,,,,203a,C[C@@]1(C(N)=O)CCN(C[C@H]2COc3ccccc3O2)CC1C1CC1,B,,,,,,
DRD2,,,,204,CC(=O)NC1(C)CCN(C[C@H]2COc3ccccc3O2)CC1,C,,,,,,
DRD2,,,,204a,CC1(C(=O)Nc2ccccc2)CCN(C[C@H]2COc3ccccc3O2)CC1,C,,,,,,
DRD2,,,,204b,CC1(C(=O)Nc2ccccc2)CCN(C[C@@H]2COc3ccccc3O2)CC1,C,,,,,,
DRD2,,,,205,CC1(NC(=O)C2CC2)CCN(C[C@H]2COc3ccccc3O2)CC1,B,,,,,,
DRD2,,,,206,CC(=O)NC1(C)CCN(C[C@H]2COc3ccc(F)cc3O2)CC1,B,,,,,,
DRD2,,,,207,CC(=O)NC1(C)CCN(C[C@H]2COc3ccc(Br)cc3O2)CC1,C,,,,,,
DRD2,,,,208,CC1(NC(=O)C(F)(F)F)CCN(C[C@H]2COc3ccccc3O2)CC1,A,,,,,,
DRD2,,,,209,OCC1(Cc2ccc(Cl)cc2)CCN(CCOc2ccccc2C(F)(F)F)CC1,B,,,,,,
DRD2,,,,210,CC1(Cc2ccc(Cl)cc2)CCN(CCOc2ccccc2C(F)(F)F)CC1,B,,,,,,
DRD2,,,,211,FC(F)(F)c1ccccc1OCCN1CCC2(CC1)CC2c1ccc(Cl)cc1,A,,,,,,
DRD2,,,,212,CN(C1CCCCC1)C1(C)CCN(CCOc2ccccc2C(F)(F)F)CC1,B,,,,,,
DRD2,,,,214,CC1(C(=O)Nc2ccccc2)CCN(CCOc2ccccc2C(F)(F)F)CC1,C,,,,,,
DRD2,,,,215,CC1(C(=O)Nc2ccccc2)CCN(CCOc2ccccc2F)CC1,C,,,,,,
DRD2,,,WO 2016/100823 ,1,O=C(NC(c1ccc(Cl)cc1)c1ccccn1)C1CCN(CCOc2cccc(Cl)c2)CC1,B,,,,,,
DRD2,,,,2,O=C(NC(c1ccc(Cl)cc1)c1ccccn1)C1CCN(CCOc2ccc(Cl)cc2)CC1,C,,,,,,
DRD2,,,,3,O=C(NC(c1ccc(Cl)cc1)c1ccccn1)C1CCN(CCOc2ccccc2F)CC1,B,,,,,,
DRD2,,,,4,O=C(NC(c1ccc(Cl)cc1)c1ccccn1)C1CCN(CCOc2cccc(F)c2)CC1,B,,,,,,
DRD2,,,,5,O=C(NC(c1ccc(Cl)cc1)c1ccccn1)C1CCN(CCOc2ccc(F)cc2)CC1,C,,,,,,
DRD2,,,,6,O=C(NC(c1ccc(Cl)cc1)c1ccccn1)C1CCN(CCOc2ccccc2C(F)(F)F)CC1,A,,,,,,
DRD2,,,,7,O=C(NC(c1ccc(Cl)cc1)c1ccccn1)C1CCN(CCOc2cccc(C(F)(F)F)c2)CC1,B,,,,,,
DRD2,,,,8,O=C(NC(c1ccc(Cl)cc1)c1ccccn1)C1CCN(CCOc2ccc(C(F)(F)F)cc2)CC1,C,,,,,,
DRD2,,,,9,O=C(NC(c1ccc(Cl)cc1)c1ccccn1)C1CCN(CCn2ccccc2=O)CC1,C,,,,,,
DRD2,,,,10,O=C(NC(c1ccc(Cl)cc1)c1ccccn1)C1CCN(CCOc2cccnc2)CC1,B,,,,,,
DRD2,,,,11,O=C(NC(c1ccc(Cl)cc1)c1ccccn1)C1CCN(CCn2ccc(=O)cc2)CC1,C,,,,,,
DRD2,,,,12,COc1cccc(OCCN2CCC(C(=O)NC(c3ccc(Cl)cc3)c3ccccn3)CC2)c1,C,,,,,,
DRD2,,,,13,COc1ccc(OCCN2CCC(C(=O)NC(c3ccc(Cl)cc3)c3ccccn3)CC2)cc1,C,,,,,,
DRD2,,,,14,O=C(NC(c1ccc(Cl)cc1)c1ccccn1)C1CCN(CCOc2cc(F)ccc2F)CC1,B,,,,,,
DRD2,,,,15,O=C(NC(c1ccc(Cl)cc1)c1ccccn1)C1CCN(CCOc2ccc3ccc(=O)[nH]c3c2)CC1,C,,,,,,
DRD2,,,,16,O=C(NC(c1ccc(Cl)cc1)c1ccccn1)C1CCN(CCOc2ccc3cccnc3c2)CC1,C,,,,,,
DRD2,,,,17,O=C(NC(c1ccc(Cl)cc1)c1ccccn1)C1CCN(CCOC2CCCCC2)CC1,C,,,,,,
DRD2,,,,18,O=C(NC(c1ccc(Cl)cc1)c1ccccn1)C1CCN(CCCc2ccccc2)CC1,C,,,,,,
DRD2,,,,19,O=C(NC(c1ccc(Cl)cc1)c1ccccn1)C1CCN(CCOc2ccc3ncsc3c2)CC1,C,,,,,,
DRD2,,,,20,COc1cccc(C(NC(=O)C2CCN(CCOc3ccccc3C(F)(F)F)CC2)c2ccccn2)c1,B,,,,,,
DRD2,,,,21,COc1cccc(C(NC(=O)C2CCN(CCOc3ccccc3Cl)CC2)c2ccccn2)c1,B,,,,,,
DRD2,,,,22,COc1cccc(C(NC(=O)C2CCN(CCOc3ccccc3F)CC2)c2ccccn2)c1,B,,,,,,
DRD2,,,,23,O=C(NC(c1cccc(Cl)c1)c1ccccn1)C1CCN(CCOc2ccccc2)CC1,B,,,,,,
DRD2,,,,24,O=C(NC(c1ccccn1)c1ccccc1Cl)C1CCN(CCOc2ccccc2)CC1,C,,,,,,
DRD2,,,,25,O=C(NC(c1ccc(F)cc1)c1ccccn1)C1CCN(CCOc2ccccc2)CC1,C,,,,,,
DRD2,,,,26,O=C(NC(c1cccc(F)c1)c1ccccn1)C1CCN(CCOc2ccccc2)CC1,C,,,,,,
DRD2,,,,27,O=C(NC(c1ccccn1)c1ccccc1F)C1CCN(CCOc2ccccc2)CC1,C,,,,,,
DRD2,,,,28,O=C(NC(c1ccncc1)c1ccccn1)C1CCN(CCOc2ccccc2)CC1,C,,,,,,
DRD2,,,,29,O=C(NC(c1cccnc1)c1ccccn1)C1CCN(CCOc2ccccc2)CC1,C,,,,,,
DRD2,,,,30,O=C(NC(c1ccccn1)c1ccccn1)C1CCN(CCOc2ccccc2)CC1,C,,,,,,
DRD2,,,,31,O=C(NC(c1ccc(C(F)(F)F)cc1)c1ccccn1)C1CCN(CCOc2ccccc2)CC1,C,,,,,,
DRD2,,,,32,O=C(NC(c1cccc(C(F)(F)F)c1)c1ccccn1)C1CCN(CCOc2ccccc2)CC1,B,,,,,,
DRD2,,,,33,O=C(NC(c1ccccn1)c1ccccc1C(F)(F)F)C1CCN(CCOc2ccccc2)CC1,C,,,,,,
DRD2,,,,34,COc1ccc(C(NC(=O)C2CCN(CCOc3ccccc3)CC2)c2ccccn2)cc1,C,,,,,,
DRD2,,,,35,COc1cccc(C(NC(=O)C2CCN(CCOc3ccccc3)CC2)c2ccccn2)c1,C,,,,,,
DRD2,,,,36,COc1ccccc1C(NC(=O)C1CCN(CCOc2ccccc2)CC1)c1ccccn1,C,,,,,,
DRD2,,,,37,O=C(NC(c1ccccn1)C1CCCCC1)C1CCN(CCOc2ccccc2)CC1,B,,,,,,
DRD2,,,,38,CC(C)C(NC(=O)C1CCN(CCOc2ccccc2)CC1)c1ccccn1,C,,,,,,
DRD2,,,,39,O=C(NC(c1ccccc1)c1ccc(Cl)cc1)C1CCN(CCOc2ccccc2)CC1,B,,,,,,
DRD2,,,,40,O=C(NC(c1ccc(Cl)cc1)c1ccccc1F)C1CCN(CCOc2ccccc2)CC1,B,,,,,,
DRD2,,,,41,O=C(NC(c1ccc(Cl)cc1)c1cccc(F)c1)C1CCN(CCOc2ccccc2)CC1,C,,,,,,
DRD2,,,,42,O=C(NC(c1ccc(F)cc1)c1ccc(Cl)cc1)C1CCN(CCOc2ccccc2)CC1,B,,,,,,
DRD2,,,,43,COc1ccccc1C(NC(=O)C1CCN(CCOc2ccccc2)CC1)c1ccc(Cl)cc1,C,,,,,,
DRD2,,,,44,COc1ccc(C(NC(=O)C2CCN(CCOc3ccccc3)CC2)c2ccc(Cl)cc2)cc1,C,,,,,,
DRD2,,,,45,O=C(NC(c1ccccc1)c1ccc(F)cc1)C1CCN(CCOc2ccccc2)CC1,A,,,,,,
DRD2,,,,46,COc1cccc(C(NC(=O)C2CCN(CCOc3ccccc3)CC2)c2ccccc2)c1,C,,,,,,
DRD2,,,,47,O=C(NC(c1ccc(F)cc1)c1ccc(F)cc1)C1CCN(CCOc2ccccc2)CC1,C,,,,,,
DRD2,,,,48,O=C(NC(c1ccccc1F)c1ccccc1F)C1CCN(CCOc2ccccc2)CC1,C,,,,,,
DRD2,,,,49,O=C(NC(c1ccc(F)cc1)c1ccccc1F)C1CCN(CCOc2ccccc2)CC1,B,,,,,,
DRD2,,,,50,COc1cccc(C(NC(=O)C2CCN(CCOc3ccccc3)CC2)c2ccccc2F)c1,C,,,,,,
DRD2,,,,51,CN(C(=O)C1CCN(CCOc2ccccc2)CC1)C(c1ccc(Cl)cc1)c1ccccn1,C,,,,,,
DRD2,,,,52,O=C(NC(c1ccc(F)cc1)c1ccccn1)C1CCN(CCOc2ccccc2C(F)(F)F)CC1,A,,,,,,
DRD2,,,,53,O=C(NC(c1ccc(F)cc1)c1ccccn1)C1CCN(CCOc2ccccc2Cl)CC1,A,,,,,,
DRD2,,,,54,O=C(NC(c1ccc(F)cc1)c1ccccn1)C1CCN(CCOc2ccccc2F)CC1,B,,,,,,
DRD2,,,,55,O=C(NC(c1ccc(F)cc1)c1ccccn1)C1CCN(CCOc2ccc3ncsc3c2)CC1,C,,,,,,
DRD2,,,,56,O=C(NC(c1ccc(F)cc1)c1ccccn1)C1CCN(CCOc2c(F)cccc2F)CC1,B,,,,,,
DRD2,,,,57,O=C(NC(c1ccc(F)cc1)c1ccccn1)C1CCN(CCOc2cc(F)ccc2F)CC1,B,,,,,,
DRD2,,,,58,CC(C)(COc1ccccc1)N1CCC(C(=O)NC(c2ccc(F)cc2)c2ccccn2)CC1,C,,,,,,
DRD2,,,,59,O=C(NC(c1ccc(F)cc1)c1ccccn1)C1CCN(Cc2cc3ccccc3o2)CC1,C,,,,,,
DRD2,,,,60,O=C(NC(c1ccc(F)cc1)c1ccccn1)C1CCN(Cc2nc3ccccc3o2)CC1,B,,,,,,
DRD2,,,,61,O=C(NC(c1ccc(F)cc1)c1ccccn1)C1CCN(CC2Cc3ccccc3C2)CC1,C,,,,,,
DRD2,,,,62,O=C(NC(c1ccc(Cl)cc1)c1ccccn1)C1CCN(CCCOc2ccccc2)CC1,C,,,,,,
DRD2,,,,63,O=C(NC(c1ccc(Cl)cc1)c1ccccn1)C1CCN(CCOc2ccccc2)CC1,B,,,,,,
DRD2,,,,64,CN1CCC(C(=O)NC(c2ccc(Cl)cc2)c2ccccn2)CC1,C,,,,,,
DRD2,,,,65,COCCN1CCC(C(=O)NC(c2ccc(Cl)cc2)c2ccccn2)CC1,C,,,,,,
DRD2,,,,66,O=C(NC(c1ccc(Cl)cc1)c1ccccn1)C1CCN(CCOc2ccccc2Cl)CC1,A,,,,,,
DRD2,,,,67,O=C(NC(c1ccc(Cl)cc1)c1ccccn1)C1CCN(CCOc2c(F)cccc2F)CC1,B,,,,,,
DRD2,,,,68,O=C(NC(c1ccc(Cl)cc1)c1ccccn1)C1CCN(CCOc2ccccc2OC(F)(F)F)CC1,A,,,,,,
DRD2,,,,69,CC1(C(=O)NC(c2ccc(F)cc2)c2ccccn2)CCN(CCOc2ccccc2)CC1,B,,,,,,
DRD2,,,,70,CC1(C(=O)NC(c2ccc(F)cc2)c2ccccn2)CCN(CCOc2ccccc2C(F)(F)F)CC1,B,,,,,,
DRD2,,,,71,CC1(C(=O)NC(c2ccc(F)cc2)c2ccccn2)CCN(CCOc2ccccc2F)CC1,B,,,,,,
DRD2,,,,72,CN(CC1CCN(CCOc2ccccc2F)CC1)C(c1ccc(Cl)cc1)c1ccccn1,A,,,,,,
DRD2,,,,73,CN(CC1CCN(CCOc2ccccc2C(F)(F)F)CC1)C(c1ccc(Cl)cc1)c1ccccn1,A,,,,,,
DRD2,,,,74,CN(CC1CCN(CCOc2ccccc2)CC1)C(c1ccc(F)cc1)c1ccccn1,B,,,,,,
DRD2,,,,75,CN(CC1CCN(CCOc2ccccc2F)CC1)C(c1ccc(F)cc1)c1ccccn1,B,,,,,,
DRD2,,,,76,COc1cccc(C(c2ccccn2)N(C)CC2CCN(CCOc3ccccc3)CC2)c1,C,,,,,,
DRD2,,,,77,COc1cccc(C(c2ccccn2)N(C)CC2CCN(CCOc3ccccc3F)CC2)c1,B,,,,,,
DRD2,,,,78,Fc1ccc(C(NCC2CCN(CCOc3ccccc3)CC2)c2ccccn2)cc1,C,,,,,,
DRD2,,,,79,CN(CC1CCN(CCOc2ccccc2)CC1)C(c1ccc(Cl)cc1)c1ccccn1,B,,,,,,
DRD2,,,,80,COc1cccc(C(NCC2CCN(CCOc3ccccc3)CC2)c2ccccn2)c1,C,,,,,,
DRD2,,,,81,Fc1ccccc1C(NCC1CCN(CCOc2ccccc2)CC1)c1ccc(Cl)cc1,B,,,,,,
DRD2,,,,82,COc1cccc(C(NC(=O)C2CCN(CCOc3ccc4ncsc4c3)CC2)c2ccccn2)c1,C,,,,,,
DRD2,,,,83,O=C(NC(c1ccc(F)cc1)c1ccc(F)cc1)C1CCN(CCOc2ccccc2Cl)CC1,A,,,,,,
DRD2,,,,84,O=C(NC(c1ccccc1F)c1ccccc1F)C1CCN(CCOc2ccccc2Cl)CC1,B,,,,,,
DRD2,,,,85,O=C(NC(c1ccc(F)cc1)c1ccccc1F)C1CCN(CCOc2ccccc2Cl)CC1,A,,,,,,
DRD2,,,,86,COc1cccc(C(NC(=O)C2CCN(CCOc3ccccc3Cl)CC2)c2ccccc2F)c1,A,,,,,,
DRD2,,,,87,Fc1ccccc1OCCN1CCC(CNC(c2ccc(Cl)cc2)c2ccccc2F)CC1,B,,,,,,
DRD2,,,,88,COc1cccc(C(NCC2CCN(CCOc3ccccc3F)CC2)c2ccccn2)c1,B,,,,,,
DRD2,,,,89,Fc1ccc(F)c(OCCN2CCC(CNC(c3ccc(Cl)cc3)c3ccccn3)CC2)c1,B,,,,,,
DRD2,,,,90,COc1cccc(C(NC(=O)C2CCN(CCOc3cc(F)ccc3F)CC2)c2ccccn2)c1,C,,,,,,
DRD2,,,,91,O=C(NC(c1ccc(Cl)cc1)c1ccncc1F)C1CCN(CCOc2ccccc2F)CC1,B,,,,,,
DRD2,,,,92,O=C(NC(c1ccc(Cl)cc1)c1ccc(F)cn1)C1CCN(CCOc2ccccc2F)CC1,B,,,,,,
DRD2,,,,93,O=C(NC(c1cccc(OC(F)(F)F)c1)c1ccccn1)C1CCN(CCOc2ccccc2F)CC1,B,,,,,,
DRD2,,,,94,O=C(NC(c1ccc2c(c1)OC(F)(F)O2)c1ccccn1)C1CCN(CCOc2ccccc2F)CC1,B,,,,,,
DRD2,,,,95,O=C(NC(c1ccc2c(c1)OCO2)c1ccccn1)C1CCN(CCOc2ccccc2F)CC1,B,,,,,,
DRD2,,,,96,O=C(NC(c1ccc(Cl)cc1)c1ccccc1F)C1CCN(CCOc2ccccc2F)CC1,B,,,,,,
DRD2,,,,97,CC(C1CCN(CCOc2ccccc2)CC1)N(C)C(c1ccc(Cl)cc1)c1ccccn1.[Br-],A,,,,,,
DRD2,,,,101,CC1(CNC(c2ccc(F)cc2)c2ccccn2)CCN(CCOc2ccccc2C(F)(F)F)CC1,B,,,,,,
DRD2,,,,102,c1ccc(OCCN2CCC(CNC(c3ccc4c(c3)OCO4)c3ccccn3)CC2)cc1,B,,,,,,
DRD2,,,,103,CC(C)N(CC1CCN(CCOc2ccccc2)CC1)C(c1ccc(Cl)cc1)c1ccccn1,A,,,,,,
DRD2,,,,104,Clc1ccc(C(c2ccccn2)N2CC3(CCN(CCOc4ccccc4)CC3)C2)cc1,C,,,,,,
DRD2,,,,105,Clc1ccc(C(c2ccccn2)N2CCC3(CCN(CCOc4ccccc4)CC3)C2)cc1,B,,,,,,
DRD2,,,,106,FC(F)(F)c1ccccc1OCCN1CCC2(CC1)CCN(C(c1ccc(Cl)cc1)c1ccccn1)C2,B,,,,,,
DRD2,,,,107,CC(=O)N(CC1CCN(CCOc2ccccc2)CC1)C(c1ccc(Cl)cc1)c1ccccn1,B,,,,,,
DRD2,,,,108,COc1ccccc1OCCN1CCC(C(=O)NCc2nccc3ccccc23)CC1,C,,,,,,
DRD2,,,,109,COc1ccccc1OCCN1CCC(C(=O)NC(c2ccc(Cl)cc2)c2ccccn2)CC1,A,,,,,,
DRD2,,,,110,O=C(NC(c1ccc(Cl)cc1)c1ccccn1)C1CCN(CCCCOc2ccccc2)CC1,C,,,,,,
DRD2,,,,111,O=C(NC(c1ccc(Cl)cc1)c1cccnc1)C1CCN(CCOc2ccccc2)CC1,B,,,,,,
DRD2,,,,112,O=C(NC(c1ccncc1)c1ccc(Cl)cc1)C1CCN(CCOc2ccccc2)CC1,C,,,,,,
DRD2,,,,113,O=C(NC(c1ccccc1)c1ccccn1)C1CCN(CCOc2ccccc2)CC1,B,,,,,,
DRD2,,,,114,Clc1ccc(C(NCC2CCN(CCOc3ccccc3)CC2)c2ccccn2)cc1,B,,,,,,
DRD2,,,,115,O=C(NC(c1ccc(Cl)cc1)c1ccccn1)C1CCN(CCOc2ccc(F)cc2F)CC1,C,,,,,,
DRD2,,,,116,O=C(NC(c1ccc(Cl)cc1)c1ccc(F)cn1)C1CCN(CCOc2ccccc2)CC1,C,,,,,,
DRD2,,,,117,O=C(NC(c1ccc(Cl)cc1)c1ccncc1F)C1CCN(CCOc2ccccc2)CC1,C,,,,,,
DRD2,,,,118,O=C(NC(c1cccc(OC(F)(F)F)c1)c1ccccn1)C1CCN(CCOc2ccccc2)CC1,C,,,,,,
DRD2,,,,119,O=C(NC(c1ccc2c(c1)OC(F)(F)O2)c1ccccn1)C1CCN(CCOc2ccccc2)CC1,B,,,,,,
DRD2,,,,120,FC(F)(F)c1ccccc1OCCN1CCC(CNC(c2ccc(Cl)cc2)c2ccccn2)CC1,A,,,,,,
DRD2,,,,121,Fc1ccccc1OCCN1CCC(CNC(c2ccc(Cl)cc2)c2ccccn2)CC1,B,,,,,,
DRD2,,,,122,Fc1ccc(C(NCC2CCN(CCOc3ccccc3F)CC2)c2ccccn2)cc1,B,,,,,,
DRD2,,,,123,O=C(NC(c1ccc(Cl)cc1)c1ccccc1F)C1CCN(CCOc2cc(F)ccc2F)CC1,B,,,,,,
DRD2,,,,125,FC(F)(F)CN(CC1CCN(CCOc2ccccc2)CC1)C(c1ccc(Cl)cc1)c1ccccn1,B,,,,,,
DRD2,,,,126,O=C(NC1CCN(CCOc2ccccc2)CC1)C(c1ccc(Cl)cc1)c1ccccn1,C,,,,,,
DRD2,,,,127,FC(F)(F)c1ccccc1OCCN1CCC(COC(c2ccc(Cl)cc2)c2ccccn2)CC1,A,,,,,,
DRD2,,,,130,O=C(NC(c1ccc2c(c1)OC(F)(F)O2)c1ccccn1)C1CCN(CCOc2ccc(F)cc2F)CC1,C,,,,,,
DRD2,,,,131,CN(CC1(C)CCN(CCOc2ccccc2)CC1)C(c1ccc(Cl)cc1)c1ccccn1,C,,,,,,
DRD2,,,,132,Clc1ccc(C(NCC2CCN(CCOc3ccc(I)cc3)CC2)c2ccccn2)cc1,C,,,,,,
DRD2,,,,133,CC(C)N(CC1CCN(CCOc2ccccc2F)CC1)C(c1ccc(Cl)cc1)c1ccccn1,A,,,,,,
DRD2,,,,134,COc1cccc(C(c2ccccn2)N(CC2CCN(CCOc3ccccc3F)CC2)C(C)C)c1,B,,,,,,
DRD2,,,,135,CC(C)N(CC1CCN(CCOc2ccc(F)cc2)CC1)C(c1ccc(Cl)cc1)c1ccccn1,C,,,,,,
DRD2,,,,136,Fc1ccccc1OCCN1CCC(CN(CC(F)(F)F)C(c2ccc(Cl)cc2)c2ccccn2)CC1,A,,,,,,
DRD2,,,,137,CN(CC1CCN(CCOc2ccc(C(F)(F)F)cc2)CC1)C(c1ccc(Cl)cc1)c1ccccn1,C,,,,,,
DRD2,,,,138,CN(CC1CCN(CCOc2ccccc2F)CC1)C(c1ccc2c(c1)OCO2)c1ccccn1,B,,,,,,
DRD2,,,,139,Fc1ccccc1OCCN1CCC(CNC(c2ccc3c(c2)OCO3)c2ccccn2)CC1,C,,,,,,
DRD2,,,,140,O=C(NC(c1ccc(Cl)cc1)c1ccccn1)C1CCN(CC2COc3ccccc3O2)CC1,C,,,,,,
DRD2,,,,141,O=C(NC(c1ccc(Cl)cc1)c1ccccn1)C1CCN(CCOc2ccccn2)CC1,C,,,,,,
DRD2,,,,142,O=C(NC(c1ccc(Cl)cc1)c1ccccn1)C1CCN(CCOc2ccncc2)CC1,C,,,,,,
DRD2,,,,143,COc1cccc(C(NC(=O)C2(C)CCN(CCOc3ccccc3)CC2)c2ccccn2)c1,C,,,,,,
DRD2,,,,144,CC1(C(=O)NC(c2ccc(Cl)cc2)c2ccccn2)CCN(CCOc2ccccc2)CC1,A,,,,,,
DRD2,,,,145,COc1cccc(C(NC(=O)C2CCN(CCOc3ccc(F)cc3F)CC2)c2ccccn2)c1,C,,,,,,
DRD2,,,,146,COc1cccc(C(NC(=O)C2CCN(CCOc3ccccc3)CC2)c2ccccc2)c1,C,,,,,,
DRD2,,,WO 2017/045599 ,3,CN(C)C(=O)NC1CCC(CCN2CCN(c3cccc4cscc34)CC2)CC1,B,,,,,,
DRD2,,,,5,CN(C)C(=O)NC1CCC(CCN2CCN(c3noc4cc(F)ccc34)CC2)CC1,A,,,,,,
DRD2,,,,6,CN(C)C(=O)NC1CCC(CCN2CCN(c3ccc4c(Cl)noc4c3)CC2)CC1,B,,,,,,
DRD2,,,WO 2017/071576 ,1,O=C(CN1CCC(c2noc3cc(F)ccc23)CC1)c1cc2c3c(c1)CCC(=O)N3CCC2,D,,,,,,
DRD2,,,,2,O=C(CCN1CCC(c2noc3cc(F)ccc23)CC1)c1cc2c3c(c1)CCC(=O)N3CCC2,A,,,,,,
DRD2,,,,3,O=C1CCc2cc(C(O)CCN3CCC(c4noc5cc(F)ccc45)CC3)cc3c2N1CCC3,A,,,,,,
DRD2,,,,4,O=C1CCc2cc(CCCN3CCC(c4noc5cc(F)ccc45)CC3)cc3c2N1CCC3,A,,,,,,
DRD2,,,,5,O=C(CCCN1CCC(c2noc3cc(F)ccc23)CC1)c1cc2c3c(c1)CCC(=O)N3CCC2,A,,,,,,
DRD2,,,,6,O=C1CCc2cc(C(O)CCCN3CCC(c4noc5cc(F)ccc45)CC3)cc3c2N1CCC3,A,,,,,,
DRD2,,,,7,O=C1CCc2cc(CCCCN3CCC(c4noc5cc(F)ccc45)CC3)cc3c2N1CCC3,A,,,,,,
DRD2,,,,8,O=C(CCCCN1CCC(c2noc3cc(F)ccc23)CC1)c1cc2c3c(c1)CCC(=O)N3CCC2,A,,,,,,
DRD2,,,,9,CC1CC(=O)N2CCCc3cc(C(=O)CCCN4CCC(c5noc6cc(F)ccc56)CC4)cc1c32,A,,,,,,
DRD2,,,,10,CC1CC(=O)N2CCCc3cc(CCCCN4CCC(c5noc6cc(F)ccc56)CC4)cc1c32,B,,,,,,
DRD2,,,,11,O=C(CN1CCC(c2noc3cc(F)ccc23)CC1)c1cc2c3c(c1)CCN3C(=O)CC2,C,,,,,,
DRD2,,,,12,O=C(CCN1CCC(c2noc3cc(F)ccc23)CC1)c1cc2c3c(c1)CCN3C(=O)CC2,A,,,,,,
DRD2,,,,13,O=C1CCc2cc(C(O)CCN3CCC(c4noc5cc(F)ccc45)CC3)cc3c2N1CC3,A,,,,,,
DRD2,,,,14,O=C1CCc2cc(CCCN3CCC(c4noc5cc(F)ccc45)CC3)cc3c2N1CC3,A,,,,,,
DRD2,,,,15,O=C(CCCN1CCC(c2noc3cc(F)ccc23)CC1)c1cc2c3c(c1)CCN3C(=O)CC2,A,,,,,,
DRD2,,,,16,O=C1CCc2cc(C(O)CCCN3CCC(c4noc5cc(F)ccc45)CC3)cc3c2N1CC3,A,,,,,,
DRD2,,,,17,O=C1CCc2cc(CCCCN3CCC(c4noc5cc(F)ccc45)CC3)cc3c2N1CC3,A,,,,,,
DRD2,,,,18,O=C(CCCCN1CCC(c2noc3cc(F)ccc23)CC1)c1cc2c3c(c1)CCN3C(=O)CC2,B,,,,,,
DRD2,,,,19,O=C1CCc2cc(C(O)CCCCN3CCC(c4noc5cc(F)ccc45)CC3)cc3c2N1CC3,B,,,,,,
DRD2,,,,20,O=C1CCc2cc(CCCCCN3CCC(c4noc5cc(F)ccc45)CC3)cc3c2N1CC3,B,,,,,,
DRD2,,,,21,O=C(CCCN1CCC(c2noc3cc(F)ccc23)CC1)c1cc2c3c(c1F)CCN3C(=O)CC2,A,,,,,,
DRD2,,,,22,O=C(CCCN1CCC(c2noc3cc(F)ccc23)CC1)c1cc2c3c(c1F)CCC(=O)N3CC2,A,,,,,,
DRD2,,,WO 2017/084627,1,CN1CCc2ccc(OCCCCN3CCC(c4noc5cc(F)ccc45)CC3)cc2C1=O,A,,,,,,
DRD2,,,,2,COc1ccccc1N1CCN(CCCCOc2ccc3c(c2)C(=O)N(C)CC3)CC1,B,,,,,,
DRD2,,,,3,CN1CCc2ccc(OCCCCN3CCN(c4cccc(C(F)(F)F)c4)CC3)cc2C1=O,A,,,,,,
DRD2,,,,4,CN1CCc2ccc(OCC(O)CN3CCC(c4noc5cc(F)ccc45)CC3)cc2C1=O,A,,,,,,
DRD2,,,,5,CN1CCc2ccc(OCCCN3CCC(c4noc5cc(F)ccc45)CC3)cc2C1=O,A,,,,,,
DRD2,,,,6,CN1CCc2ccc(OCCCN3CCN(c4cccc5ccccc45)CC3)cc2C1=O,B,,,,,,
DRD2,,,,7,CCN1CCc2ccc(OCCCN3CCC(c4noc5cc(F)ccc45)CC3)cc2C1=O,A,,,,,,
DRD2,,,,8,Cc1cc(OCCCN2CCC(c3noc4cc(F)ccc34)CC2)cc2c1CCN(C)C2=O,A,,,,,,
DRD2,,,,9,CN1CCc2c(F)cc(OCCCN3CCC(c4noc5cc(F)ccc45)CC3)cc2C1=O,A,,,,,,
DRD2,,,,10,CC1CN(C)C(=O)c2cc(OCCCN3CCC(c4noc5cc(F)ccc45)CC3)ccc21,A,,,,,,
DRD2,,,,11,CN1COc2ccc(OCCCN3CCC(c4noc5cc(F)ccc45)CC3)cc2C1=O,A,,,,,,
DRD2,,,,12,O=C1NCCc2ccc(OCCCN3CCC(c4noc5cc(F)ccc45)CC3)cc21,A,,,,,,
DRD2,,,,13,CN1CCc2ccc(OCCCN3CCN(c4ccc5c(c4)OCO5)CC3)cc2C1=O,B,,,,,,
DRD2,,,,14,CN1CCc2ccc(OCCCN3CCN(c4nsc5ccccc45)CC3)cc2C1=O,A,,,,,,
DRD2,,,,15,CN1CCc2ccc(OCCCN3CCN(c4ccc5ccccc5n4)CC3)cc2C1=O,C,,,,,,
DRD2,,,,19,CN1CCc2ccc(OCCCN3CCN(c4ccc(F)cc4)CC3)cc2C1=O,C,,,,,,
DRD2,,,,20,CN1CCc2ccc(OCCCN3CCN(c4ccccc4F)CC3)cc2C1=O,A,,,,,,
DRD2,,,,22,COc1ccccc1N1CCN(CCCOc2ccc3c(c2)C(=O)N(C)CC3)CC1,A,,,,,,
DRD2,,,,24,CN1CCc2ccc(OCCCN3CCN(c4ncccn4)CC3)cc2C1=O,A,,,,,,
DRD2,,,,25,CN1CCc2ccc(OCCCN3CCC(C(=O)c4ccc(F)cc4)CC3)cc2C1=O,A,,,,,,
DRD2,,,,27,Cn1cnc2ccc(OCCCCN3CCc4ccccc4C3)cc2c1=O,B,,,,,,
DRD2,,,,28,Cn1cnc2ccc(OCCCCN3CCN(c4cccc(C(F)(F)F)c4)CC3)cc2c1=O,A,,,,,,
DRD2,,,,31,Cc1nc2ccc(OCCCN3CCN(c4cccc(C(F)(F)F)c4)CC3)cc2c(=O)n1C,A,,,,,,
DRD2,,,,A,O=C1NCCc2ccc(OCCCN3CCN(c4cccc(Cl)c4Cl)CC3)cc21,A,,,,,,
DRD2,,,,B,CN1CCc2ccc(OCCCN3CCN(c4cccc5sccc45)CC3)cc2C1=O,A,,,,,,
DRD2,,,,C,O=C1NCCc2ccc(OCCCN3CCN(c4ccc5sccc5c4)CC3)cc21,A,,,,,,
DRD2,,,,D,Cn1c(=O)c2cc(OCCCN3CCN(c4cccc5sccc45)CC3)ccc2n(C)c1=O,A,,,,,,
DRD2,,,,E,O=C1CCc2ccc(OCCCCN3CCC(c4noc5cc(F)ccc45)CC3)cc2N1,A,,,,,,
DRD2,,,WO 2017/122116 ,1,COc1nc2c(cc1NS(=O)(=O)c1ccc(C3CCCCC3)nc1)CCN(C)CC2,A,,,,,,
DRD2,,,,2,CCN1CCc2cc(NS(=O)(=O)c3ccc(OC4CCCC4)nc3)c(OC)nc2CC1,A,,,,,,
DRD2,,,,3,COc1nc2c(cc1NS(=O)(=O)c1ccc(C3CC(OCCF)C3)cc1)CCN(C)CC2,A,,,,,,
DRD2,,,,4,COc1nc2c(cc1NS(=O)(=O)c1ccc(C3CCOCC3)cc1)CCN(C)CC2,B,,,,,,
DRD2,,,,5,COc1nc2c(cc1NS(=O)(=O)c1ccc(C)cc1)CCN(C)CC2,B,,,,,,
DRD2,,,,6,COc1nc2c(cc1NS(=O)(=O)c1ccc(C3CCCCO3)cc1)CCN(C)CC2,A,,,,,,
DRD2,,,,7,COc1nc2c(cc1NS(=O)(=O)c1ccc([C@H]3CCCCO3)cc1)CCN(C)CC2,A,,,,,,
DRD2,,,,8,COc1nc2c(cc1NS(=O)(=O)c1ccc([C@@H]3CCCCO3)cc1)CCN(C)CC2,B,,,,,,
DRD2,,,,9,COc1nc2c(cc1NS(=O)(=O)c1ccc([C@H]3CCCCO3)cc1)CCNCC2,C,,,,,,
DRD2,,,,10,COc1nc2c(cc1NS(=O)(=O)c1ccc([C@]3(F)C[C@H](OC)C3)cc1)CCN(C)CC2,A,,,,,,
DRD2,,,,11,COc1nc2c(cc1NS(=O)(=O)c1ccc(C3(F)CCCC3)nc1)CCN(C)CC2,B,,,,,,
DRD2,,,,12,CCCN1CCc2cc(NS(=O)(=O)c3ccc(C(C)C)cc3)c(OC(F)F)nc2CC1,B,,,,,,
DRD2,,,,13,CCN1CCc2nc(OC)c(NS(=O)(=O)c3ccc(C)cc3)cc2C(C)C1,B,,,,,,
DRD2,,,,14,CCOc1ccc(S(=O)(=O)Nc2cc3c(nc2OC(C)C)CCN(CC)CC3)cc1,A,,,,,,
DRD2,,,,15,COc1nc2c(cc1NS(=O)(=O)c1ccc(OC3CCCC3)nc1)CCN(C)CC2,A,,,,,,
DRD2,,,,16,COc1nc2c(cc1NS(=O)(=O)c1ccc(C3CCCC3)nc1)CCN(C)CC2,B,,,,,,
DRD2,,,,17,COc1nc2c(cc1NS(=O)(=O)c1ccc(OC3CCC3)nc1)CCN(C)CC2,A,,,,,,
DRD2,,,,18,COc1nc2c(cc1NS(=O)(=O)c1cnc(OC3CCCC3)nc1)CCN(C)CC2,B,,,,,,
DRD2,,,,19,COc1nc2c(cc1NS(=O)(=O)c1ccc(C3(F)CCCCC3)nc1)CCN(C)CC2,A,,,,,,
DRD2,,,,20,CCN1CCc2cc(NS(=O)(=O)c3ccc(C4CC(OCCF)C4)cc3)c(OC)nc2CC1,B,,,,,,
DRD2,,,,21,CCOC1CC(c2ccc(S(=O)(=O)Nc3cc4c(nc3OC)CCN(C)CC4)cc2)C1,A,,,,,,
DRD2,,,,22,CCOC1CC(c2ccc(S(=O)(=O)Nc3cc4c(nc3OC)CCN(C)CC4)cc2)C1,A,,,,,,
DRD2,,,,24,COc1nc2c(cc1NS(=O)(=O)c1cnc(C3CCC3)c(F)c1)CCN(C)CC2,B,,,,,,
DRD2,,,,25,COc1nc2c(cc1NS(=O)(=O)c1ccc([C@]3(F)C[C@@H](C)C3)nc1)CCN(C)CC2,B,,,,,,
DRD2,,,,26,CCCN1CCc2cc(NS(=O)(=O)c3ccc(C)cc3)c(OC)nc2CC1,B,,,,,,
DRD2,,,,27,COc1nc2c(cc1NS(=O)(=O)c1ccc(Cl)cc1)CCN(C)CC2,B,,,,,,
DRD2,,,,28,CCOc1ccc(S(=O)(=O)Nc2cc3c(nc2OC)CCN(C)CC3)cc1,B,,,,,,
DRD2,,,,29,CCOc1ccc(S(=O)(=O)Nc2cc3c(nc2OC)CCN(CCOC)CC3)cc1,C,,,,,,
DRD2,,,,30,CCN1CCc2cc(NS(=O)(=O)c3ccc(C4CC4)cc3)c(OC)nc2CC1,A,,,,,,
DRD2,,,,31,COc1nc2c(cc1NS(=O)(=O)c1ccc3c(c1)CCCO3)CCN(C)CC2,B,,,,,,
DRD2,,,,32,COc1nc2c(cc1NS(=O)(=O)c1ccc(C(C)OC)cc1)CCN(C)CC2,B,,,,,,
DRD2,,,,34,COc1nc2c(cc1NS(=O)(=O)c1ccc3c(c1)CC(C)(C)O3)CCN(C)CC2,A,,,,,,
DRD2,,,,35,CCN1CCc2cc(NS(=O)(=O)c3ccc(C)c(F)c3)c(OC)nc2CC1,B,,,,,,
DRD2,,,,36,COc1nc2c(cc1NS(=O)(=O)c1ccc(C3CCOC3)cc1)CCN(C)CC2,B,,,,,,
DRD2,,,,37,COc1nc2c(cc1NS(=O)(=O)c1ccc(O[C@@H]3CCOC3)cc1)CCN(C)CC2,B,,,,,,
DRD2,,,,38,COc1nc2c(cc1NS(=O)(=O)c1ccc(C3CCC(OC)CC3)cc1)CCN(C)CC2,B,,,,,,
DRD2,,,,39,COc1nc2c(cc1NS(=O)(=O)c1ccc(C3(F)CCC(OC)CC3)cc1)CCN(C)CC2,B,,,,,,
DRD2,,,,40,COc1nc2c(cc1NS(=O)(=O)c1ccc(C3CC(F)(F)CCO3)cc1)CCN(C)CC2,B,,,,,,
DRD2,,,,41,COc1nc2c(cc1NS(=O)(=O)c1ccc(C3CC(F)(F)CCO3)cc1)CCN(C)CC2,B,,,,,,
DRD2,,,,42,COc1nc2c(cc1NS(=O)(=O)c1ccc(C3CC(F)(F)CCO3)cc1)CCN(C)CC2,B,,,,,,
DRD2,,,,43,CCN1CCc2cc(NS(=O)(=O)c3ccc([C@@H]4CCCCO4)c(F)c3)c(OC)nc2CC1,B,,,,,,
DRD2,,,,44,COc1nc2c(cc1NS(=O)(=O)c1ccc(C(C)C)cc1)CCN(CCCF)CC2,B,,,,,,
DRD2,,,,45,COc1nc2c(cc1NS(=O)(=O)c1ccc(C3CCCCC3)cc1)CCN(C)CC2,A,,,,,,
DRD2,,,,46,COc1nc2c(cc1NS(=O)(=O)c1ccc(OC3CCCC3)cc1)CCN(C)CC2,A,,,,,,
DRD2,,,,47,COc1nc2c(cc1NS(=O)(=O)c1ccc(C(F)(F)C3CCCC3)nc1)CCN(C)CC2,B,,,,,,
DRD2,,,,48,CCOC1CC(F)(c2ccc(S(=O)(=O)Nc3cc4c(nc3OC)CCN(CC)CC4)cc2)C1,B,,,,,,
DRD2,,,,49,CCCN1CCc2cc(NS(=O)(=O)c3ccc(C(C)C)cc3)c(OC)nc2CC1,B,,,,,,
DRD2,,,,50,CCCN1CCc2cc(NS(=O)(=O)c3ccc(OCC)cc3)c(OC)nc2CC1,B,,,,,,
DRD2,,,,51,CCN1CCc2cc(NS(=O)(=O)c3ccc(C(C)C)cc3)c(OC)nc2CC1,B,,,,,,
DRD2,,,,52,CCOc1ccc(S(=O)(=O)Nc2cc3c(nc2OC)CCN(CC)CC3)cc1,C,,,,,,
DRD2,,,,53,CCN1CCc2cc(NS(=O)(=O)c3ccc(C)cc3)c(OC)nc2CC1,B,,,,,,
DRD2,,,,54,COc1nc2c(cc1NS(=O)(=O)c1ccc(C(C)C)cc1)CCN(C)CC2,A,,,,,,
DRD2,,,,55,COc1nc2c(cc1NS(=O)(=O)c1ccc(C3(C(F)(F)F)CC3)cc1)CCN(C)CC2,A,,,,,,
DRD2,,,,56,CCN1CCc2nc(OC)c(NS(=O)(=O)c3ccc(C(C)C)cc3)cc2C(C)C1,B,,,,,,
DRD2,,,,57,CCN1CCc2cc(NS(=O)(=O)c3ccc(C4CCOCC4)cc3)c(OC)nc2CC1,B,,,,,,
DRD2,,,,58,CCN1CCc2cc(NS(=O)(=O)c3ccc4c(c3)CCCO4)c(OC)nc2CC1,B,,,,,,
DRD2,,,,59,CCN1CCc2cc(NS(=O)(=O)c3ccc(OC(F)F)cc3)c(OC)nc2CC1,C,,,,,,
DRD2,,,,60,CCN1CCc2cc(NS(=O)(=O)c3ccc(Oc4ccccc4)nc3)c(OC)nc2CC1,B,,,,,,
DRD2,,,,61,CCN1CCc2cc(NS(=O)(=O)c3ccc(C)c(C)c3)c(OC)nc2CC1,B,,,,,,
DRD2,,,,62,CCCc1ccc(S(=O)(=O)Nc2cc3c(nc2OC)CCN(CC)CC3)cc1,A,,,,,,
DRD2,,,,63,CCN1CCc2cc(NS(=O)(=O)c3ccc(OC4CCCC4)cc3)c(OC)nc2CC1,A,,,,,,
DRD2,,,,64,CCN1CCc2cc(NS(=O)(=O)c3ccc4c(c3)CCC(C)(C)O4)c(OC)nc2CC1,A,,,,,,
DRD2,,,,65,CCN1CCc2cc(NS(=O)(=O)c3ccc(C)cc3C)c(OC)nc2CC1,B,,,,,,
DRD2,,,,66,CCN1CCc2cc(NS(=O)(=O)c3ccc4c(c3)CCCO4)c(OC(C)C)nc2CC1,C,,,,,,
DRD2,,,,67,CCN1CCc2cc(NS(=O)(=O)c3ccc4c(c3)CC(C)O4)c(OC)nc2CC1,B,,,,,,
DRD2,,,,68,CCN1CCc2cc(NS(=O)(=O)c3ccc(C4CC(OC)C4)cc3)c(OC)nc2CC1,B,,,,,,
DRD2,,,,69,CCN1CCc2cc(NS(=O)(=O)c3ccc(C4(C)CCOCC4)cc3)c(OC)nc2CC1,B,,,,,,
DRD2,,,,70,CCN1CCc2cc(NS(=O)(=O)c3ccc(C4CCCCO4)cc3)c(OC)nc2CC1,B,,,,,,
DRD2,,,,71,CCN1CCc2cc(NS(=O)(=O)c3ccc(C4CCOC4)cc3)c(OC)nc2CC1,B,,,,,,
DRD2,,,,72,CCN1CCc2cc(NS(=O)(=O)c3ccc(C4CC(OC)C4)cc3)c(OC)nc2CC1,B,,,,,,
DRD2,,,,73,CCN1CCc2cc(NS(=O)(=O)c3ccc(C4CCCCO4)cc3)c(OC)nc2CC1,C,,,,,,
DRD2,,,,74,CCN1CCc2cc(NS(=O)(=O)c3ccc(C4CCCCO4)cc3)c(OC)nc2CC1,B,,,,,,
DRD2,,,,75,CCN1CCc2cc(NS(=O)(=O)c3ccc(C4(F)CCOCC4)cc3)c(OC)nc2CC1,B,,,,,,
DRD2,,,,76,COc1nc2c(cc1NS(=O)(=O)c1ccc(C3CC(OC)C3)cc1)CCN(C)CC2,B,,,,,,
DRD2,,,,77,COc1nc2c(cc1NS(=O)(=O)c1ccc(C3CCCOC3)cc1)CCN(C)CC2,B,,,,,,
DRD2,,,,78,COc1nc2c(cc1NS(=O)(=O)c1ccc(OC3CCOCC3)cc1)CCN(C)CC2,B,,,,,,
DRD2,,,,79,COc1nc2c(cc1NS(=O)(=O)c1ccc(C3(C)CCOCC3)cc1)CCN(C)CC2,B,,,,,,
DRD2,,,,80,COc1nc2c(cc1NS(=O)(=O)c1ccc(C3(F)CCOCC3)cc1)CCN(C)CC2,B,,,,,,
DRD2,,,,81,COc1nc2c(cc1NS(=O)(=O)c1ccc(C3CC(OC)C3)cc1)CCN(C)CC2,B,,,,,,
DRD2,,,,82,COc1nc2c(cc1NS(=O)(=O)c1ccc(OC3CCOC3)cc1)CCN(C)CC2,B,,,,,,
DRD2,,,,83,COc1nc2c(cc1NS(=O)(=O)c1ccc(C3CCCOC3)cc1)CCN(C)CC2,B,,,,,,
DRD2,,,,84,COc1nc2c(cc1NS(=O)(=O)c1ccc(C3CCCOC3)cc1)CCN(C)CC2,B,,,,,,
DRD2,,,,85,COc1nc2c(cc1NS(=O)(=O)c1ccc(C3CCOC(C)C3)cc1)CCN(C)CC2,B,,,,,,
DRD2,,,,86,COc1nc2c(cc1NS(=O)(=O)c1ccc(C3CCOC(C)(C)C3)cc1)CCN(C)CC2,C,,,,,,
DRD2,,,,87,COc1nc2c(cc1NS(=O)(=O)c1ccc(C3CCOC(C)(C)C3)cc1)CCN(C)CC2,B,,,,,,
DRD2,,,,88,COc1nc2c(cc1NS(=O)(=O)c1ccc(C3CCOC(C)C3)cc1)CCN(C)CC2,B,,,,,,
DRD2,,,,89,COc1nc2c(cc1NS(=O)(=O)c1ccc([C@H](C)OC)cc1)CCN(C)CC2,A,,,,,,
DRD2,,,,90,COc1nc2c(cc1NS(=O)(=O)c1ccc([C@@H](C)OC)cc1)CCN(C)CC2,B,,,,,,
DRD2,,,,91,COc1nc2c(cc1NS(=O)(=O)c1ccc(O[C@H]3CCOC3)cc1)CCN(C)CC2,B,,,,,,
DRD2,,,,92,COc1nc2c(cc1NS(=O)(=O)c1ccc(C3CCC(OC)CC3)cc1)CCN(C)CC2,B,,,,,,
DRD2,,,,93,COc1nc2c(cc1NS(=O)(=O)c1ccc(C3(F)CCC(OC)CC3)cc1)CCN(C)CC2,B,,,,,,
DRD2,,,,94,CCN1CCc2cc(NS(=O)(=O)c3ccc(C4(F)CCC(OC)CC4)cc3)c(OC)nc2CC1,B,,,,,,
DRD2,,,,95,COc1nc2c(cc1NS(=O)(=O)c1ccc(C3(OC)CCCC3)cc1)CCN(C)CC2,A,,,,,,
DRD2,,,,96,CCN1CCc2cc(NS(=O)(=O)c3ccc([C@]4(F)C[C@H](OC)C4)cc3)c(OC)nc2CC1,B,,,,,,
DRD2,,,,97,COc1nc2c(cc1NS(=O)(=O)c1ccc(OC3CCOC3)nc1)CCN(C)CC2,B,,,,,,
DRD2,,,,98,COc1nc2c(cc1NS(=O)(=O)c1ccc([C@@H]3CCCO3)cc1)CCN(C)CC2,B,,,,,,
DRD2,,,,99,COc1nc2c(cc1NS(=O)(=O)c1ccc([C@H]3CCCO3)cc1)CCN(C)CC2,B,,,,,,
DRD2,,,,100,COc1nc2c(cc1NS(=O)(=O)c1ccc(C3(OC)CCCC3)nc1)CCN(C)CC2,B,,,,,,
DRD2,,,,101,CCN1CCc2cc(NS(=O)(=O)c3ccc(C4(F)CCCC4)nc3)c(OC)nc2CC1,B,,,,,,
DRD2,,,,102,CCN1CCc2cc(NS(=O)(=O)c3ccc(C4CCCC4)nc3)c(OC)nc2CC1,B,,,,,,
DRD2,,,,103,COc1nc2c(cc1NS(=O)(=O)c1ccc(OC(C)(C)C)nc1)CCN(C)CC2,A,,,,,,
DRD2,,,,104,COc1nc2c(cc1NS(=O)(=O)c1ccc([C@H]3CCCCO3)c(C)c1)CCN(C)CC2,A,,,,,,
DRD2,,,,105,COc1nc2c(cc1NS(=O)(=O)c1ccc([C@@H]3CCCCO3)c(C)c1)CCN(C)CC2,A,,,,,,
DRD2,,,,106,COc1nc2c(cc1NS(=O)(=O)c1ccc(C3CC(F)CCO3)cc1)CCN(C)CC2,B,,,,,,
DRD2,,,,107,CCN1CCc2cc(NS(=O)(=O)c3ccc([C@H]4CCCCO4)c(C)c3)c(OC)nc2CC1,A,,,,,,
DRD2,,,,108,COc1nc2c(cc1NS(=O)(=O)c1ccc(C3CC(F)CCO3)cc1)CCN(C)CC2,C,,,,,,
DRD2,,,,109,COc1nc2c(cc1NS(=O)(=O)c1ccc(C3CC(F)CCO3)cc1)CCN(C)CC2,B,,,,,,
DRD2,,,,110,COc1nc2c(cc1NS(=O)(=O)c1ccc([C@H]3CCCCO3)c(F)c1)CCN(C)CC2,A,,,,,,
DRD2,,,,111,COc1nc2c(cc1NS(=O)(=O)c1ccc([C@@H]3CCCCO3)c(F)c1)CCN(C)CC2,B,,,,,,
DRD2,,,,112,CCN1CCc2cc(NS(=O)(=O)c3ccc(C4(F)CCCCC4)nc3)c(OC)nc2CC1,A,,,,,,
DRD2,,,,113,COc1nc2c(cc1NS(=O)(=O)c1ccc(C3CCC3)nc1)CCN(C)CC2,B,,,,,,
DRD2,,,,114,CCN1CCc2cc(NS(=O)(=O)c3ccc(C4CCCCC4)nc3)c(OC)nc2CC1,B,,,,,,
DRD2,,,,115,COc1nc2c(cc1NS(=O)(=O)c1ccc(C)cc1)CCN(CCCF)CC2,B,,,,,,
DRD2,,,,116,COc1nc2c(cc1NS(=O)(=O)c1cnc(OC3CCC3)nc1)CCN(C)CC2,B,,,,,,
DRD2,,,,117,COc1nc2c(cc1NS(=O)(=O)c1cnc(OC(C)(C)C)nc1)CCN(C)CC2,B,,,,,,
DRD2,,,,118,CCCc1ccc(S(=O)(=O)Nc2cc3c(nc2OC)CCN(C)CC3)cc1,A,,,,,,
DRD2,,,,119,CCN1CCc2cc(NS(=O)(=O)c3ccc(C4CC(OCCF)C4)cc3)c(OC)nc2CC1,A,,,,,,
DRD2,,,,120,CCOC1CC(c2ccc(S(=O)(=O)Nc3cc4c(nc3OC)CCN(CC)CC4)cc2)C1,A,,,,,,
DRD2,,,,121,CCOC1CC(c2ccc(S(=O)(=O)Nc3cc4c(nc3OC)CCN(CC)CC4)cc2)C1,A,,,,,,
DRD2,,,,122,COc1nc2c(cc1NS(=O)(=O)c1ccc(OC3CCCC3)nc1)CCN(CCCF)CC2,B,,,,,,
DRD2,,,,123,COc1nc2c(cc1NS(=O)(=O)c1cnc(C3CCCC3)nc1)CCN(C)CC2,B,,,,,,
DRD2,,,,124,COc1nc2c(cc1NS(=O)(=O)c1cnc(OC3CCCC3)c(C)c1)CCN(C)CC2,A,,,,,,
DRD2,,,,125,CCN1CCc2cc(NS(=O)(=O)c3cnc(OC4CCCC4)c(C)c3)c(OC)nc2CC1,A,,,,,,
DRD2,,,,126,COc1nc2c(cc1NS(=O)(=O)c1cnc(OC3CCC3)c(C)c1)CCN(C)CC2,A,,,,,,
DRD2,,,,127,COc1nc2c(cc1NS(=O)(=O)c1cnc(C3CCCCC3)nc1)CCN(C)CC2,B,,,,,,
DRD2,,,,128,COc1nc2c(cc1NS(=O)(=O)c1ccc(OC3CCCC3)nc1C)CCN(C)CC2,A,,,,,,
DRD2,,,,129,COc1nc2c(cc1NS(=O)(=O)c1ccc([C@H]3CCCCO3)nc1)CCN(C)CC2,B,,,,,,
DRD2,,,,130,COc1nc2c(cc1NS(=O)(=O)c1cnc(OC3CCCC3)c(F)c1)CCN(C)CC2,A,,,,,,
DRD2,,,,131,COc1nc2c(cc1NS(=O)(=O)c1ccc(CC3CCCC3)nc1)CCN(C)CC2,A,,,,,,
DRD2,,,,132,CCOC1CC(F)(c2ccc(S(=O)(=O)Nc3cc4c(nc3OC)CCN(C)CC4)cc2)C1,B,,,,,,
DRD2,,,,133,COc1nc2c(cc1NS(=O)(=O)c1ccc([C@]3(F)C[C@H](OCCF)C3)cc1)CCN(C)CC2,B,,,,,,
DRD2,,,,134,CCOC1CC(c2ccc(S(=O)(=O)Nc3cc4c(nc3OC)CCN(C)CC4)cn2)C1,C,,,,,,
DRD2,,,,136,COc1nc2c(cc1NS(=O)(=O)c1ccc([C@]3(F)C[C@H](C)C3)nc1)CCN(C)CC2,C,,,,,,
DRD2,,,,140,CCc1nc2c(cc1NS(=O)(=O)c1ccc([C@H]3CCCCO3)cc1)CCN(C)CC2,C,,,,,,
DRD2,,,,P5,COc1ccc(C2CC(=O)c3c(O)cc(OCCCN4CCN(c5noc6cc(F)ccc56)CC4)cc3O2)cc1,A,,,,,,
DRD2,,,,P6,COc1ccc(C2CC(=O)c3c(O)cc(OCCN4CCN(c5noc6cc(F)ccc56)CC4)cc3O2)cc1,B,,,,,,
DRD2,,,,P7,O=C1CC(c2ccc(F)cc2)Oc2cc(OCCCN3CCN(c4noc5cc(F)ccc45)CC3)cc(O)c21,B,,,,,,
DRD2,,,WO 2018/031987 ,TIC10,O=C1C2=C(CCN(Cc3ccccc3)C2)N2CCN=C2N1Cc1cccc(Cl)c1,C,,,,,,
DRD2,,,,2,O=C1C2=C(CCN(Cc3ccccc3)C2)N2CCN=C2N1Cc1ccc(C(F)(F)F)cc1,A,,,,,,
DRD2,,,,3,O=C1C2=C(CCN(Cc3cccc(OC(F)(F)F)c3)C2)N2CCN=C2N1Cc1ccc(C(F)(F)F)cc1,B,,,,,,
DRD2,,,,4,C#Cc1cccc(CN2CCC3=C(C2)C(=O)N(Cc2ccc(Cl)cc2)C2=NCCN23)c1,A,,,,,,
DRD2,,,,5,Cc1cccc(CN2C(=O)C3=C(CCN(Cc4ccccc4)C3)N3C2=NC2CCCCC23)c1,C,,,,,,
DRD2,,,,6,O=C1C2=C(CCN(Cc3ccccc3)C2)N2CCN=C2N1Cc1ccccc1C(F)(F)F,C,,,,,,
DRD2,,,,7,O=C1C2=C(CCN(Cc3ccccc3)C2)N2CCN=C2N1Cc1cccc(C(F)(F)F)c1,B,,,,,,
DRD2,,,,8,C#Cc1cccc(CN2CCC3=C(C2)C(=O)N(Cc2ccc(OC(F)(F)F)cc2)C2=NCCN23)c1,C,,,,,,
DRD2,,,,9,O=C1C2=C(CCN(Cc3ccccc3)C2)N2CCN=C2N1Cc1ccc(Cl)c(Cl)c1,A,,,,,,
DRD2,,,,11,Cc1ccccc1CN1C(=O)C2=C(CCN(Cc3cccc(Br)c3)C2)N2CCN=C12,B,,,,,,
DRD2,,,,12,C#Cc1cccc(CN2CCC3=C(C2)C(=O)N(Cc2ccc(C(F)(F)F)cc2)C2=NCCN23)c1,B,,,,,,
DRD2,,,,13,C#Cc1cccc(CN2CCC3=C(C2)C(=O)N(Cc2ccc(Br)cc2)C2=NCCN23)c1,B,,,,,,
DRD2,,,,14,N#Cc1cccc(CN2CCC3=C(C2)C(=O)N(Cc2ccc(Cl)cc2)C2=NCCN23)c1,A,,,,,,
DRD2,,,,15,N#Cc1cccc(CN2CCC3=C(C2)C(=O)N(Cc2ccc(C(F)(F)F)cc2)C2=NCCN23)c1,A,,,,,,
DRD2,,,,16,O=C1C2=C(CCN(Cc3cccc(F)c3)C2)N2CCN=C2N1Cc1ccc(Cl)cc1,A,,,,,,
DRD2,,,,17,*c1ccc(CN2C(=O)C3=C(CCN(Cc4cccc(F)c4)C3)N3CCN=C23)cc1,A,,,,,,
DRD2,,,,18,O=C1C2=C(CCN(Cc3cccc(F)c3)C2)N2CCN=C2N1Cc1ccc(C(F)(F)F)cc1,A,,,,,,
DRD2,,,,19,[2H]c1c([2H])c([2H])c(C([2H])([2H])N2CCC3=C(C2)C(=O)N(Cc2ccc(C(F)(F)F)cc2)C2=NCCN23)c([2H])c1[2H],A,,,,,,
DRD2,,,,20,O=C1C2=C(CCN(Cc3ccccc3)C2)N2CCN=C2N1Cc1ccc(OC(F)(F)F)cc1,B,,,,,,
DRD2,,,,21,O=C1C2=C(CCN(Cc3cccc(OC(F)(F)F)c3)C2)N2CCN=C2N1Cc1ccc(C(F)(F)F)cc1,B,,,,,,
DRD2,,,,22,C#Cc1ccc(CN2CCC3=C(C2)C(=O)N(Cc2ccc(C)cc2)C2=NCCN23)cc1,C,,,,,,
DRD2,,,,23,O=C1C2=C(CCN(Cc3ccc(F)cc3)C2)N2CCN=C2N1Cc1ccc(Br)cc1,B,,,,,,
DRD2,,,,24,O=C1C2=C(CCN(Cc3cccc(C(F)(F)F)c3)C2)N2CCN=C2N1Cc1ccc(C(F)(F)F)cc1,A,,,,,,
DRD2,,,,25,O=C1C2=C(CCN(Cc3cccs3)C2)N2CCN=C2N1Cc1ccc(Cl)cc1,C,,,,,,
DRD2,,,,26,O=C1C2=C(CCN(Cc3ccsc3)C2)N2CCN=C2N1Cc1ccc(Cl)cc1,B,,,,,,
DRD2,,,,27,O=C1C2=C(CCN(Cc3cccc(Cl)c3)C2)N2NCCN=C2N1Cc1ccc(C(F)(F)F)cc1,A,,,,,,
DRD2,,,WO 2018/068429 ,1,[2H]C([2H])([2H])Oc1c(OC)ccc2c1CN1CCc3cc(OC)c(OC)cc3[C@@H]1C2,D,,,,,,
DRD2,,,,2,[2H]C([2H])([2H])Oc1ccc2c(c1OC)CN1CCc3cc(OC)c(OC)cc3[C@@H]1C2,D,,,,,,
DRD2,,,,3,[2H]C([2H])([2H])Oc1cc2c(cc1OC)CCN1Cc3c(ccc(OC)c3OC)C[C@@H]21,D,,,,,,
DRD2,,,,4,COc1cc2c(cc1OC)[C@@H]1Cc3ccc(OC)c(OC)c3CN1CC2,D,,,,,,
DRD2,,,,5,[2H]C([2H])([2H])Oc1cc2c(cc1OC)CCN1Cc3c(ccc(OC)c3OC([2H])([2H])[2H])C[C@@H]21,D,,,,,,
DRD2,,,,6,[2H]C([2H])([2H])Oc1cc2c(cc1OC)CCN1Cc3c(ccc(OC([2H])([2H])[2H])c3OC)C[C@@H]21,D,,,,,,
DRD2,,,,7,[2H]C([2H])([2H])Oc1cc2c(cc1OC([2H])([2H])[2H])[C@@H]1Cc3ccc(OC([2H])([2H])[2H])c(OC([2H])([2H])[2H])c3CN1CC2,D,,,,,,
DRD2,,,WO 2018/139471,1,CN1CC=C(C2=Nc3cc(Cl)ccc3Nc3ccc(F)cc32)CC1,A,,,,,,
DRD2,,,,2,Cc1ccc2c(c1)N=C(C1=CCN(C)CC1)c1cc(F)ccc1N2,A,,,,,,
DRD2,,,,3,CN1CC=C(C2=Nc3cc(F)ccc3Nc3ccc(Cl)cc32)CC1,A,,,,,,
DRD2,,,,4,CCc1ccc2c(c1)C(C1=CCN(C)CC1)=Nc1cc(C)ccc1N2,A,,,,,,
DRD2,,,,5,Cc1ccc2c(c1)N=C(C1=CCN(C)CC1)c1cc(C)ccc1N2,A,,,,,,
DRD2,,,,6,CN1CC=C(C2=Nc3cc(Cl)ccc3Nc3ccccc32)CC1,A,,,,,,
DRD2,,,,7,CC1C=C(C2=Nc3cc(Cl)ccc3Nc3ccc(F)cc32)CCN1,A,,,,,,
DRD2,,,,8,CC1CC(C2=Nc3cc(Cl)ccc3Nc3ccc(F)cc32)=CCN1,A,,,,,,
DRD2,,,,10,Fc1ccc2c(c1)C(C1=CCNCC1)=Nc1cc(Cl)ccc1N2,A,,,,,,
DRD2,,,,11,C[C@H]1C=C(C2=Nc3cc(Cl)ccc3Nc3ccc(F)cc32)CCN1,A,,,,,,
DRD2,,,,12,C[C@@H]1C=C(C2=Nc3cc(Cl)ccc3Nc3ccc(F)cc32)CCN1,A,,,,,,
DRD2,,,,13,CC1(C)C=C(C2=Nc3cc(Cl)ccc3Nc3ccc(F)cc32)CCN1,A,,,,,,
DRD2,,,,14,Fc1ccc2c(c1)N=C(C1=CCNCC1)c1cc(Cl)ccc1N2,A,,,,,,
DRD2,,,,15,Clc1ccc2c(c1)C(C1=CCNCC1)=Nc1ccccc1N2,A,,,,,,
DRD2,,,,16,Cc1ccc2c(c1)N=C(C1=CCNCC1)c1cc(F)ccc1N2,A,,,,,,
DRD2,,,,17,CC1C=C(C2=Nc3cc(Cl)ccc3Nc3ccc(F)cc32)CCN1C,A,,,,,,
DRD2,,,,18,CC1CC(C2=Nc3cc(Cl)ccc3Nc3ccc(F)cc32)=CCN1C,A,,,,,,
DRD2,,,,19,C[C@H]1C=C(C2=Nc3cc(Cl)ccc3Nc3ccc(F)cc32)CCN1C,A,,,,,,
DRD2,,,,20,C[C@@H]1C=C(C2=Nc3cc(Cl)ccc3Nc3ccc(F)cc32)CCN1C,A,,,,,,
DRD2,,,,21,CN1CCC(C2=Nc3cc(Cl)ccc3Nc3ccc(F)cc32)=CC1(C)C,A,,,,,,
DRD2,,,,22,CN1CC=C(C2=Nc3cc(Cl)ccc3Nc3ccc(F)cc32)CC1,A,,,,,,
DRD2,,,,23,CCN1CC=C(C2=Nc3cc(Cl)ccc3Nc3ccc(F)cc32)CC1,A,,,,,,
DRD2,,,,24,CC(C)N1CC=C(C2=Nc3cc(Cl)ccc3Nc3ccc(F)cc32)CC1,A,,,,,,
DRD2,,,,25,Cc1ccc2c(c1)N=C(C1=CC(C)N(C)CC1)c1cc(F)ccc1N2,A,,,,,,
DRD2,,,,26,COc1ccc2c(c1)C(C1=CCN(C)CC1)=Nc1cc(C)ccc1N2,A,,,,,,
DRD2,,,,27,COc1ccc2c(c1)C(C1=CC(C)N(C)CC1)=Nc1cc(C)ccc1N2,A,,,,,,
DRD2,,,,28,CC1C=C(C2=Nc3cc(F)ccc3Nc3ccc(Cl)cc32)CCN1C,A,,,,,,
DRD2,,,,29,Cc1ccc2c(c1)N=C(C1=CC(C)N(C)CC1)c1cc(C)ccc1N2,A,,,,,,
DRD2,,,,30,CC1C=C(C2=Nc3cc(Cl)ccc3Nc3ccccc32)CCN1C,A,,,,,,
DRD2,,,,31,CC1C=C(C2=Nc3cc(F)ccc3Nc3ccc(F)cc32)CCN1C,A,,,,,,
DRD2,,,,32,Cc1ccc2c(c1)N=C(C1=C[C@H](C)N(C)CC1)c1cc(C(F)(F)F)ccc1N2,A,,,,,,
DRD2,,,,33,[2H]C([2H])([2H])N1CCC(C2=Nc3cc(C)ccc3Nc3ccc(C(F)(F)F)cc32)=C[C@@H]1C,A,,,,,,
DRD2,,,,34,C[C@H]1C=C(C2=Nc3cc(F)ccc3Nc3ccc(C(F)(F)F)cc32)CCN1C,A,,,,,,
DRD2,,,,35,[2H]C([2H])([2H])N1CCC(C2=Nc3cc(F)ccc3Nc3ccc(C(F)(F)F)cc32)=C[C@@H]1C,A,,,,,,
DRD2,,,,36,C[C@H]1C=C(C2=Nc3ccccc3Nc3ccc(C(F)(F)F)cc32)CCN1C,A,,,,,,
DRD2,,,,37,[2H]C([2H])([2H])N1CCC(C2=Nc3ccccc3Nc3ccc(C(F)(F)F)cc32)=C[C@@H]1C,A,,,,,,
DRD2,,,,38,C[C@H]1C=C(C2=Nc3cc(Cl)ccc3Nc3ccc(OC(F)(F)F)cc32)CCN1C,A,,,,,,
DRD2,,,,39,[2H]C([2H])([2H])N1CCC(C2=Nc3cc(Cl)ccc3Nc3ccc(OC(F)(F)F)cc32)=C[C@@H]1C,A,,,,,,
DRD2,,,,40,Cc1ccc2c(c1)N=C(C1=C[C@H](C)N(C)CC1)c1cc(OC(F)(F)F)ccc1N2,A,,,,,,
DRD2,,,,41,C[C@H]1C=C(C2=Nc3cc(F)ccc3Nc3ccc(OC(F)(F)F)cc32)CCN1C,A,,,,,,
DRD2,,,,42,[2H]C([2H])([2H])N1CCC(C2=Nc3cc(F)ccc3Nc3ccc(OC(F)(F)F)cc32)=C[C@@H]1C,A,,,,,,
DRD2,,,,43,C[C@H]1C=C(C2=Nc3ccccc3Nc3ccc(OC(F)(F)F)cc32)CCN1C,A,,,,,,
DRD2,,,,44,[2H]C([2H])([2H])N1CCC(C2=Nc3ccccc3Nc3ccc(OC(F)(F)F)cc32)=C[C@@H]1C,A,,,,,,
DRD2,,,,45,CCc1ccc2c(c1)C(C1=C[C@H](C)N(C)CC1)=Nc1cc(Cl)ccc1N2,A,,,,,,
DRD2,,,,46,[2H]C([2H])([2H])N1CCC(C2=Nc3cc(Cl)ccc3Nc3ccc(CC)cc32)=C[C@@H]1C,A,,,,,,
DRD2,,,,47,CCc1ccc2c(c1)C(C1=C[C@H](C)N(C)CC1)=Nc1cc(C)ccc1N2,A,,,,,,
DRD2,,,,48,[2H]C([2H])([2H])N1CCC(C2=Nc3cc(C)ccc3Nc3ccc(CC)cc32)=C[C@@H]1C,A,,,,,,
DRD2,,,,49,CCc1ccc2c(c1)C(C1=C[C@H](C)N(C)CC1)=Nc1cc(F)ccc1N2,A,,,,,,
DRD2,,,,50,[2H]C([2H])([2H])N1CCC(C2=Nc3cc(F)ccc3Nc3ccc(CC)cc32)=C[C@@H]1C,A,,,,,,
DRD2,,,,51,CCc1ccc2c(c1)C(C1=C[C@H](C)N(C)CC1)=Nc1ccccc1N2,A,,,,,,
DRD2,,,,52,[2H]C([2H])([2H])N1CCC(C2=Nc3ccccc3Nc3ccc(CC)cc32)=C[C@@H]1C,A,,,,,,
DRD2,,,,53,C[C@H]1C=C(C2=Nc3cc(Cl)ccc3Nc3ccc(Cl)cc32)CCN1C,A,,,,,,
DRD2,,,,54,[2H]C([2H])([2H])N1CCC(C2=Nc3cc(Cl)ccc3Nc3ccc(Cl)cc32)=C[C@@H]1C,A,,,,,,
DRD2,,,,55,Cc1ccc2c(c1)N=C(C1=C[C@H](C)N(C)CC1)c1cc(Cl)ccc1N2,A,,,,,,
DRD2,,,,56,[2H]C([2H])([2H])N1CCC(C2=Nc3cc(C)ccc3Nc3ccc(Cl)cc32)=C[C@@H]1C,A,,,,,,
DRD2,,,,57,C[C@H]1C=C(C2=Nc3cc(F)ccc3Nc3ccc(Cl)cc32)CCN1C,A,,,,,,
DRD2,,,,58,[2H]C([2H])([2H])N1CCC(C2=Nc3cc(F)ccc3Nc3ccc(Cl)cc32)=C[C@@H]1C,A,,,,,,
DRD2,,,,61,C[C@H]1C=C(C2=Nc3ccccc3Nc3ccc(Cl)cc32)CCN1C,A,,,,,,
DRD2,,,,62,[2H]C([2H])([2H])N1CCC(C2=Nc3ccccc3Nc3ccc(Cl)cc32)=C[C@@H]1C,A,,,,,,
DRD2,,,,63,CN1CCC(C2=Nc3ccccc3Nc3ccc(Cl)cc32)=CC1(C)C,A,,,,,,
DRD2,,,,64,[2H]C([2H])([2H])N1CCC(C2=Nc3ccccc3Nc3ccc(Cl)cc32)=CC1(C)C,A,,,,,,
DRD2,,,,65,Cc1ccc2c(c1)C(C1=C[C@H](C)N(C)CC1)=Nc1cc(Cl)ccc1N2,A,,,,,,
DRD2,,,,66,[2H]C([2H])([2H])N1CCC(C2=Nc3cc(Cl)ccc3Nc3ccc(C)cc32)=C[C@@H]1C,A,,,,,,
DRD2,,,,67,Cc1ccc2c(c1)C(C1=C[C@H](C)N(C)CC1)=Nc1cc(F)ccc1N2,A,,,,,,
DRD2,,,,68,[2H]C([2H])([2H])N1CCC(C2=Nc3cc(F)ccc3Nc3ccc(C)cc32)=C[C@@H]1C,A,,,,,,
DRD2,,,,69,COc1ccc2c(c1)N=C(C1=C[C@H](C)N(C)CC1)c1cc(C)ccc1N2,A,,,,,,
DRD2,,,,70,Cc1ccc2c(c1)C(C1=C[C@H](C)N(C)CC1)=Nc1ccccc1N2,A,,,,,,
DRD2,,,,71,[2H]C([2H])([2H])N1CCC(C2=Nc3ccccc3Nc3ccc(C)cc32)=C[C@@H]1C,A,,,,,,
DRD2,,,,72,COc1ccc2c(c1)C(C1=C[C@H](C)N(C)CC1)=Nc1cc(Cl)ccc1N2,A,,,,,,
DRD2,,,,73,[2H]C([2H])([2H])N1CCC(C2=Nc3cc(Cl)ccc3Nc3ccc(OC)cc32)=C[C@@H]1C,A,,,,,,
DRD2,,,,74,C[C@H]1C=C(C2=Nc3cc(C(F)(F)F)ccc3Nc3ccccc32)CCN1C,A,,,,,,
DRD2,,,,75,[2H]C([2H])([2H])N1CCC(C2=Nc3cc(C(F)(F)F)ccc3Nc3ccccc32)=C[C@@H]1C,A,,,,,,
DRD2,,,,76,C[C@H]1C=C(C2=Nc3cc(Cl)ccc3Nc3ccccc32)CCN1C,A,,,,,,
DRD2,,,,79,[2H]C([2H])([2H])N1CCC(C2=Nc3cc(Cl)ccc3Nc3ccccc32)=C[C@H]1C,A,,,,,,
DRD2,,,,80,CN1CCC(C2=Nc3cc(Cl)ccc3Nc3ccccc32)=CC1(C)C,A,,,,,,
DRD2,,,,81,[2H]C([2H])([2H])N1CCC(C2=Nc3cc(Cl)ccc3Nc3ccccc32)=CC1(C)C,A,,,,,,
DRD2,,,,82,Cc1ccc2c(c1)N=C(C1=C[C@H](C)N(C)CC1)c1ccccc1N2,A,,,,,,
DRD2,,,,83,[2H]C([2H])([2H])N1CCC(C2=Nc3cc(C)ccc3Nc3ccccc32)=C[C@@H]1C,A,,,,,,
DRD2,,,,84,Cc1ccc2c(c1)N=C(C1=C[C@@H](C)N(C)CC1)c1ccccc1N2,A,,,,,,
DRD2,,,,85,[2H]C([2H])([2H])N1CCC(C2=Nc3cc(C)ccc3Nc3ccccc32)=C[C@H]1C,A,,,,,,
DRD2,,,,86,C[C@H]1C=C(C2=Nc3cc(Cl)ccc3Nc3ccc(C#N)cc32)CCN1C,A,,,,,,
DRD2,,,,87,[2H]C([2H])([2H])N1CCC(C2=Nc3cc(Cl)ccc3Nc3ccc(C#N)cc32)=C[C@@H]1C,A,,,,,,
DRD2,,,,88,CCOc1ccc2c(c1)C(C1=C[C@H](C)N(C)CC1)=Nc1cc(Cl)ccc1N2,A,,,,,,
DRD2,,,,89,[2H]C([2H])([2H])N1CCC(C2=Nc3cc(Cl)ccc3Nc3ccc(OCC)cc32)=C[C@@H]1C,A,,,,,,
DRD2,,,WO 2019/034031,1,COc1cc2c(cc1C)[C@@H]1Cc3ccc(OC)c(OC)c3CN1CC2,B,,,,,,
DRD2,,,,2,CCCc1cc2c(cc1OC)CCN1Cc3c(ccc(OC)c3OC)C[C@@H]21,B,,,,,,
DRD2,,,,4,COc1cc2c(cc1C#N)[C@@H]1Cc3ccc(OC)c(OC)c3CN1CC2,B,,,,,,
DRD2,,,,5,COc1cc2c(cc1C(N)=O)[C@@H]1Cc3ccc(OC)c(OC)c3CN1CC2,A,,,,,,
DRD2,,,,6,COc1cc2c(cc1C=O)[C@@H]1Cc3ccc(OC)c(OC)c3CN1CC2,B,,,,,,
DRD2,,,,7,COc1cc2c(cc1CO)[C@@H]1Cc3ccc(OC)c(OC)c3CN1CC2,B,,,,,,
DRD2,,,,11,COc1cc2c(cc1CNC(C)=O)[C@@H]1Cc3ccc(OC)c(OC)c3CN1CC2,B,,,,,,
DRD2,,,,12,COc1cc2c(cc1C(C)=O)[C@@H]1Cc3ccc(OC)c(OC)c3CN1CC2,B,,,,,,
DRD2,,,,13,COc1cc2c(cc1N)[C@@H]1Cc3ccc(OC)c(OC)c3CN1CC2.Cl,B,,,,,,
DRD2,,,,15,COc1cc2c(cc1Br)[C@@H]1Cc3ccc(OC)c(OC)c3CN1CC2,B,,,,,,
DRD2,,,,17,C=Cc1cc2c(cc1OC)CCN1Cc3c(ccc(OC)c3OC)C[C@@H]21,B,,,,,,
DRD2,,,,18,COc1cc2c(cc1CCO)[C@@H]1Cc3ccc(OC)c(OC)c3CN1CC2,B,,,,,,
DRD2,,,,19,COc1cc2c(cc1OC)[C@@H]1Cc3ccc(OC)c(C#N)c3CN1CC2,C,,,,,,
DRD2,,,,21,COc1cc2c(cc1OC)[C@@H]1Cc3ccc(OC)c(C(C)=O)c3CN1CC2,C,,,,,,
DRD2,,,,24,COc1cc2c(cc1OC)[C@@H]1Cc3ccc(OC)c(C=O)c3CN1CC2,C,,,,,,
DRD2,,,,25,COc1cc2c(cc1OC)[C@@H]1Cc3ccc(OC)c(CO)c3CN1CC2,C,,,,,,
DRD2,,,,26,COc1cc2c(cc1OC)[C@@H]1Cc3ccc(C)c(OC)c3CN1CC2,B,,,,,,
DRD2,,,,27,COc1cc2c(cc1OC)[C@@H]1Cc3ccc(C#N)c(OC)c3CN1CC2,C,,,,,,
DRD2,,,,28,COc1cc2c(cc1OC)[C@@H]1Cc3ccc(C(N)=O)c(OC)c3CN1CC2,C,,,,,,
DRD2,,,,29,COc1cc2c(cc1OC)[C@@H]1Cc3ccc(C=O)c(OC)c3CN1CC2,C,,,,,,
DRD2,,,,30,COc1cc2c(cc1OC)[C@@H]1Cc3ccc(CO)c(OC)c3CN1CC2,B,,,,,,
DRD2,,,,32,COc1cc2c(cc1OC)[C@@H]1Cc3ccc(CNC(C)=O)c(OC)c3CN1CC2,B,,,,,,
DRD2,,,,33,COc1cc2c(cc1N)[C@@H]1Cc3ccc(N)c(OC)c3CN1CC2,B,,,,,,
DRD2,,,,36,COc1ccc2c(c1OC)CN1CCc3cc4c(cc3C1C2)C(=O)NC4=O,B,,,,,,
DRD2,,,,37,COc1cc2c(cc1C#N)[C@@H]1Cc3ccc(C#N)c(OC)c3CN1CC2,A,,,,,,
DRD2,,,,38,COc1cc2c(cc1C(N)=O)[C@@H]1Cc3ccc(C(N)=O)c(OC)c3CN1CC2,B,,,,,,
DRD2,,,,40,COc1ccc2c(c1OC)CN1CCc3cc(OC)c4[nH]c(=O)[nH]c4c3[C@@H]1C2,A,,,,,,
DRD2,,,,41,COc1ccc2c(c1OC)CN1CCc3cc(OC)c4[nH]c(=S)[nH]c4c3[C@@H]1C2,A,,,,,,
DRD2,,,,42,COc1ccc2c(c1OC)CN1CCc3cc(OC)c4nc[nH]c4c3[C@@H]1C2,B,,,,,,
DRD2,,,,43,COc1ccc2c(c1OC)CN1CCc3cc(OC)c4nn[nH]c4c3[C@@H]1C2,A,,,,,,
DRD2,,,,44,COc1ccc2c(c1OC)CN1CCc3cc4nc[nH]c4cc3C1C2,B,,,,,,
DRD2,,,,45,COc1ccc2c(c1OC)CN1CCc3cc4ncoc4cc3C1C2,B,,,,,,
DRD2,,,,46,COc1ccc2c(c1OC)CN1CCc3cc4[nH]c(=O)oc4cc3C1C2,B,,,,,,
DRD2,,,,47,COc1ccc2c(c1OC)CN1CCc3cc4c(cc3C1C2)OCC(=O)N4,B,,,,,,
DRD2,,,,49,COc1ccc2c(c1OC)CN1CCc3ccc4oc(=O)[nH]c4c3C1C2,B,,,,,,
DRD2,,,,50,COc1ccc2c(c1OC)CN1CCc3ccc4c(c3C1C2)NC(=O)CO4,B,,,,,,
DRD2,,,,51,COc1cc2c(cc1OC(F)F)[C@@H]1Cc3ccc(OC)c(OC)c3CN1CC2,B,,,,,,
DRD2,,,,52,C=CCOc1cc2c(cc1OC)CCN1Cc3c(ccc(OC)c3OC)C[C@@H]21,B,,,,,,
DRD2,,,,53,COc1cc2c(cc1OC1CC1)[C@@H]1Cc3ccc(OC)c(OC)c3CN1CC2,C,,,,,,
DRD2,,,,55,COc1cc2c(cc1OCCO)[C@@H]1Cc3ccc(OCCO)c(OC)c3CN1CC2,B,,,,,,
DRD2,,,,56,COc1cc2c(cc1OC)[C@@H]1Cc3ccc(OC)c(OCCO)c3CN1CC2,C,,,,,,
DRD2,,,,60,COc1cc2c(cc1NS(C)(=O)=O)[C@@H]1Cc3ccc(OC)c(OC)c3CN1CC2,A,,,,,,
DRD2,,,WO 2019/023063 ,example1,O=C1CN2c3c(cccc3[C@@H]3CN(CCCC(=O)c4ccc(F)cc4)CC[C@@H]32)N1,B,,,,,,
DRD2,,,,example2,O=C1CN2c3c(cccc3[C@@H]3CN(CCCOc4ccc(F)cc4)CC[C@@H]32)N1,B,,,,,,
DRD2,,,CN 105315267 A ,1,CN(C)C(=O)N1CCC(CN2CCC(c3noc4cc(F)ccc34)CC2)CC1,B,,,,2.0,Cc1ccc(NC(=O)N2CCC(CN3CCC(c4noc5cc(F)ccc45)CC3)CC2)cc1,C
DRD2,,,,3,O=C(Nc1ccc(Cl)cc1)N1CCC(CN2CCC(c3noc4cc(F)ccc34)CC2)CC1,C,,,,,,
DRD2,,,,4,O=C(NCc1ccccc1)N1CCC(CN2CCC(c3noc4cc(F)ccc34)CC2)CC1,B,,,,,,
DRD2,,,,5,O=C(C1CC1)N1CCC(CN2CCC(c3noc4cc(F)ccc34)CC2)CC1,A,,,,,,
DRD2,,,,6,CC(C)(C)C(=O)N1CCC(CN2CCC(c3noc4cc(F)ccc34)CC2)CC1,C,,,,,,
DRD2,,,,7,O=C(c1ccccc1)N1CCC(CN2CCC(c3noc4cc(F)ccc34)CC2)CC1,B,,,,,,
DRD2,,,,8,O=C(c1ccc(F)cc1)N1CCC(CN2CCC(c3noc4cc(F)ccc34)CC2)CC1,C,,,,,,
DRD2,,,,9,COc1ccc(C(=O)N2CCC(CN3CCC(c4noc5cc(F)ccc45)CC3)CC2)cc1,D,,,,,,
DRD2,,,,10,O=S(=O)(c1ccc(F)cc1)N1CCC(CN2CCC(c3noc4cc(F)ccc34)CC2)CC1,D,,,,,,
DRD2,,,,11,O=[N+]([O-])c1ccc(S(=O)(=O)N2CCC(CN3CCC(c4noc5cc(F)ccc45)CC3)CC2)cc1,A,,,,,,
DRD2,,,,12,N#Cc1ccc(S(=O)(=O)N2CCC(CN3CCC(c4noc5cc(F)ccc45)CC3)CC2)cc1,C,,,,,,
DRD2,,,,13,O=S(=O)(c1ccc(C(F)(F)F)cc1)N1CCC(CN2CCC(c3noc4cc(F)ccc34)CC2)CC1,C,,,,,,
DRD2,,,,14,Cc1ccc(S(=O)(=O)N2CCC(CN3CCC(c4noc5cc(F)ccc45)CC3)CC2)cc1,A,,,,,,
DRD2,,,,15,O=S(=O)(c1ccccc1)N1CCC(CN2CCC(c3noc4cc(F)ccc34)CC2)CC1,B,,,,,,
DRD2,,,,16,O=S(=O)(c1ccc2ccccc2c1)N1CCC(CN2CCC(c3noc4cc(F)ccc34)CC2)CC1,C,,,,,,
DRD2,,,,17,O=S(=O)(c1cccs1)N1CCC(CN2CCC(c3noc4cc(F)ccc34)CC2)CC1,D,,,,,,
DRD2,,,,18,O=[N+]([O-])c1ccc(S(=O)(=O)N2CCC(CCN3CCC(c4noc5cc(F)ccc45)CC3)CC2)cc1,C,,,,,,
DRD2,,,,19,O=[N+]([O-])c1ccc(S(=O)(=O)N2CCCC(CN3CCC(c4noc5cc(F)ccc45)CC3)C2)cc1,A,,,,,,
DRD2,,,,20,O=[N+]([O-])c1ccccc1S(=O)(=O)N1CCC(CN2CCC(c3noc4cc(F)ccc34)CC2)CC1,A,,,,,,
DRD2,,,CN 107793350 A ,I-1,CC(=O)NN1CCC(CCN2CCN(c3cccc(Cl)c3Cl)CC2)CC1,A,,,,,,
DRD2,,,,I-2,CCCC(=O)NN1CCC(CCN2CCN(c3cccc(Cl)c3Cl)CC2)CC1,A,,,,,,
DRD2,,,,I-3,COCC(=O)NN1CCC(CCN2CCN(c3cccc(Cl)c3Cl)CC2)CC1,A,,,,,,
DRD2,,,,I-4,CCOCC(=O)NN1CCC(CCN2CCN(c3cccc(Cl)c3Cl)CC2)CC1,A,,,,,,
DRD2,,,,I-5,O=C(NN1CCC(CCN2CCN(c3cccc(Cl)c3Cl)CC2)CC1)C1CC1,A,,,,,,
DRD2,,,,I-6,O=C(NN1CCC(CCN2CCN(c3cccc(Cl)c3Cl)CC2)CC1)C1CCCCC1,A,,,,,,
DRD2,,,,I-7,O=C(NN1CCC(CCN2CCN(c3cccc(Cl)c3Cl)CC2)CC1)c1ccccc1,A,,,,,,
DRD2,,,,I-8,O=C(NN1CCC(CCN2CCN(c3cccc(Cl)c3Cl)CC2)CC1)c1ccc(F)cc1,A,,,,,,
DRD2,,,,I-9,N#Cc1ccc(C(=O)NN2CCC(CCN3CCN(c4cccc(Cl)c4Cl)CC3)CC2)cc1,A,,,,,,
DRD2,,,,I-10,Cc1ccc(C(=O)NN2CCC(CCN3CCN(c4cccc(Cl)c4Cl)CC3)CC2)cc1,A,,,,,,
DRD2,,,,I-11,O=C(NN1CCC(CCN2CCN(c3cccc(Cl)c3Cl)CC2)CC1)c1cccnc1,A,,,,,,
DRD2,,,,I-12,O=C(NN1CCC(CCN2CCN(c3cccc(Cl)c3Cl)CC2)CC1)c1ccco1,A,,,,,,
DRD2,,,,I-13,O=C(NN1CCC(CCN2CCN(c3cccc(Cl)c3Cl)CC2)CC1)c1ccc[nH]1,A,,,,,,
DRD2,,,,I-14,O=C(NN1CCC(CCN2CCN(c3cccc(Cl)c3Cl)CC2)CC1)c1cccs1,A,,,,,,
DRD2,,,,I-15,O=C(NN1CCC(CCN2CCN(c3cccc(Cl)c3Cl)CC2)CC1)c1cc2ccccc2[nH]1,A,,,,,,
DRD2,,,,II-1,CNC(=O)CNN1CCC(CCN2CCN(c3cccc(Cl)c3Cl)CC2)CC1,A,,,,,,
DRD2,,,,II-2,CN(C)C(=O)NN1CCC(CCN2CCN(c3cccc(Cl)c3Cl)CC2)CC1,A,,,,,,
DRD2,,,,II-3,O=C(NC1CC1)NN1CCC(CCN2CCN(c3cccc(Cl)c3Cl)CC2)CC1,A,,,,,,
DRD2,,,,II-4,CCCNC(=O)NN1CCC(CCN2CCN(c3cccc(Cl)c3Cl)CC2)CC1,A,,,,,,
DRD2,,,,II-5,O=C(NC1CCCCC1)NN1CCC(CCN2CCN(c3cccc(Cl)c3Cl)CC2)CC1,A,,,,,,
DRD2,,,,II-6,O=C(CNN1CCC(CCN2CCN(c3cccc(Cl)c3Cl)CC2)CC1)Nc1ccccc1,A,,,,,,
DRD2,,,,II-7,O=C(NCc1ccccc1)NN1CCC(CCN2CCN(c3cccc(Cl)c3Cl)CC2)CC1,A,,,,,,
DRD2,,,,II-8,O=C(CNN1CCC(CCN2CCN(c3cccc(Cl)c3Cl)CC2)CC1)Nc1cccnc1,A,,,,,,
DRD2,,,,II-9,O=C(NN1CCC(CCN2CCN(c3cccc(Cl)c3Cl)CC2)CC1)N1CCOCC1,A,,,,,,
DRD2,,,,III-1,COc1ccc(C(=O)NN2CCC(CCN3CCN(c4cccc(C)c4C)CC3)CC2)cc1,A,,,,,,
DRD2,,,,III-2,CCc1ccc(C(=O)NN2CCC(CCN3CCN(c4cccc(C)c4C)CC3)CC2)cc1,A,,,,,,
DRD2,,,,III-3,CCN(C)C(=O)NN1CCC(CCN2CCN(c3ccccc3OC)CC2)CC1,A,,,,,,
DRD2,,,,III-4,COc1ccccc1N1CCN(CCC2CCN(NC(=O)N(C)c3ccccc3)CC2)CC1,A,,,,,,
DRD2,,,,III-5,COCC(=O)NN1CCC(CCN2CCN(c3cccc(-c4ccccc4)c3)CC2)CC1,A,,,,,,
DRD2,,,,III-6,CN(C)C(=O)NN1CCC(CCN2CCN(c3cccc(-c4ccccc4)c3)CC2)CC1,A,,,,,,
DRD2,,,,III-7,O=C(NN1CCC(CCN2CCN(c3cccc4ccccc34)CC2)CC1)c1ccco1,A,,,,,,
DRD2,,,,III-8,CN(C)C(=O)NN1CCC(CCN2CCN(c3cccc4ccccc34)CC2)CC1,A,,,,,,
DRD2,,,,III-9,O=C(NN1CCC(CCN2CCN(c3cccc4[nH]c(=O)oc34)CC2)CC1)c1ccco1,A,,,,,,
DRD2,,,,III-10,CN(C)C(=O)NN1CCC(CCN2CCN(c3cccc4[nH]c(=O)oc34)CC2)CC1,A,,,,,,
DRD2,,,,IV-1,CCCCC(=O)NN1CCC(CCN2CCN(c3cccc4sccc34)CC2)CC1,A,,,,,,
DRD2,,,,IV-2,COCC(=O)NN1CCC(CCN2CCN(c3cccc4sccc34)CC2)CC1,A,,,,,,
DRD2,,,,IV-3,O=C(NN1CCC(CCN2CCN(c3cccc4sccc34)CC2)CC1)c1ccccc1,A,,,,,,
DRD2,,,,IV-4,O=C(NN1CCC(CCN2CCN(c3cccc4sccc34)CC2)CC1)C1CC1,A,,,,,,
DRD2,,,,IV-5,O=C(NN1CCC(CCN2CCN(c3cccc4sccc34)CC2)CC1)c1cccnc1,A,,,,,,
DRD2,,,,IV-6,O=C(NN1CCC(CCN2CCN(c3cccc4sccc34)CC2)CC1)c1ccco1,A,,,,,,
DRD2,,,,IV-7,CN(C)C(=O)NN1CCC(CCN2CCN(c3cccc4sccc34)CC2)CC1,A,,,,,,
DRD2,,,,IV-8,O=C(Nc1ccccc1)NN1CCC(CCN2CCN(c3cccc4sccc34)CC2)CC1,A,,,,,,
DRD2,,,,IV-9,O=C(CNN1CCC(CCN2CCN(c3cccc4sccc34)CC2)CC1)Nc1cccnc1,A,,,,,,
DRD2,,,,IV-10,CN(C(=O)CNN1CCC(CCN2CCN(c3cccc4sccc34)CC2)CC1)c1ccccc1,A,,,,,,
DRD2,,,,IV-11,O=C(CNN1CCC(CCN2CCN(c3cccc4sccc34)CC2)CC1)NC1CC1,A,,,,,,
DRD2,,,,IV-12,O=C(CNN1CCC(CCN2CCN(c3cccc4sccc34)CC2)CC1)N1CCOCC1,A,,,,,,
DRD2,,,CN 107793362 A ,2,COc1ccccc1N1CCN(CCCOc2ccc(=O)n(-c3ccc(Cl)c(Cl)c3)n2)CC1,B,,,,4.0,O=c1ccc(OCCCN2CCN(c3ccccn3)CC2)nn1-c1ccc(Cl)c(Cl)c1,D
DRD2,,,,5,O=c1ccc(OCCCN2CCN(c3ncccn3)CC2)nn1-c1ccc(Cl)c(Cl)c1,D,,,,,,
DRD2,,,,6,O=c1ccc(OCCCN2CCN(c3ccccc3Cl)CC2)nn1-c1ccc(Cl)c(Cl)c1,D,,,,,,
DRD2,,,,7,O=c1ccc(OCCCN2CCN(c3cccc(Cl)c3Cl)CC2)nn1-c1ccc(Cl)c(Cl)c1,D,,,,,,
DRD2,,,,8,O=c1ccc(OCCCN2CCN(c3ccc(F)cc3)CC2)nn1-c1ccc(Cl)c(Cl)c1,D,,,,,,
DRD2,,,,9,O=c1ccc(OCCCN2CCN(c3ccccc3F)CC2)nn1-c1ccc(Cl)c(Cl)c1,D,,,,,,
DRD2,,,,10,O=c1ccc(OCCCN2CCN(c3cccc(C(F)(F)F)c3)CC2)nn1-c1ccc(Cl)c(Cl)c1,D,,,,,,
DRD2,,,,11,N#Cc1ccc(N2CCN(CCCOc3ccc(=O)n(-c4ccc(Cl)c(Cl)c4)n3)CC2)cc1,D,,,,,,
DRD2,,,,13,O=C(c1ccc(F)cc1)C1CCN(CCCOc2ccc(=O)n(-c3ccc(Cl)c(Cl)c3)n2)CC1,A,,,,,,
DRD2,,,,14,O=c1ccc(OCCCN2CCN(c3csc4ccccc34)CC2)nn1-c1ccc(Cl)c(Cl)c1,D,,,,,,
DRD2,,,,15,NC(=O)c1ccc2occ(N3CCN(CCCOc4ccc(=O)n(-c5ccc(Cl)c(Cl)c5)n4)CC3)c2c1,D,,,,,,
DRD2,,,,16,O=c1ccc(OCCCN2CCC(c3c[nH]c4ccccc34)CC2)nn1-c1ccc(Cl)c(Cl)c1,D,,,,,,
DRD2,,,,17,O=c1ccc(OCCCN2CCN(c3nsc4ccccc34)CC2)nn1-c1ccc(Cl)c(Cl)c1,D,,,,,,
DRD2,,,,19,O=c1ccc(OCCCN2CCC(c3noc4cc(F)ccc34)CC2)nn1-c1ccc(Cl)c(Cl)c1,A,,,,,,
DRD2,,,,20,O=c1ccc(OCCCCN2CCC(c3noc4cc(F)ccc34)CC2)nn1-c1ccc(Cl)c(Cl)c1,A,,,,,,
DRD2,,,,21,O=c1ccc(OCCCCN2CCC(c3noc4cc(F)ccc34)CC2)nn1-c1ccc(F)cc1,A,,,,,,
DRD2,,,,22,O=c1ccc(OC/C=C/CN2CCC(c3noc4cc(F)ccc34)CC2)nn1-c1ccc(Cl)c(Cl)c1,A,,,,,,
DRD2,,,,23,O=c1ccc(OCCCCCN2CCC(c3noc4cc(F)ccc34)CC2)nn1-c1ccc(Cl)c(Cl)c1,A,,,,,,
DRD2,,,,24,Cc1c(OCCCN2CCC(c3noc4cc(F)ccc34)CC2)nn(-c2ccc(Cl)c(Cl)c2)c(=O)c1C,A,,,,,,
DRD2,,,,25,O=c1c2c(c(OCCCN3CCC(c4noc5cc(F)ccc45)CC3)nn1-c1ccc(Cl)c(Cl)c1)CCCC2,A,,,,,,
DRD2,,,,26,O=c1c2ccccc2c(OCCCN2CCC(c3noc4cc(F)ccc34)CC2)nn1-c1ccc(Cl)c(Cl)c1,A,,,,,,
DRD2,,,,27,O=c1ccc(OCCCN2CCC(c3noc4cc(F)ccc34)CC2)nn1-c1ccc(F)cc1,A,,,,,,
DRD2,,,,28,O=c1ccc(OCCCN2CCC(c3noc4cc(F)ccc34)CC2)nn1-c1ccccc1,A,,,,,,
DRD2,,,,29,Cc1ccc(-n2nc(OCCCN3CCC(c4noc5cc(F)ccc45)CC3)ccc2=O)cc1,A,,,,,,
DRD2,,,,30,O=c1ccc(OCCCN2CCC(c3noc4cc(F)ccc34)CC2)nn1-c1ccc2ccccc2c1,A,,,,,,
DRD2,,,,31,O=c1ccc(OCCCN2CCC(c3noc4cc(F)ccc34)CC2)nn1-c1ccc(Cl)cc1,A,,,,,,
DRD2,,,,32,O=c1ccc(OCCCN2CCC(c3noc4cc(F)ccc34)CC2)nn1-c1cccc(Cl)c1,A,,,,,,
DRD2,,,,33,O=c1ccc(OCCCN2CCC(c3noc4cc(F)ccc34)CC2)nn1-c1ccccc1Cl,A,,,,,,
DRD2,,,,34,O=c1ccc(OCCCN2CCC(c3noc4cc(F)ccc34)CC2)nn1-c1cccc(Cl)c1Cl,A,,,,,,
DRD2,,,,35,O=c1ccc(OCCCN2CCC(c3noc4cc(F)ccc34)CC2)nn1-c1ccc(Cl)cc1Cl,A,,,,,,
DRD2,,,,36,O=c1ccc(OCCCN2CCC(c3noc4cc(F)ccc34)CC2)nn1-c1cc(Cl)ccc1Cl,A,,,,,,
DRD2,,,,37,O=c1ccc(OCCCN2CCC(c3noc4cc(F)ccc34)CC2)nn1-c1cc(Cl)cc(Cl)c1,A,,,,,,
DRD2,,,,38,O=c1ccc(OCCCN2CCC(c3noc4cc(F)ccc34)CC2)nn1-c1ccc(F)c(F)c1,A,,,,,,
DRD2,,,,39,O=c1ccc(OCCCN2CCC(c3noc4cc(F)ccc34)CC2)nn1-c1ccc(F)cc1F,A,,,,,,
DRD2,,,,40,O=c1ccc(OCCCN2CCC(c3noc4cc(F)ccc34)CC2)nn1-c1cc(F)ccc1F,A,,,,,,
DRD2,,,,41,O=c1ccc(OCCCN2CCC(c3noc4cc(F)ccc34)CC2)nn1-c1c(F)cccc1F,A,,,,,,
DRD2,,,,42,O=c1ccc(OCCCN2CCC(c3noc4cc(F)ccc34)CC2)nn1-c1cc(F)cc(F)c1,A,,,,,,
DRD2,,,,43,O=c1ccc(OCCCN2CCC(c3noc4cc(F)ccc34)CC2)nn1-c1ccc(F)c(Cl)c1,A,,,,,,
DRD2,,,,44,O=C1CCC(OCCCN2CCN(c3cccc(Cl)c3Cl)CC2)=NN1c1ccc(F)cc1,A,,,,,,
DRD2,,,,45,O=c1ccc(OCCCN2CCN(c3nsc4ccccc34)CC2)nn1-c1ccc(F)cc1,A,,,,,,
DRD2,,,CN 107793408 A,I-1,CC(=O)NN1CCC(CCN2CCN(c3nsc4ccccc34)CC2)CC1,A,,,,,,
DRD2,,,,I-2,CCCC(=O)NN1CCC(CCN2CCN(c3nsc4ccccc34)CC2)CC1,A,,,,,,
DRD2,,,,I-3,COCC(=O)NN1CCC(CCN2CCN(c3nsc4ccccc34)CC2)CC1,A,,,,,,
DRD2,,,,I-4,CCOCC(=O)NN1CCC(CCN2CCN(c3nsc4ccccc34)CC2)CC1,A,,,,,,
DRD2,,,,I-5,CCOC(=O)NN1CCC(CCN2CCN(c3nsc4ccccc34)CC2)CC1,A,,,,,,
DRD2,,,,I-6,O=C(NN1CCC(CCN2CCN(c3nsc4ccccc34)CC2)CC1)C1CC1,A,,,,,,
DRD2,,,,I-7,O=C(NN1CCC(CCN2CCN(c3nsc4ccccc34)CC2)CC1)C1CCCCC1,A,,,,,,
DRD2,,,,I-8,O=C(NN1CCC(CCN2CCN(c3nsc4ccccc34)CC2)CC1)c1ccccc1,A,,,,,,
DRD2,,,,I-9,O=C(NN1CCC(CCN2CCN(c3nsc4ccccc34)CC2)CC1)c1ccc(F)cc1,A,,,,,,
DRD2,,,,I-10,N#Cc1ccc(C(=O)NN2CCC(CCN3CCN(c4nsc5ccccc45)CC3)CC2)cc1,A,,,,,,
DRD2,,,,I-11,Cc1ccc(C(=O)NN2CCC(CCN3CCN(c4nsc5ccccc45)CC3)CC2)cc1,A,,,,,,
DRD2,,,,I-12,O=C(NN1CCC(CCN2CCN(c3nsc4ccccc34)CC2)CC1)c1cccnc1,A,,,,,,
DRD2,,,,I-13,O=C(NN1CCC(CCN2CCN(c3nsc4ccccc34)CC2)CC1)c1ccco1,A,,,,,,
DRD2,,,,I-14,O=C(NN1CCC(CCN2CCN(c3nsc4ccccc34)CC2)CC1)c1ccc[nH]1,A,,,,,,
DRD2,,,,I-15,O=C(NN1CCC(CCN2CCN(c3nsc4ccccc34)CC2)CC1)c1cccs1,A,,,,,,
DRD2,,,,I-16,O=C(NN1CCC(CCN2CCN(c3nsc4ccccc34)CC2)CC1)c1cc2ccccc2[nH]1,A,,,,,,
DRD2,,,,II-1,CNC(=O)CNN1CCC(CCN2CCN(c3nsc4ccccc34)CC2)CC1,A,,,,,,
DRD2,,,,II-2,CN(C)C(=O)NN1CCC(CCN2CCN(c3nsc4ccccc34)CC2)CC1,A,,,,,,
DRD2,,,,II-3,CCCNC(=O)NN1CCC(CCN2CCN(c3nsc4ccccc34)CC2)CC1,A,,,,,,
DRD2,,,,II-4,O=C(NC1CC1)NN1CCC(CCN2CCN(c3nsc4ccccc34)CC2)CC1,A,,,,,,
DRD2,,,,II-5,O=C(CNN1CCC(CCN2CCN(c3nsc4ccccc34)CC2)CC1)NC1CCCCC1,A,,,,,,
DRD2,,,,II-6,O=C(Nc1ccccc1)NN1CCC(CCN2CCN(c3nsc4ccccc34)CC2)CC1,A,,,,,,
DRD2,,,,II-7,CN(C(=O)NN1CCC(CCN2CCN(c3nsc4ccccc34)CC2)CC1)c1ccccc1,A,,,,,,
DRD2,,,,II-8,O=C(CNN1CCC(CCN2CCN(c3nsc4ccccc34)CC2)CC1)NCc1ccccc1,A,,,,,,
DRD2,,,,II-9,O=C(CNN1CCC(CCN2CCN(c3nsc4ccccc34)CC2)CC1)Nc1cccnc1,A,,,,,,
DRD2,,,,II-10,O=C(CNN1CCC(CCN2CCN(c3nsc4ccccc34)CC2)CC1)N1CCOCC1,A,,,,,,
DRD2,,,,II-11,O=C(NN1CCC(CCN2CCN(c3nsc4ccccc34)CC2)CC1)N1CCCC1,A,,,,,,
DRD2,,,,II-12,O=C(NN1CCC(CCN2CCN(c3nsc4ccccc34)CC2)CC1)N1CCC1,A,,,,,,
DRD2,,,,III-1,CC(=O)NN1CCC(CCN2CCC(c3noc4cc(F)ccc34)CC2)CC1,A,,,,,,
DRD2,,,,III-2,CCCC(=O)NN1CCC(CCN2CCC(c3noc4cc(F)ccc34)CC2)CC1,A,,,,,,
DRD2,,,,III-3,CCOC(=O)NN1CCC(CCN2CCC(c3noc4cc(F)ccc34)CC2)CC1,A,,,,,,
DRD2,,,,III-4,O=C(NN1CCC(CCN2CCC(c3noc4cc(F)ccc34)CC2)CC1)C1CC1,A,,,,,,
DRD2,,,,III-5,O=C(NN1CCC(CCN2CCC(c3noc4cc(F)ccc34)CC2)CC1)C1CCCCC1,A,,,,,,
DRD2,,,,III-6,O=C(NN1CCC(CCN2CCC(c3noc4cc(F)ccc34)CC2)CC1)c1ccccc1,A,,,,,,
DRD2,,,,III-7,COc1ccc(C(=O)NN2CCC(CCN3CCC(c4noc5cc(F)ccc45)CC3)CC2)cc1,A,,,,,,
DRD2,,,,III-8,CCc1ccc(C(=O)NN2CCC(CCN3CCC(c4noc5cc(F)ccc45)CC3)CC2)cc1,A,,,,,,
DRD2,,,,III-9,O=C(NN1CCC(CCN2CCC(c3noc4cc(F)ccc34)CC2)CC1)c1cccnc1,A,,,,,,
DRD2,,,,III-10,O=C(NN1CCC(CCN2CCC(c3noc4cc(F)ccc34)CC2)CC1)c1ccco1,A,,,,,,
DRD2,,,,III-11,O=C(NN1CCC(CCN2CCC(c3noc4cc(F)ccc34)CC2)CC1)c1ccc[nH]1,A,,,,,,
DRD2,,,,III-12,O=C(NN1CCC(CCN2CCC(c3noc4cc(F)ccc34)CC2)CC1)c1cccs1,A,,,,,,
DRD2,,,,III-13,O=C(NN1CCC(CCN2CCC(c3noc4cc(F)ccc34)CC2)CC1)c1cc2ccccc2o1,A,,,,,,
DRD2,,,,III-14,O=C(NN1CCC(CCN2CCC(c3noc4cc(F)ccc34)CC2)CC1)c1cc2ccccc2s1,A,,,,,,
DRD2,,,,IV-1,CN(C)C(=O)CNN1CCC(CCN2CCC(c3noc4cc(F)ccc34)CC2)CC1,A,,,,,,
DRD2,,,,IV-2,O=C(NC1CC1)NN1CCC(CCN2CCC(c3noc4cc(F)ccc34)CC2)CC1,A,,,,,,
DRD2,,,,IV-3,O=C(NC1CCCCC1)NN1CCC(CCN2CCC(c3noc4cc(F)ccc34)CC2)CC1,A,,,,,,
DRD2,,,,IV-4,O=C(Nc1ccccc1)NN1CCC(CCN2CCC(c3noc4cc(F)ccc34)CC2)CC1,A,,,,,,
DRD2,,,,IV-5,O=C(Nc1cccnc1)NN1CCC(CCN2CCC(c3noc4cc(F)ccc34)CC2)CC1,A,,,,,,
DRD2,,,,IV-6,O=C(CNN1CCC(CCN2CCC(c3noc4cc(F)ccc34)CC2)CC1)N1CCOCC1,A,,,,,,
DRD2,,,,IV-7,O=C(CNN1CCC(CCN2CCC(c3noc4cc(F)ccc34)CC2)CC1)N1CCCC1,A,,,,,,
DRD2,,,,IV-8,O=C(NN1CCC(CCN2CCC(c3noc4cc(F)ccc34)CC2)CC1)N1CCC1,A,,,,,,
DRD2,,,CN 115850204 A ,1,CCOc1ccc(CC(=O)N(CCCN(C)C2CCc3nc(N)sc3C2)Cc2ccc(F)cc2)cc1,A,,,,,,
DRD2,,,,2,CCOc1ccc(CC(=O)N(CCCN(CC)C2CCc3nc(N)sc3C2)Cc2ccc(F)cc2)cc1,A,,,,,,
DRD2,,,,3,CCCN(CCCN(Cc1ccc(F)cc1)C(=O)Cc1ccc(OCC)cc1)C1CCc2nc(N)sc2C1,A,,,,,,
DRD2,,,,4,CCCN(CCN(Cc1ccc(F)cc1)C(=O)Cc1ccc(OCC)cc1)C1CCc2nc(N)sc2C1,A,,,,,,
DRD2,,,,5,CCCN(CCCCN(Cc1ccc(F)cc1)C(=O)Cc1ccc(OCC)cc1)C1CCc2nc(N)sc2C1,B,,,,,,
DRD2,,,,6,CCCN(C1CCc2nc(N)sc2C1)C1CCC(N(Cc2ccc(F)cn2)C(=O)NCc2ccc(OCC(F)(F)F)cc2)C1,A,,,,,,
DRD2,,,,7,CCCN(C1CCc2nc(N)sc2C1)C1CC(N(Cc2ccc(F)cn2)C(=O)NCc2ccc(OCC(F)(F)F)cc2)C1,B,,,,,,
DRD2,,,,8,CCCN(C(C)CC(=O)N(Cc1ccc(F)cn1)C(=O)NCc1ccc(OCC(F)(F)F)cc1)C1CCc2nc(N)sc2C1,B,,,,,,
