Target,PDBcode(some),crystal ligand,Patent id ,lig_id,SMILES,Activity
EED,7DY7,HOU,CN109790166(A),1,Cc1ncc(-c2cnc(NCc3c(F)ccc4c3CCO4)n3cncc23)c(C)n1,A
EED,,,,2,CNC(=O)c1ncn2c(NCc3c(F)ccc4c3CCO4)ncc(-c3cccnc3C)c12,A
EED,,,,3,Cc1ncc(-c2cnc(NCc3c(F)ccc4c3CCO4)n3cnc(C#N)c23)c(C)n1,A
EED,,,,4,Cc1ncn2c(NCc3c(F)ccc4c3CCO4)ncc(-c3ccc(S(C)(=O)=O)cc3)c12,A
EED,,,,5,Cc1cc(-c2cnc(NCc3c(F)ccc4c3CCO4)n3cnc(C#N)c23)n(C)n1,A
EED,,,,6,Cc1cn(-c2cnc(NCc3c(F)ccc4c3CCO4)n3cnc(C#N)c23)cn1,A
EED,,,,7,CCOC(=O)c1ncn2c(NCc3cc(OC)c(F)cc3F)ncc(-c3ccc(S(C)(=O)=O)cc3)c12,A
EED,,,,8,Cc1ncc(-c2cnc(NCc3c(F)ccc4c3CCO4)n3cnc(CO)c23)c(C)n1,A
EED,,,,9,Cc1ncc(-c2cnc(NCc3c(F)ccc4c3CCO4)n3cnc(Cl)c23)c(C)n1,A
EED,,,,10,Cc1ncccc1-c1cnc(NCc2c(F)ccc3c2CCO3)n2cnc(S(C)(=O)=O)c12,A
EED,,,,11,Cc1ncc(-c2cnc(NCc3c(F)ccc4c3CCO4)n3cnc(-c4ncco4)c23)c(C)n1,A
EED,,,,12,C#Cc1ncn2c(NCc3c(F)ccc4c3CCO4)ncc(-c3cccnc3C)c12,A
EED,8K5N,I7M,,13,CS(=O)(=O)c1ncn2c(NCc3c(F)ccc4c3CCO4)ncc(-c3cccnc3C(F)F)c12,A
EED,,,,14,Cc1ncc(-c2cnc(NCc3c(F)ccc4c3CCO4)n3cnc(S(=O)c4ccccc4)c23)c(C)n1,A
EED,,,,15,Cc1ncc(-c2cnc(NCc3c(F)ccc4c3CCO4)n3cnc(S(=O)(=O)c4ccccc4)c23)c(C)n1,A
EED,,,,16,CC(=O)c1ncn2c(NCc3c(F)ccc4c3CCO4)ncc(-c3cnc(C)nc3C)c12,A
EED,,,,17,CN(C)Cc1ccc(-c2cnc(NCc3c(F)ccc4c3CCO4)n3cncc23)cc1,A
EED,,,,18,CN(C)S(=O)(=O)c1ccc(-c2cnc(NCc3c(F)ccc4c3CCO4)n3cncc23)cc1,A
EED,,,,19,CS(=O)(=O)c1ccc(-c2cnc(NCc3c(F)ccc4c3CCO4)n3cncc23)cc1,A
EED,,,,20,Fc1ccc2c(c1CNc1ncc(-c3ccncc3)c3cncn13)CCO2,A
EED,,,,21,Fc1ccc2c(c1CNc1ncc(-c3cccnc3F)c3cncn13)CCO2,A
EED,,,,22,CS(=O)(=O)c1ccc(-c2cnc(NCc3c(F)ccc4c3CCO4)n3cncc23)cn1,A
EED,,,,23,NS(=O)(=O)c1ccc(-c2cnc(NCc3c(F)ccc4c3CCO4)n3cncc23)cc1,A
EED,5NIU,8YZ,,24,Cc1cc(-c2cnc(NCc3c(F)ccc4c3CCO4)n3cncc23)ccn1,A
EED,,,,25,Cc1ncccc1-c1cnc(NCc2c(F)ccc3c2CCO3)n2cncc12,A
EED,,,,26,CN1CCc2ccc(-c3cnc(NCc4c(F)ccc5c4CCO5)n4cncc34)cc2C1,A
EED,,,,27,CS(=O)(=O)c1cccc(-c2cnc(NCc3c(F)ccc4c3CCO4)n3cncc23)c1,A
EED,,,,28,Fc1ccc2c(c1CNc1ncc(-c3cccnc3)c3cncn13)CCO2,A
EED,,,,29,CS(=O)(=O)Nc1ccc(-c2cnc(NCc3c(F)ccc4c3CCO4)n3cncc23)cc1,A
EED,,,,30,CC(C)S(=O)(=O)c1ccc(-c2cnc(NCc3c(F)ccc4c3CCO4)n3cncc23)cc1,A
EED,,,,31,N#Cc1ccc(-c2cnc(NCc3c(F)ccc4c3CCO4)n3cncc23)cn1,A
EED,,,,32,CN(C)CCc1ccc(-c2cnc(NCc3c(F)ccc4c3CCO4)n3cncc23)cn1,A
EED,,,,33,Cn1nccc1-c1cnc(NCc2c(F)ccc3c2CCO3)n2cncc12,A
EED,,,,34,OCCc1ccc(-c2cnc(NCc3c(F)ccc4c3CCO4)n3cncc23)cn1,A
EED,,,,35,Fc1cc(-c2cnc(NCc3c(F)ccc4c3CCO4)n3cncc23)ccn1,A
EED,,,,36,Cc1cnccc1-c1cnc(NCc2c(F)ccc3c2CCO3)n2cncc12,A
EED,,,,37,O=C(c1ccc(-c2cnc(NCc3c(F)ccc4c3CCO4)n3cncc23)cc1)N1CCCC1,A
EED,,,,38,Cc1nc(S(C)(=O)=O)ccc1-c1cnc(NCc2c(F)ccc3c2CCO3)n2cncc12,A
EED,,,,39,Fc1ccc2c(c1CNc1ncc(-c3ccc(CN4CCCC4)cc3)c3cncn13)CCO2,A
EED,,,,40,CN1CCN(c2ccc(-c3cnc(NCc4c(F)ccc5c4CCO5)n4cncc34)cn2)CC1,A
EED,,,,41,CN(C)c1ccc(-c2cnc(NCc3c(F)ccc4c3CCO4)n3cncc23)cn1,A
EED,,,,42,Cc1cc(S(C)(=O)=O)ccc1-c1cnc(NCc2c(F)ccc3c2CCO3)n2cncc12,A
EED,,,,43,Cc1ccc(-c2cnc(NCc3c(F)ccc4c3CCO4)n3cncc23)c(C)n1,A
EED,,,,44,OCCNc1ncc(-c2cnc(NCc3c(F)ccc4c3CCO4)n3cncc23)cn1,A
EED,,,,45,Cc1cc(-c2cnc(NCc3c(F)ccc4c3CCO4)n3cncc23)n(C)n1,A
EED,,,,46,Cc1nn(C)c(C)c1-c1cnc(NCc2c(F)ccc3c2CCO3)n2cncc12,A
EED,,,,47,Cc1ncncc1-c1cnc(NCc2c(F)ccc3c2CCO3)n2cncc12,A
EED,,,,48,Cc1cc(-c2cnc(NCc3c(F)ccc4c3CCO4)n3cncc23)ccc1S(C)(=O)=O,A
EED,,,,49,Cc1nn(CCO)c(C)c1-c1cnc(NCc2c(F)ccc3c2CCO3)n2cncc12,A
EED,,,,50,Cc1ncc(-c2cnc(NCc3c(F)ccc4c3CCO4)n3cncc23)cn1,A
EED,,,,51,Fc1ccc2c(c1CNc1ncc(-c3cccnc3C(F)F)c3cncn13)CCO2,A
EED,,,,52,Fc1ccc2c(c1CNc1ncc(-c3cnccc3C(F)F)c3cncn13)CCO2,A
EED,,,,53,Cc1nn(C(C)C)cc1-c1cnc(NCc2c(F)ccc3c2CCO3)n2cncc12,A
EED,,,,54,Cc1cc(C(=O)N(C)C)ncc1-c1cnc(NCc2c(F)ccc3c2CCO3)n2cncc12,A
EED,,,,55,Fc1ccc2c(c1CNc1ncc(-c3ccc(CN4CCC4)cc3)c3cncn13)CCO2,A
EED,,,,56,Cc1nc(C(F)(F)CO)ccc1-c1cnc(NCc2c(F)ccc3c2CCO3)n2cncc12,A
EED,,,,57,Cc1nc(C(F)F)ccc1-c1cnc(NCc2c(F)ccc3c2CCO3)n2cncc12,A
EED,,,,58,Cc1c(-c2cnc(NCc3c(F)ccc4c3CCO4)n3cncc23)ccnc1CF,A
EED,,,,59,Cc1nc(C(F)(F)CN2CCCC2)ccc1-c1cnc(NCc2c(F)ccc3c2CCO3)n2cncc12,A
EED,,,,60,Fc1ccc2c(c1CNc1ncc(-c3ccc(C(F)F)nc3)c3cncn13)CCO2,A
EED,,,,61,Cc1nc(OC(C)C)ncc1-c1cnc(NCc2c(F)ccc3c2CCO3)n2cncc12,A
EED,,,,62,Cc1cn(-c2cnc(NCc3c(F)ccc4c3CCO4)n3cncc23)cn1,A
EED,,,,63,Cc1nc(C(=O)N(C)C)ccc1-c1cnc(NCc2c(F)ccc3c2CCO3)n2cncc12,A
EED,,,,64,CN(C)Cc1ccc(-c2cnc(NCc3cccc4occc34)n3cncc23)cc1,A
EED,,,,65,c1cc(CNc2ncc(-c3ccncc3)c3cncn23)c2ccoc2c1,B
EED,,,,66,c1cc(CNc2ncc(-c3ccc(N4CCNCC4)nc3)c3cncn23)c2ccoc2c1,A
EED,,,,67,CN(C)Cc1ccc(-c2cnc(NCc3c(F)ccc4occc34)n3cncc23)cc1,A
EED,,,,68,COc1cccc(F)c1CNc1ncc(-c2ccc(CN(C)C)cc2)c2cncn12,B
EED,,,,69,Cc1ncccc1-c1cnc(NCc2c(F)ccc3c2CCO3)n2cnc(C#N)c12,A
EED,,,,70,N#Cc1ncn2c(NCc3c(F)ccc4c3CCO4)ncc(Br)c12,A
EED,,,,71,N#Cc1ncn2c(NCc3c(F)ccc4c3CCO4)ncc(-c3ccc(CN4CCCC4)cc3)c12,A
EED,,,,72,Cc1ccc(-c2cnc(NCc3c(F)ccc4c3CCO4)n3cnc(C#N)c23)cn1,A
EED,,,,73,N#Cc1ncn2c(NCc3c(F)ccc4c3CCO4)ncc(-c3cccnc3C(F)F)c12,A
EED,,,,74,N#Cc1ncn2c(NCc3c(F)ccc4c3CCO4)ncc(-c3cccnc3)c12,A
EED,,,,75,Cc1ccc(-c2cnc(NCc3c(F)ccc4c3CCO4)n3cnc(C#N)c23)c(C)n1,A
EED,,,,76,CC(c1ccc(-c2cnc(NCc3c(F)ccc4c3CCO4)n3cnc(C#N)c23)cc1)N1CCCC1,A
EED,,,,77,COc1cc(C)c(-c2cnc(NCc3c(F)ccc4c3CCO4)n3cnc(C#N)c23)cn1,A
EED,,,,78,N#Cc1ncn2c(NCc3c(F)ccc4c3CCO4)ncc(-c3cccnc3CO)c12,A
EED,,,,79,CS(=O)(=O)c1ccc(-c2cnc(NCc3c(F)ccc4c3CCO4)n3cnc(C#N)c23)cn1,A
EED,,,,80,CCC(O)c1ncc(-c2cnc(NCc3c(F)ccc4c3CCO4)n3cnc(C#N)c23)c(C)n1,A
EED,,,,81,CCN1CCN(c2ccc(-c3cnc(NCc4c(F)ccc5c4CCO5)n4cnc(C#N)c34)cn2)CC1,A
EED,,,,82,N#Cc1ncn2c(NCc3c(F)ccc4c3CCO4)ncc(-c3ccc(N4CCOCC4)nc3)c12,A
EED,,,,83,Cc1nc(N2CC(C)NC(C)C2)ncc1-c1cnc(NCc2c(F)ccc3c2CCO3)n2cnc(C#N)c12,A
EED,,,,84,Cc1nc(N2CCOCC2)ncc1-c1cnc(NCc2c(F)ccc3c2CCO3)n2cnc(C#N)c12,A
EED,,,,85,Cn1cncc1-c1cnc(NCc2c(F)ccc3c2CCO3)n2cnc(C#N)c12,A
EED,,,,86,N#Cc1ncn2c(NCc3c(F)ccc4c3CCO4)ncc(-c3ccc(N4CCNCC4)nc3)c12,A
EED,,,,87,CC(=O)N1CCN(c2ccc(-c3cnc(NCc4c(F)ccc5c4CCO5)n4cnc(C#N)c34)cn2)CC1,A
EED,,,,88,Cc1nn(CCO)c(C)c1-c1cnc(NCc2c(F)ccc3c2CCO3)n2cnc(C#N)c12,A
EED,,,,89,COc1cc(CNc2ncc(-c3cccnc3C)c3c(C#N)ncn23)c(F)cc1F,A
EED,,,,90,COc1cccc(F)c1CNc1ncc(-c2cccnc2C)c2c(C#N)ncn12,B
EED,,,,91,CCOC(=O)c1ncn2c(NCc3c(F)ccc4c3CCO4)ncc(Br)c12,A
EED,,,,92,CCOC(=O)c1ncn2c(NCc3c(F)ccc4c3CCO4)ncc(-c3ccc(S(C)(=O)=O)cc3)c12,A
EED,,,,93,CCOC(=O)c1ncn2c(NCc3c(F)ccc4c3CCO4)ncc(-c3ccc(C)nc3C)c12,A
EED,,,,94,CCOC(=O)c1ncn2c(NCc3c(F)ccc4c3CCO4)ncc(-c3cnc(C)nc3C)c12,A
EED,,,,95,CCOC(=O)c1ncn2c(NCc3c(F)ccc4c3CCO4)ncc(-c3cccnc3C)c12,A
EED,,,,96,CCOC(=O)c1ncn2c(NCc3cc(OC)c(F)cc3F)ncc(-c3cccnc3C)c12,A
EED,,,,97,CCOC(=O)c1ncn2c(NCc3cc(OC)c(F)cc3F)ncc(-c3ccc(S(=O)(=O)N(C)C)cc3)c12,A
EED,,,,98,CCOC(=O)c1ncn2c(NCc3c(F)cccc3OC)ncc(-c3cnc(C)nc3C)c12,A
EED,,,,99,CCOC(=O)c1ncn2c(NCc3c(F)cccc3OC)ncc(-c3cccnc3C)c12,A
EED,,,,100,CS(=O)(=O)c1ccc(-c2cnc(NCc3c(F)ccc4c3CCO4)n3cnc(S(C)(=O)=O)c23)cc1,A
EED,,,,101,Cc1ncc(-c2cnc(NCc3c(F)ccc4c3CCO4)n3cnc(S(C)(=O)=O)c23)cn1,A
EED,,,,102,CS(=O)(=O)c1ncn2c(NCc3c(F)ccc4c3CCO4)ncc(-c3cccnc3)c12,A
EED,,,,103,CS(=O)(=O)c1ncn2c(NCc3c(F)ccc4c3CCO4)ncc(Br)c12,A
EED,,,,104,CCS(=O)(=O)c1ncn2c(NCc3c(F)ccc4c3CCO4)ncc(-c3cnc(C)nc3)c12,A
EED,,,,105,Cc1ncccc1-c1cnc(NCc2c(F)ccc3c2CCO3)n2cnc(C(=O)N(C)C)c12,A
EED,,,,106,Cc1ncccc1-c1cnc(NCc2c(F)ccc3c2CCO3)n2cnc(C(=O)NC3COC3)c12,A
EED,,,,107,Cc1ncccc1-c1cnc(NCc2c(F)ccc3c2CCO3)n2cnc(C(=O)NCCO)c12,A
EED,,,,108,Cc1ncccc1-c1cnc(NCc2c(F)ccc3c2CCO3)n2cnc(C(=O)NN)c12,A
EED,,,,109,CS(=O)(=O)c1ccc(-c2cnc(NCc3c(F)ccc4c3CCO4)n3cnc(Cl)c23)cc1,A
EED,,,,110,CS(=O)(=O)c1ccc(-c2cnc(NCc3c(F)ccc4c3CCO4)n3cnc(-c4ccccc4)c23)cc1,A
EED,,,,111,Cc1ncccc1-c1cnc(NCc2c(F)ccc3c2CCO3)n2cnc(-c3ccccc3)c12,A
EED,,,,112,Cc1ncccc1-c1ncn2c(NCc3c(F)ccc4c3CCO4)ncc(-c3ccc(S(C)(=O)=O)cc3)c12,A
EED,,,,113,Cc1ccc(-c2ncn3c(NCc4c(F)ccc5c4CCO5)ncc(-c4cnc(C)nc4C)c23)c(C)n1,A
EED,,,,114,Cc1ccc(-c2ncn3c(NCc4c(F)ccc5c4CCO5)ncc(-c4cnc(C)nc4C)c23)cn1,A
EED,,,,115,Cc1ccc(-c2ncn3c(NCc4c(F)ccc5c4CCO5)ncc(-c4cccnc4C)c23)cn1,A
EED,,,,116,Cc1ncccc1-c1cnc(NCc2c(F)ccc3c2CCO3)n2cnc(C#C[Si](C)(C)C)c12,A
EED,,,,117,CC(C)Oc1ccc(-c2ncn3c(NCc4c(F)ccc5c4CCO5)ncc(-c4ccc(S(C)(=O)=O)cc4)c23)cc1,A
EED,,,,118,CS(=O)(=O)c1ccc(-c2cnc(NCc3c(F)ccc4c3CCO4)n3cnc(-c4ncco4)c23)cc1,A
EED,,,,119,N#Cc1ncn2c(NCc3c(F)ccc4c3CCO4)ncc(-n3ccnc3)c12,A
EED,,,,120,Cc1ncccc1-c1cnc(NCc2c(F)ccc3c2CCO3)n2cnc(CO)c12,A
EED,,,CN109906224,1,COc1cccc(F)c1CNc1ccc(-c2ccnn2C)c2nncn12,A
EED,,,,2,COc1cccc(F)c1CNc1ccc(-c2cccnc2C)c2nncn12,A
EED,,,,3,COc1cccc(F)c1CNc1ccc(-c2cnc(C)nc2C)c2nncn12,A
EED,,,,4,COc1cccc(F)c1CNc1ccc(-c2cnc(CC(C)C)nc2C)c2nncn12,A
EED,,,,5,COc1cccc(F)c1CNc1ccc(-c2ccccn2)c2nncn12,A
EED,,,,6,COc1cccc(F)c1CNc1ccc(-c2ncccc2C)c2nncn12,A
EED,,,,7,COc1cccc(F)c1CNc1ccc(-n2cc(C)nc2C)c2nncn12,A
EED,,,,8,COc1cccc(F)c1CNc1ccc(-c2cncn2C)c2nncn12,A
EED,,,,9,COc1cccc(F)c1CNc1ccc(-c2nnc(C)o2)c2nncn12,A
EED,,,,10,CCc1nc(-c2ccc(NCc3c(F)cccc3OC)n3cnnc23)no1,A
EED,,,,11,COc1cccc(F)c1CNc1ccc(-c2nc(C)no2)c2nncn12,A
EED,,,,12,COc1cccc(F)c1CNc1c(F)cc(-c2cnc(C)nc2C)c2nncn12,B
EED,,,,13,COc1ccc(F)c(F)c1CNc1ccc(-c2ccc(CN(C)C)cc2)c2nncn12,A
EED,,,,14,COc1cccc(CNc2ccc(-c3ccc(CN(C)C)cc3)c3nncn23)c1,B
EED,,,,15,COc1ccccc1CNc1ccc(-c2ccc(CN(C)C)cc2)c2nncn12,A
EED,,,,16,COc1ccc(-c2ccc(NCc3ccccc3OC)n3cnnc23)cn1,A
EED,,,,17,CN(C)Cc1ccc(-c2ccc(NCc3ccccc3)n3cnnc23)cc1,B
EED,,,,18,COc1ccccc1CNc1ccc(-c2ccc(S(=O)(=O)N3CCN(C)CC3)cc2)c2nncn12,A
EED,,,,19,CN(C)Cc1ccc(-c2ccc(NCc3ccccc3OC(F)F)n3cnnc23)cc1,B
EED,,,,20,COc1ccccc1CNc1ccc(-c2cnc(N3CCN(C)CC3)c(C)c2)c2nncn12,A
EED,,,,21,COc1ccccc1CNc1ccc(-c2ccc(N3CCN(C)CC3)nc2)c2nncn12,B
EED,,,,22,COc1ccccc1CNc1ccc(-c2ccc(N3CCN(C)CC3)cc2)c2nncn12,A
EED,,,,23,COc1ccccc1CNc1ccc(-c2ccccc2)c2nncn12,B
EED,,,,24,COc1ccccc1CNc1ccc(-c2ccncc2)c2nncn12,A
EED,,,,25,COc1ccccc1CNc1ccc(-c2ccc(S(C)(=O)=O)cc2)c2nncn12,A
EED,,,,26,COc1ccccc1CNc1ccc(-c2ccnnc2)c2nncn12,A
EED,,,,27,COc1ccccc1CNc1ccc(-c2cccnc2)c2nncn12,A
EED,,,,28,COc1ccccc1CNc1ccc(-c2cccc(CN(C)C)c2)c2nncn12,A
EED,,,,29,COc1ccccc1CNc1ccc(-c2ccc(CN3CCC3)cc2)c2nncn12,A
EED,,,,30,COc1ccccc1CNc1ccc(-c2ccc(CN3CCOCC3)cc2)c2nncn12,A
EED,,,,31,Cc1ccccc1CNc1ccc(-c2ccc(CN(C)C)cc2)c2nncn12,B
EED,,,,32,COc1ccccc1CNc1ccc(-c2ccc(C(C)N3CCCC3)cc2)c2nncn12,A
EED,,,,33,COc1cc(F)ccc1CNc1ccc(-c2ccc(CN(C)C)cc2)c2nncn12,A
EED,,,,34,COc1ccccc1CNc1ccc(-c2ccc(S(=O)(=O)N(C)C)cc2)c2nncn12,A
EED,,,,35,CN(C)Cc1ccc(-c2ccc(NCc3cccc(F)c3)n3cnnc23)cc1,C
EED,,,,36,CN(C)Cc1ccc(-c2ccc(NCc3ccccc3F)n3cnnc23)cc1,C
EED,,,,37,CN(C)Cc1ccc(-c2ccc(NCc3ccc(F)cc3)n3cnnc23)cc1,C
EED,,,,38,COc1ccccc1CNc1ccc(-c2ccc(CN3CCOCC3)nc2)c2nncn12,A
EED,,,,39,COc1ccccc1CNc1ccc(-c2ccc(CN3CCN(C)CC3)cc2)c2nncn12,A
EED,,,,40,COc1ccccc1CNc1ccc(-c2ccc(C[N+](C)(C)[O-])cc2)c2nncn12,A
EED,,,,41,COc1ccccc1CNc1ccc(-c2ccc(C(=O)N(C)C)cc2)c2nncn12,A
EED,,,,42,COc1ccccc1CNc1ccc(-c2ccc(C(=O)N3CCCC3)cc2)c2nncn12,A
EED,,,,43,COc1ccccc1CNc1ccc(-c2cc(F)c(CN(C)C)c(F)c2)c2nncn12,A
EED,,,,44,COc1ccccc1CNc1ccc(-c2cc(F)c(CN3CCCCC3)c(F)c2)c2nncn12,A
EED,,,,45,COc1cccc(F)c1CNc1ccc(-c2ccc(CN(C)C)cc2)c2nncn12,A
EED,,,,46,COc1ccccc1CNc1ccc(-c2ccccc2C)c2nncn12,B
EED,,,,47,COc1ccccc1CNc1ccc(-c2ccccc2F)c2nncn12,A
EED,,,,48,CN(C)Cc1ccc(-c2ccc(NCc3cccnc3)n3cnnc23)cc1,C
EED,,,,49,COc1ccc(F)c(CNc2ccc(-c3ccc(CN(C)C)cc3)c3nncn23)c1,B
EED,,,,50,COc1ccccc1CNc1ccc(-c2cnc(OC)c(F)c2)c2nncn12,A
EED,,,,51,COc1cncc(-c2ccc(NCc3ccccc3OC)n3cnnc23)c1,B
EED,,,,52,COc1ncc(-c2ccc(NCc3ccccc3OC)n3cnnc23)cn1,A
EED,,,,53,COc1ccccc1CNc1ccc(-c2ccc(S(=O)(=O)C3CCNCC3)cc2)c2nncn12,A
EED,,,,54,COc1ccccc1CNc1ccc(-c2ccc(CN3CC(F)(F)C3)cc2)c2nncn12,A
EED,,,,55,COc1ccccc1CNc1ccc(-c2ccc(CN3CCCC3=O)cc2)c2nncn12,A
EED,,,,56,CCS(=O)(=O)c1ccc(-c2ccc(NCc3ccccc3OC)n3cnnc23)cc1,A
EED,,,,57,COc1ccccc1CNc1ccc(-c2ccc(S(=O)(=O)C(C)C)cc2)c2nncn12,A
EED,,,,58,COc1ccccc1CNc1ccc(-c2cncnc2)c2nncn12,A
EED,,,,59,COc1cc(-c2ccc(NCc3ccccc3OC)n3cnnc23)ccn1,A
EED,,,,60,COc1ccccc1CNc1ccc(-c2ccc(CN3CCCC3)cc2)c2nncn12,A
EED,,,,61,COc1ccccc1CNc1ccc(-c2ccc(S(C)(=O)=O)nc2)c2nncn12,A
EED,,,,62,COc1ccccc1CNc1ccc(-c2c(C)noc2C)c2nncn12,A
EED,,,,63,COc1ccccc1CNc1ccc(-c2ccc(C(C)=O)cc2)c2nncn12,A
EED,,,,64,COc1ccccc1CNc1ccc(-c2ccc(C(N)=O)c(Cl)c2)c2nncn12,A
EED,,,,65,COc1ccccc1CNc1ccc(-c2ccc(N3CCOCC3)c(Cl)c2)c2nncn12,C
EED,,,,66,COc1ccccc1CNc1ccc(-c2ccc(CN3CC(F)C3)cc2)c2nncn12,A
EED,,,,67,COc1ccccc1CNc1ccc(-c2ccnc(N3CCN(C)CC3)c2)c2nncn12,A
EED,,,,68,COc1ccccc1CNc1ccc(-c2ccc(S(=O)(=O)N3CCCC3)cc2)c2nncn12,A
EED,,,,69,CCN1CCN(c2ccc(-c3ccc(NCc4ccccc4OC)n4cnnc34)cn2)CC1,A
EED,,,,70,COc1ccccc1CNc1ccc(-c2ccc(CN(C)C)cc2F)c2nncn12,A
EED,,,,71,COc1ccccc1CNc1ccc(-c2ccc(C(=O)N(C)C)cc2F)c2nncn12,A
EED,,,,72,COc1ccccc1CNc1ccc(-c2ccc(C(N)=O)cc2)c2nncn12,A
EED,,,,73,COc1ccccc1CNc1ccc(-c2ccc(S(N)(=O)=O)cc2)c2nncn12,A
EED,,,,74,COc1ccccc1CNc1ccc(-c2ccc(-c3nn[nH]n3)cc2)c2nncn12,B
EED,,,,75,COc1ccccc1CNc1ccc(-c2cnc(N3CCN(C)CC3)c(Cl)c2)c2nncn12,B
EED,,,,76,COc1ccccc1CNc1ccc(-c2ccc(Cn3ccnc3)cc2)c2nncn12,A
EED,,,,77,COc1ccccc1CNc1ccc(-c2ccc(N3CCN(C(C)C)CC3)cc2)c2nncn12,A
EED,,,,78,COc1cccc(F)c1CNc1ccc(-c2ccc(S(C)(=O)=O)cc2)c2nncn12,A
EED,,,,79,COc1cccc(F)c1CNc1ccc(-c2ccc(S(=O)(=O)N(C)C)cc2)c2nncn12,B
EED,,,,80,COc1ccccc1CNc1ccc(-c2ccc(NC(C)=O)cc2)c2nncn12,B
EED,,,,81,COc1ccc(F)cc1CNc1ccc(-c2ccc(CN(C)C)cc2)c2nncn12,B
EED,,,,82,COc1ccccc1CNc1ccc(-c2ccc(NS(C)(=O)=O)cc2)c2nncn12,A
EED,,,,83,COc1cc(F)ccc1CNc1ccc(-c2ccc(S(C)(=O)=O)cc2)c2nncn12,A
EED,,,,84,COc1cc(F)ccc1CNc1ccc(-c2ccc(S(=O)(=O)N(C)C)cc2)c2nncn12,B
EED,,,,85,COc1cc(F)ccc1CNc1ccc(-c2ccc(NS(C)(=O)=O)cc2)c2nncn12,B
EED,,,,86,COc1c(F)cccc1CNc1ccc(-c2ccc(CN(C)C)cc2)c2nncn12,B
EED,,,,87,COc1ccccc1CNc1ccc(-c2ccc(N3CCN(C(C)C)CC3)nc2)c2nncn12,A
EED,,,,88,COc1cc(F)ccc1CNc1ccc(-c2ccc(N3CCN(C(C)C)CC3)nc2)c2nncn12,B
EED,,,,89,COc1cc(F)ccc1CNc1ccc(-c2ccc(S(N)(=O)=O)cc2)c2nncn12,B
EED,,,,90,COc1cc(F)ccc1CNc1ccc(-c2cnc(N3CCN(C(C)C)CC3)c(C(F)(F)F)c2)c2nncn12,B
EED,,,,91,COc1ccccc1CNc1ccc(-c2ccnc(C)c2)c2nncn12,A
EED,,,,92,COc1cc(F)ccc1CNc1ccc(-c2ccncc2)c2nncn12,B
EED,,,,93,COc1cc(F)ccc1CNc1ccc(-c2cccnc2)c2nncn12,B
EED,,,,94,COc1ccccc1CNc1ccc(-c2cccc(CCN(C)C)c2)c2nncn12,A
EED,,,,95,COc1ccccc1CNc1ccc(-c2cncc(S(C)(=O)=O)c2)c2nncn12,B
EED,,,,96,COc1cc(F)ccc1CNc1ccc(-c2ccc(C(=O)N3CCCC3)cc2)c2nncn12,B
EED,,,,97,COc1cc(F)ccc1CNc1ccc(-c2cnc(N3CCN(C(C)C)CC3)c(Cl)c2)c2nncn12,B
EED,,,,98,COc1cc(CNc2ccc(-c3ccc(CN(C)C)cc3)c3nncn23)c(F)cc1F,B
EED,,,,99,COc1ccc(F)c(CNc2ccc(-c3ccncc3)c3nncn23)c1,B
EED,,,,100,COc1cccc(F)c1CNc1ccc(-c2ccc(S(N)(=O)=O)cc2)c2nncn12,A
EED,,,,101,COc1ccccc1CNc1ccc(-c2ccc(S(=O)(=O)NCCO)cc2)c2nncn12,A
EED,,,,102,COc1ccccc1CNc1ccc(-c2ccc(S(C)=O)cc2)c2nncn12,A
EED,,,,103,COc1cc(F)c(F)cc1CNc1ccc(-c2ccc(CN(C)C)cc2)c2nncn12,C
EED,,,,104,COc1cc(F)ccc1CNc1ccc(-c2cnc(N3CCN(C(C)C)CC3)nc2)c2nncn12,B
EED,,,,105,COc1cccc(F)c1CNc1ccc(-c2ccc(NS(C)(=O)=O)cc2)c2nncn12,A
EED,,,,106,COc1cccc(F)c1CNc1ccc(-c2ccc(NS(C)(=O)=O)c(F)c2)c2nncn12,A
EED,,,,107,COc1cccc(F)c1CNc1ccc(-c2ccc(C(=O)N3CCCC3)cc2)c2nncn12,A
EED,,,,108,COc1cccc(F)c1CNc1ccc(-c2cnc(N3CCN(C(C)C)CC3)c(C(F)(F)F)c2)c2nncn12,A
EED,,,,109,COc1cccc(F)c1CNc1ccc(-c2cnc(N3CCN(C(C)C)CC3)c(Cl)c2)c2nncn12,A
EED,,,,110,COc1ccccc1CNc1ccc(-c2c(C)nn(C)c2C)c2nncn12,B
EED,,,,111,COc1ccccc1CNc1ccc(-c2ccc(C)nc2)c2nncn12,A
EED,,,,112,COc1cccc(F)c1CNc1ccc(-c2ccc(S(C)(=O)=O)nc2)c2nncn12,A
EED,,,,113,COc1cccc(F)c1CNc1ccc(-c2ccncc2)c2nncn12,A
EED,,,,114,COc1cccc(F)c1CNc1ccc(-c2cccnc2)c2nncn12,A
EED,,,,115,COc1ccc(F)cc1CNc1ccc(-c2ccc(S(C)(=O)=O)nc2)c2nncn12,B
EED,,,,116,COc1ccc(F)cc1CNc1ccc(-c2ccc(S(C)(=O)=O)cc2)c2nncn12,B
EED,,,,117,COc1ccc(F)cc1CNc1ccc(-c2ccncc2)c2nncn12,B
EED,,,,118,COc1ccc(F)cc1CNc1ccc(-c2cccnc2)c2nncn12,C
EED,,,,119,COc1c(F)cccc1CNc1ccc(-c2ccc(S(C)(=O)=O)cc2)c2nncn12,B
EED,,,,120,COc1ccc(F)c(CNc2ccc(-c3ccc(S(C)(=O)=O)cc3)c3nncn23)c1,B
EED,,,,121,COc1ccc(F)c(CNc2ccc(-c3cccnc3)c3nncn23)c1,B
EED,,,,122,COc1ccc(F)c(CNc2ccc(-c3ccc(S(C)(=O)=O)nc3)c3nncn23)c1,B
EED,,,,123,COc1ccccc1CNc1ccc(-c2ccc(CCN(C)C)cc2)c2nncn12,A
EED,,,,124,COc1cccc(F)c1CNc1ccc(-c2c(C)nn(C)c2C)c2nncn12,A
EED,,,,125,COc1cccc(F)c1CNc1ccc(-c2cnn(C)c2)c2nncn12,B
EED,,,,126,COc1cccc(F)c1CNc1ccc(-c2ccc(S(=O)(=O)NCCO)cc2)c2nncn12,A
EED,,,,127,COc1ccccc1CNc1ccc(-c2ccc(S(=O)(=O)C(C)C)nc2)c2nncn12,A
EED,,,,128,COc1ccccc1CNc1ccc(-c2ccc(S(=O)(=O)C3CCN(C)CC3)cc2)c2nncn12,A
EED,,,,129,COc1cc(F)ccc1CNc1ccc(-c2ccc(NS(C)(=O)=O)c(F)c2)c2nncn12,B
EED,,,,130,COc1cccc(F)c1CNc1ccc(-c2ccc(N3CCN(C(C)C)CC3)nc2)c2nncn12,A
EED,,,,131,COc1cccc(F)c1CNc1ccc(-c2cnc(N3CCN(C(C)C)CC3)nc2)c2nncn12,A
EED,,,,132,COc1cccc(F)c1CNc1ccc(-c2ccc(S(=O)(=O)C3CCNCC3)cc2)c2nncn12,A
EED,,,,133,COc1cccc(F)c1CNc1ccc(-c2ccc(S(=O)(=O)C3CCN(C)CC3)cc2)c2nncn12,A
EED,,,,134,COc1cc(F)ccc1CNc1ccc(-c2ccc(S(C)(=O)=O)nc2)c2nncn12,B
EED,,,,135,COc1ccc(F)cc1CNc1ccc(-c2ccc(S(=O)(=O)C3CCN(C)CC3)cc2)c2nncn12,B
EED,,,,136,COc1c(F)cccc1CNc1ccc(-c2ccc(S(C)(=O)=O)nc2)c2nncn12,C
EED,,,,137,COc1c(F)cccc1CNc1ccc(-c2ccncc2)c2nncn12,B
EED,,,,138,COc1c(F)cccc1CNc1ccc(-c2ccc(S(=O)(=O)C3CCN(C)CC3)cc2)c2nncn12,C
EED,,,,139,COc1cccc(F)c1CNc1ccc(-c2c(C)noc2C)c2nncn12,A
EED,,,,140,COc1cccc(F)c1CNc1ccc(-c2cncc(S(C)(=O)=O)c2)c2nncn12,A
EED,,,,141,COc1cccc(F)c1CNc1ccc(-c2cnc(N(C)C)nc2)c2nncn12,B
EED,,,,142,COc1cccc(F)c1CNc1ccc(-c2cccc(S(C)(=O)=O)c2)c2nncn12,A
EED,,,,143,CCN1CCC(S(=O)(=O)c2ccc(-c3ccc(NCc4ccccc4OC)n4cnnc34)cn2)CC1,A
EED,,,,144,COc1c(F)cccc1CNc1ccc(-c2cccnc2)c2nncn12,C
EED,,,,145,COc1cccc(F)c1CNc1ccc(-c2cnn(CCO)c2)c2nncn12,B
EED,,,,146,COc1c(F)cc(F)cc1CNc1ccc(-c2ccc(CN(C)C)cc2)c2nncn12,C
EED,,,,147,COc1cccc(F)c1CNc1ccc(-c2cncnc2)c2nncn12,A
EED,,,,148,COc1cncc(-c2ccc(NCc3c(F)cccc3OC)n3cnnc23)c1,A
EED,,,,149,CCN1CCC(S(=O)(=O)c2ccc(-c3ccc(NCc4c(F)cccc4OC)n4cnnc34)cn2)CC1,A
EED,,,,150,COc1cccc(F)c1CNc1ccc(-c2cnccc2C)c2nncn12,A
EED,,,,151,COc1cccc(F)c1CNc1ccc(-c2ccc(O)nc2)c2nncn12,A
EED,,,,152,CCN1CCN(c2ccc(-c3ccc(NCc4ccccc4OC)n4cnnc34)cc2)CC1,A
EED,,,,153,COc1cc(F)ccc1CNc1ccc(-c2ccc(S(=O)(=O)C3CCN(C)CC3)cc2)c2nncn12,B
EED,,,,154,COc1cccc(F)c1CNc1ccc(-c2ccc(N(C)S(C)(=O)=O)cc2)c2nncn12,A
EED,,,,155,COc1ccc(F)c(CNc2ccc(-c3ccc(S(=O)(=O)C4CCN(C)CC4)cc3)c3nncn23)c1,B
EED,,,,156,COc1cc(CNc2ccc(-c3ccc(CN(C)C)cc3)c3nncn23)ccc1F,C
EED,,,,157,COc1cccc(F)c1CNc1ccc(-c2ccc(OCCO)cc2)c2nncn12,A
EED,,,,158,COc1cccc(F)c1CNc1ccc(-c2cncc(F)c2)c2nncn12,A
EED,,,,159,COc1cccc(F)c1CNc1ccc(-c2ccc(F)nc2)c2nncn12,A
EED,,,,160,COc1cccc(F)c1CNc1ccc(-c2cnc(S(C)(=O)=O)c(C)c2)c2nncn12,A
EED,,,,161,COc1cccc(F)c1CNc1ccc(-c2cnc(C)nc2)c2nncn12,A
EED,,,,162,COc1cc(F)cc(F)c1CNc1ccc(-c2ccc(CN(C)C)cc2)c2nncn12,A
EED,,,,163,COc1cccc(F)c1CNc1ccc(-c2ccc(N(C)S(C)(=O)=O)nc2)c2nncn12,A
EED,,,,164,COc1cccc(F)c1CNc1ccc(-c2ccc(C)nc2)c2nncn12,A
EED,,,,165,COc1cccc(F)c1CNc1ccc(-c2cncc(C)c2)c2nncn12,A
EED,,,,166,COc1cccc(F)c1CNc1ccc(-c2cccnc2F)c2nncn12,A
EED,,,,167,COc1cccc(F)c1CNc1ccc(-c2cncc(N3CCCC3=O)c2)c2nncn12,A
EED,,,,168,COc1ccccc1CNc1ccc(-c2ccc(N3CC(C)N(C)CC3C)nc2)c2nncn12,A
EED,,,,169,COc1cccc(F)c1CNc1ccc(-c2ccc(OCCS(C)(=O)=O)cc2)c2nncn12,A
EED,,,,170,COc1cccc(F)c1CNc1ccc(-c2c(C)nn(CCO)c2C)c2nncn12,A
EED,,,,171,COc1cc(F)cc(CNc2ccc(-c3ccc(CN(C)C)cc3)c3nncn23)c1,B
EED,,,,172,COc1cccc(F)c1CNc1ccc(-c2ccc(N3CCOCC3)nc2)c2nncn12,A
EED,,,,173,COc1ccc(-c2ccc(NCc3c(F)cccc3OC)n3cnnc23)cn1,A
EED,,,,174,COc1cccc(F)c1CNc1ccc(-c2ccc(N(C)C)nc2)c2nncn12,A
EED,,,,175,COc1cccc(F)c1CNc1ccc(-c2ccnc(CCO)c2)c2nncn12,A
EED,,,,176,COc1cccc(F)c1CNc1ccc(-c2cccnc2OC)c2nncn12,A
EED,,,,177,COc1cccc(F)c1CNc1ccc(-c2ccc(S(C)(=O)=O)cc2F)c2nncn12,A
EED,,,,178,COc1cccc(F)c1CNc1ccc(-c2ccc(C(=O)N(C)C)cc2F)c2nncn12,A
EED,,,,179,COc1cccc(F)c1CNc1ccc(-c2ccc(S(=O)(=O)C3CCNCC3)nc2)c2nncn12,A
EED,,,,180,COc1ccccc1CNc1ccc(-c2ccc(N3CCN(C)CC3C)nc2)c2nncn12,A
EED,,,,181,COc1cccc(F)c1CNc1ccc(-c2cnccc2F)c2nncn12,A
EED,,,,182,CNC(=O)c1cncc(-c2ccc(NCc3c(F)cccc3OC)n3cnnc23)c1,A
EED,,,,183,COc1cccc(F)c1CNc1ccc(-c2ccc(CCO)nc2)c2nncn12,A
EED,,,,184,COc1cccc(F)c1CNc1ccc(-c2cnc(S(C)(=O)=O)cc2C)c2nncn12,A
EED,,,,185,COc1cccc(F)c1CNc1ccc(-c2ccc(S(C)(=O)=O)nc2C)c2nncn12,A
EED,,,,186,COc1cccc(F)c1CNc1ccc(-c2cn(C)nc2C)c2nncn12,A
EED,,,,187,COc1cccc(F)c1CNc1ccc(-c2c(C)n[nH]c2C)c2nncn12,A
EED,,,,188,COc1cccc(F)c1CNc1ccc(-c2cnn(C)c2C)c2nncn12,A
EED,,,,189,COc1cccc(F)c1CNc1ccc(-c2c[nH]nc2C)c2nncn12,A
EED,,,,190,COc1ccncc1-c1ccc(NCc2c(F)cccc2OC)n2cnnc12,A
EED,,,,191,COc1ccccc1-c1ccc(NCc2c(F)cccc2OC)n2cnnc12,B
EED,,,,192,COc1cccc(F)c1CNc1ccc(-c2ccccc2Cl)c2nncn12,A
EED,,,,193,COc1cccc(F)c1CNc1ccc(-c2ccccc2C(F)(F)F)c2nncn12,B
EED,,,,194,COc1cccc(F)c1CNc1ccc(-c2ccc(C(=O)N(C)C)nc2)c2nncn12,A
EED,,,,195,COc1cccc(F)c1CNc1ccc(-c2cncc(C(=O)N(C)C)c2)c2nncn12,A
EED,,,,196,COc1cccc(F)c1CNc1ccc(-c2ccc(NC(C)=O)nc2)c2nncn12,A
EED,,,,197,COc1cccc(F)c1CNc1ccc(-c2cncc(C(C)O)c2)c2nncn12,B
EED,,,,198,COc1cccc(F)c1CNc1ccc(-c2cncc(OCCCS(C)(=O)=O)c2)c2nncn12,A
EED,,,,199,COc1cccc(F)c1CNc1ccc(-c2cncc(C3=NC(C)(C)CO3)c2)c2nncn12,A
EED,,,,200,COc1cccc(F)c1CNc1ccc(-c2cc(F)c(N)c(F)c2)c2nncn12,A
EED,,,,201,COc1cccc(F)c1CNc1ccc(-c2ccc(F)cc2C)c2nncn12,A
EED,,,,202,COc1cccc(F)c1CNc1ccc(-c2cnccc2C(F)(F)F)c2nncn12,B
EED,,,,203,COCc1cncc(-c2ccc(NCc3c(F)cccc3OC)n3cnnc23)c1,A
EED,,,,204,COc1cccc(F)c1CNc1ccc(-c2cncc(OCCS(C)(=O)=O)c2)c2nncn12,B
EED,,,,205,COc1cccc(F)c1CNc1ccc(-c2ccc(C(C)O)nc2)c2nncn12,A
EED,,,,206,COc1cccc(F)c1CNc1ccc(-c2ccc(C(=O)N(C)C)cc2)c2nncn12,A
EED,,,,207,COc1cccc(F)c1CNc1ccc(-c2cncc(O)c2)c2nncn12,A
EED,,,,208,COc1cccc(F)c1CNc1ccc(-c2cc(F)c(N)cc2F)c2nncn12,B
EED,,,,210,COc1cccc(F)c1CNc1ccc(-c2cnn(C3CC3)c2)c2nncn12,A
EED,,,,211,COc1cccc(F)c1CNc1ccc(-c2ccccc2C)c2nncn12,B
EED,,,,212,COc1cccc(F)c1CNc1ccc(-c2cnn(C3CCOCC3)c2)c2nncn12,A
EED,,,,213,COc1cccc(F)c1CNc1ccc(-c2cccnc2Cl)c2nncn12,A
EED,,,,214,CO/N=C(\C)c1ccc(-c2ccc(NCc3c(F)cccc3OC)n3cnnc23)cn1,A
EED,,,,215,COc1cccc(F)c1CNc1ccc(-c2ccc(N3CCCC3=O)nc2)c2nncn12,A
EED,,,,216,COc1cccc(F)c1CNc1ccc(-c2cncc(C(C)(C)O)c2)c2nncn12,A
EED,,,,217,CNC(=O)Cc1cncc(-c2ccc(NCc3c(F)cccc3OC)n3cnnc23)c1,A
EED,,,,218,COc1cccc(F)c1CNc1ccc(-c2c(C)ccnc2F)c2nncn12,A
EED,,,,219,COc1cccc(F)c1CNc1ccc(-c2cncc(F)c2C)c2nncn12,A
EED,,,,220,COc1cc(F)cc(F)c1CNc1ccc(-c2cccnc2)c2nncn12,A
EED,,,,221,COc1cccc(F)c1CNc1ccc(-c2cncnc2C)c2nncn12,A
EED,,,,222,COc1cccc(F)c1CNc1ccc(-c2ccc(F)nc2C)c2nncn12,A
EED,,,,223,COc1cccc(F)c1CNc1ccc(-c2cc(F)ccc2C)c2nncn12,A
EED,,,,224,COc1cccc(F)c1CNc1ccc(-c2ccc(Cl)cc2Cl)c2nncn12,B
EED,,,,225,COc1cccc(F)c1CNc1ccc(-c2cnn(C3CCNCC3)c2)c2nncn12,A
EED,,,,226,COc1cccc(F)c1CNc1ccc(-c2cnn(CCN3CCOCC3)c2)c2nncn12,A
EED,,,,227,COc1cc(F)cc(F)c1CNc1ccc(-c2c(C)noc2C)c2nncn12,A
EED,,,,228,COc1cc(F)cc(F)c1CNc1ccc(-c2ccncc2)c2nncn12,A
EED,,,,229,COc1cccc(F)c1CNc1ccc(-c2ccc(S(C)(=O)=O)cc2C)c2nncn12,A
EED,,,,230,COc1cccc(F)c1CNc1ccc(-c2ccncc2C)c2nncn12,A
EED,,,,231,COc1cccc(F)c1CNc1ccc(-c2ccc(C(=O)N(C)C)cc2C)c2nncn12,A
EED,,,,232,COc1cccc(F)c1CNc1ccc(-c2ccnn2C(C)C)c2nncn12,A
EED,,,,233,CCn1nccc1-c1ccc(NCc2c(F)cccc2OC)n2cnnc12,A
EED,,,,234,COc1cccc(F)c1CNc1ccc(-c2ccc(CCC(=O)N(C)C)nc2)c2nncn12,A
EED,,,,235,COc1cc(F)cc(F)c1CNc1ccc(-c2ccc(S(C)(=O)=O)cc2)c2nncn12,A
EED,,,,236,COc1cccc(F)c1CNc1ccc(-c2cnccc2Cl)c2nncn12,A
EED,,,,237,COc1cccc(F)c1CNc1ccc(-c2cccnc2C(F)(F)F)c2nncn12,A
EED,,,,238,COc1cccc(F)c1CNc1ccc(-c2ccccc2CO)c2nncn12,A
EED,,,,239,COc1cc(F)cc(F)c1CNc1ccc(-c2cccnc2C)c2nncn12,A
EED,,,,240,COc1cc(F)cc(F)c1CNc1ccc(-c2cnc(S(C)(=O)=O)cc2C)c2nncn12,A
EED,,,,241,COc1cc(F)cc(F)c1CNc1ccc(-c2ccc(S(C)(=O)=O)nc2C)c2nncn12,A
EED,,,,242,COc1ccc(F)c(F)c1CNc1ccc(-c2cccnc2)c2nncn12,B
EED,,,,243,COc1ccc(F)c(F)c1CNc1ccc(-c2ccncc2)c2nncn12,B
EED,,,,244,COc1ccc(F)c(F)c1CNc1ccc(-c2ccc(S(C)(=O)=O)cc2)c2nncn12,B
EED,,,,245,COc1cccc(F)c1CNc1ccc(-c2c(C)nn(C(C)C)c2C)c2nncn12,A
EED,,,,246,COC(=O)N1CCC(n2cc(-c3ccc(NCc4c(F)cccc4OC)n4cnnc34)cn2)CC1,A
EED,,,,247,COc1cccc(F)c1CNc1ccc(-c2cn(C)nc2C(F)(F)F)c2nncn12,A
EED,,,,248,COc1cccc(F)c1CNc1ccc(-c2cnc(F)cc2C)c2nncn12,A
EED,,,,249,COc1cccc(F)c1CNc1ccc(-c2ccc(C)nc2C)c2nncn12,A
EED,,,,250,COc1cccc(F)c1CNc1ccc(-c2ccc(C#N)nc2C)c2nncn12,A
EED,,,,251,COc1cccc(F)c1CNc1ccc(-c2cnc(C#N)cc2C)c2nncn12,A
EED,,,,252,COc1cccc(F)c1CNc1ccc(-c2cnc(C(=O)N(C)C)cc2C)c2nncn12,A
EED,,,,253,COc1cc(F)cc(F)c1CNc1ccc(-c2cnccc2C)c2nncn12,A
EED,,,,254,CCc1ccccc1-c1ccc(NCc2c(F)cccc2OC)n2cnnc12,B
EED,,,,255,COc1cccc(F)c1CNc1ccc(-c2cn(C(C)C)nc2C(F)(F)F)c2nncn12,B
EED,,,,256,COc1cccc(F)c1CNc1ccc(-c2ccc(CNC(C)=O)nc2)c2nncn12,A
EED,,,,257,COc1cccc(F)c1CNc1ccc(-c2ccccc2C(C)C)c2nncn12,B
EED,,,,258,COc1cccc(F)c1CNc1ccc(-c2cnccc2C(F)F)c2nncn12,A
EED,,,,259,COc1cccc(F)c1CNc1ccc(-c2ccncc2Cl)c2nncn12,A
EED,,,,260,COc1cccc(F)c1CNc1ccc(-c2cnc(N(C)C)nc2C)c2nncn12,A
EED,,,,261,COc1cccc(F)c1CNc1ccc(-c2cnc(N3CCOCC3)nc2C)c2nncn12,A
EED,,,,262,COc1cccc(F)c1CNc1ccc(-c2cnc(N3CCOCC3)cc2C)c2nncn12,A
EED,,,,263,COc1cccc(F)c1CNc1ccc(-c2ccc(Cl)nc2C)c2nncn12,A
EED,,,,264,COc1cccc(F)c1CNc1ccc(-c2ccnc(C(F)(F)F)c2)c2nncn12,A
EED,,,,265,COc1cccc(F)c1CNc1ccc(-c2cccnc2C(F)F)c2nncn12,A
EED,,,,266,COc1cccc(F)c1CNc1ccc(-c2ccc(N3CCOCC3)nc2C)c2nncn12,A
EED,,,,267,COc1cccc(F)c1CNc1ccc(-c2cnc(Cl)cc2C)c2nncn12,A
EED,,,,268,COc1cccc(F)c1CNc1ccc(-c2cnc(C)cc2C)c2nncn12,A
EED,,,,269,COc1cccc(F)c1CNc1ccc(-c2ccc(C(=O)N(C)C)nc2C)c2nncn12,A
EED,,,,270,COc1cccc(F)c1CNc1ccc(-c2cnc(C3CC3)cc2C)c2nncn12,A
EED,,,,271,CCc1cc(S(C)(=O)=O)ccc1-c1ccc(NCc2c(F)cccc2OC)n2cnnc12,A
EED,,,,272,CCc1ccncc1-c1ccc(NCc2c(F)cccc2OC)n2cnnc12,A
EED,,,,273,COc1cccc(F)c1CNc1ccc(-c2cncnc2C(C)C)c2nncn12,A
EED,,,,274,COc1cccc(F)c1CNc1ccc(-c2c(C)nn(CC(C)O)c2C)c2nncn12,A
EED,,,,275,COc1cccc(F)c1CNc1ccc(-c2c(C)nn(C3CC3)c2C)c2nncn12,A
EED,,,,276,COc1cccc(F)c1CNc1ccc(-c2ccnc(F)c2C)c2nncn12,A
EED,,,,277,COc1cccc(F)c1CNc1ccc(-c2ccnc(C(F)F)c2C)c2nncn12,A
EED,,,,278,COc1cccc(F)c1CNc1ccc(-c2ccnc(CF)c2C)c2nncn12,A
EED,,,,279,COc1cccc(F)c1CNc1ccc(-c2cc(F)ncc2C)c2nncn12,A
EED,,,,280,CCc1ncncc1-c1ccc(NCc2c(F)cccc2OC)n2cnnc12,A
EED,,,,281,COc1cccc(F)c1CNc1ccc(-c2cc(C(F)(F)F)ncc2C)c2nncn12,A
EED,,,,282,COc1cccc(F)c1CNc1ccc(-c2cn(C(C)C)nc2C)c2nncn12,A
EED,,,,283,CCc1ncccc1-c1ccc(NCc2c(F)cccc2OC)n2cnnc12,A
EED,,,,284,COc1cccc(F)c1CNc1ccc(-c2cnc(C3CC3)nc2C)c2nncn12,A
EED,,,,285,COc1cc(CNc2ccc(-c3cccnc3C)c3nncn23)c(F)cc1F,B
EED,,,,286,COc1ccc(F)c(F)c1CNc1ccc(-c2cccnc2C)c2nncn12,B
EED,,,,287,COc1cccc(F)c1CNc1ccc(-c2ccnc(C)c2C)c2nncn12,A
EED,,,,288,COc1cccc(F)c1CNc1ccc(-c2cc(C)nn2C)c2nncn12,A
EED,,,,289,COc1cccc(F)c1CNc1ccc(-c2cnn(C(C)C)c2C)c2nncn12,A
EED,,,,290,COc1cccc(F)c1CNc1ccc(-c2cncnc2C(F)F)c2nncn12,A
EED,,,,291,COc1ccc(F)c(CNc2ccc(-c3cccnc3C)c3nncn23)c1,B
EED,,,,292,COc1cccc(F)c1CNc1ccc(-c2ccnn2C2CC2)c2nncn12,A
EED,,,,293,COc1cccc(F)c1CNc1ccc(-c2ccc(S(C)(=O)=O)nc2C(F)F)c2nncn12,A
EED,,,,294,COc1cccc(F)c1CNc1ccc(-c2cccnc2CF)c2nncn12,A
EED,,,,295,COc1cc(F)cc(F)c1CNc1ccc(-c2ccc(C(=O)N(C)C)cc2C)c2nncn12,A
EED,,,,296,COc1cc(F)cc(F)c1CNc1ccc(-c2ccnn2C)c2nncn12,A
EED,,,,297,COc1cc(F)cc(F)c1CNc1ccc(-c2ccncc2C)c2nncn12,A
EED,,,,298,CCc1ncccc1-c1ccc(NCc2c(F)cc(F)cc2OC)n2cnnc12,A
EED,,,,299,COc1cc(F)cc(F)c1CNc1ccc(-c2cncnc2C)c2nncn12,A
EED,,,,300,COc1cc(F)cc(F)c1CNc1ccc(-c2cnc(C)nc2C)c2nncn12,A
EED,,,,301,COc1cccc(F)c1CNc1ccc(-c2cnc(S(C)(=O)=O)cc2C(F)F)c2nncn12,A
EED,,,,302,COc1cc(F)cc(F)c1CNc1ccc(-c2cccnc2C(F)F)c2nncn12,A
EED,,,,303,COc1cccc(F)c1CNc1ccc(-c2cccnc2CO)c2nncn12,A
EED,,,,304,COc1cccc(F)c1CNc1ccc(-c2cnc(OC(F)F)cc2C)c2nncn12,A
EED,,,,305,COc1cccc(F)c1CNc1ccc(-c2cc(C)ncc2C)c2nncn12,A
EED,,,,306,COc1cccc(F)c1CNc1ccc(-c2cc(C(F)F)ncc2C)c2nncn12,A
EED,,,,307,CCc1ccncc1-c1ccc(NCc2c(F)cc(F)cc2OC)n2cnnc12,B
EED,,,,308,COc1cc(C)c(-c2ccc(NCc3c(F)cccc3OC)n3cnnc23)cn1,A
EED,,,,309,COc1cccc(F)c1CNc1ccc(-c2ccc(O)nc2C)c2nncn12,A
EED,,,,310,COc1ccc(-c2ccc(NCc3c(F)cccc3OC)n3cnnc23)c(C)n1,A
EED,,,,311,COc1cccc(F)c1CNc1c(F)cc(-c2cccnc2C)c2nncn12,B
EED,,,,312,COc1cccc(F)c1CNc1ccc(-c2cn(CCO)nc2C(F)(F)F)c2nncn12,A
EED,,,,313,COc1cccc(F)c1CNc1ccc(-c2cn(C)nc2C(F)F)c2nncn12,A
EED,,,,314,COc1cc(F)cc(F)c1CNc1ccc(-c2ccc(C)nc2C(F)F)c2nncn12,A
EED,,,,315,COc1cccc(F)c1CNc1ccc(-c2ccc(C)nc2C(F)F)c2nncn12,A
EED,,,,316,COc1cccc(F)c1CNc1ccc(-c2cnc(C)cc2C(F)F)c2nncn12,A
EED,,,,317,COc1cc(F)cc(F)c1CNc1ccc(-c2cnc(C)cc2C(F)F)c2nncn12,A
EED,,,,318,COc1cc(C)c(-c2ccc(NCc3c(F)cc(F)cc3OC)n3cnnc23)cn1,A
EED,,,,319,COc1ccc(-c2ccc(NCc3c(F)cc(F)cc3OC)n3cnnc23)c(C)n1,A
EED,,,,320,COc1cc(F)cc(F)c1CNc1c(F)cc(-c2cccnc2C)c2nncn12,B
EED,,,,321,COc1cc(F)cc(F)c1CNc1c(F)cc(-c2cnc(C)nc2C)c2nncn12,C
EED,,,,322,COc1ncc(-c2ccc(NCc3c(F)cccc3OC)n3cnnc23)c(C)n1,A
EED,,,,323,COc1ncc(-c2ccc(NCc3c(F)cc(F)cc3OC)n3cnnc23)c(C)n1,A
EED,,,,324,COc1cc(F)cc(F)c1CNc1ccc(-c2ccc(C#N)nc2C)c2nncn12,A
EED,,,,325,COc1cccc(F)c1CNc1ccc(-c2cnccn2)c2nncn12,A
EED,,,,326,COc1cccc(F)c1CNc1ccc(-c2cc(Cl)cnc2C)c2nncn12,A
EED,,,,327,COc1c(F)ccc(F)c1CNc1ccc(-c2cccnc2C)c2nncn12,A
EED,,,,328,COc1ncccc1CNc1ccc(-c2cccnc2C)c2nncn12,A
EED,,,,329,COc1cc(F)cc(F)c1CNc1ccc(-c2cnc(C)cc2C)c2nncn12,A
EED,,,,330,COc1cccc(F)c1CNc1ccc(-c2cn(C)nc2CO)c2nncn12,A
EED,,,,331,Cc1cccc(F)c1CNc1ccc(-c2cccnc2C)c2nncn12,B
EED,,,,332,COc1cccc(F)c1CNc1ccc(-c2cnc(OC(C)C)nc2C)c2nncn12,A
EED,,,,333,COc1c(F)ccc(F)c1CNc1ccc(-c2cnc(C)nc2C)c2nncn12,A
EED,,,,334,COc1c(F)ccc(F)c1CNc1ccc(-c2ccc(S(C)(=O)=O)nc2C)c2nncn12,A
EED,,,,335,COc1cccc(Cl)c1CNc1ccc(-c2cccnc2C)c2nncn12,A
EED,,,,336,COc1cccc(F)c1CNc1ccc(-c2cnn(C)c2CO)c2nncn12,A
EED,,,,337,COc1cccc(F)c1CNc1ccc(-c2cc(C)ncc2C(F)F)c2nncn12,A
EED,,,,338,COc1cccc(F)c1CNc1ccc(-c2c(Cl)ccnc2C)c2nncn12,A
EED,,,,339,COc1cccc(F)c1CNc1ccc(-c2ccc(CC#N)nc2C)c2nncn12,A
EED,,,,340,COc1cccc(F)c1CNc1ccc(-c2cccnc2C#N)c2nncn12,A
EED,,,,341,COc1cccc(F)c1CNc1ccc(-c2cccnc2CC#N)c2nncn12,A
EED,,,,342,COc1cccc(F)c1CNc1ccc(-c2ccc(OC(C)C)nc2C)c2nncn12,A
EED,,,,343,CCOc1ncc(-c2ccc(NCc3c(F)cc(F)cc3OC)n3cnnc23)c(C)n1,A
EED,,,,344,COc1cc(F)cc(F)c1CNc1ccc(-c2cnc(OC3CC3)nc2C)c2nncn12,A
EED,,,,345,COc1cccc(F)c1CNc1ccc(-c2cnccc2CO)c2nncn12,A
EED,,,,346,COc1cccc(F)c1CNc1ccc(-c2c(C)ccnc2C)c2nncn12,B
EED,,,,347,COc1cccnc1CNc1ccc(-c2cccnc2C)c2nncn12,B
EED,,,,348,COc1ncccc1CNc1ccc(-c2cnc(C)nc2C)c2nncn12,A
EED,,,,349,COc1cc(F)cc(F)c1CNc1ccc(-c2cnc(OC(C)C)nc2C)c2nncn12,A
EED,,,,350,COc1cccc(F)c1CNc1ccc(-c2cc(C#N)cnc2C)c2nncn12,A
EED,,,,351,COc1cccc(F)c1CNc1ccc(-c2ccc(C(C)C)nc2C)c2nncn12,A
EED,,,,352,COc1cccc(F)c1CNc1ccc(-c2cnc(C(C)C)cc2C)c2nncn12,A
EED,,,,353,COc1cccc(F)c1CNc1ccc(-n2cc(C)cn2)c2nncn12,A
EED,,,,354,COc1cccc(F)c1CNc1ccc(-n2cnc(C)c2)c2nncn12,A
EED,,,,355,COc1cccc(F)c1CNc1ccc(-c2nc(C)nn2C)c2nncn12,A
EED,,,,356,COc1cccc(F)c1CNc1ccc(-c2ncnn2C)c2nncn12,A
EED,,,,357,COc1cccc(F)c1CNc1ccc(-n2cccn2)c2nncn12,A
EED,,,,358,COc1cccc(F)c1CNc1ccc(-n2cncn2)c2nncn12,A
EED,,,,359,COc1cccc(F)c1CNc1ccc(-n2ccc(C)n2)c2nncn12,A
EED,,,,360,COc1cnccc1CNc1ccc(-c2cccnc2C)c2nncn12,C
EED,,,,361,COc1cccc(F)c1CNc1ccc(-n2ccnn2)c2nncn12,A
EED,,,,362,COc1cccc(F)c1CNc1ccc(-n2ccnc2C)c2nncn12,A
EED,,,,363,COc1cccc(F)c1CNc1ccc(-n2ccnc2)c2nncn12,A
EED,,,,364,COc1cccc(CNc2ccc(-c3cccnc3C)c3nncn23)n1,B
EED,,,,365,COc1cccc(F)c1CNc1ccc(-c2cn(C)c(C)n2)c2nncn12,B
EED,,,,366,COc1cccc(F)c1CNc1ccc(-c2cnc(C)n2C)c2nncn12,A
EED,,,,367,COc1cccc(F)c1CNc1ccc(-n2cc(C)c(C)n2)c2nncn12,A
EED,,,,368,COc1cccc(F)c1CNc1ccc(-c2ccc(NC(=O)N(C)C)nc2C)c2nncn12,A
EED,,,,369,COc1cccc(F)c1CNc1ccc(-c2ccc(C(C)(C)C#N)nc2C)c2nncn12,A
EED,,,,370,COc1cccc(F)c1CNc1ccc(-c2c(C)cnn2C)c2nncn12,A
EED,,,,371,COc1nccc(N)c1CNc1ccc(-c2cccnc2C)c2nncn12,B
EED,,,,372,COc1cccc(F)c1CNc1ccc(-c2cnc(C)nc2OC)c2nncn12,A
EED,,,,373,COc1cc(F)cc(F)c1CNc1ccc(-c2cnc(C)nc2OC)c2nncn12,A
EED,,,,374,COc1ncccc1CNc1ccc(-c2ccc(CN(C)C)cc2)c2nncn12,A
EED,,,CN110156787,SL-ZYE-31,Fc1ccc2c(c1CNc1ncc(N3CCOCC3)c3nncn13)CCO2,A
EED,,,,SL-ZYE-02,CN1CCN(c2cnc(NCc3c(F)ccc4c3CCO4)n3cnnc23)CC1,A
EED,,,,SL-ZYE-37,Fc1ccc2c(c1CNc1ncc(N3CCCCC3)c3nncn13)CCO2,B
EED,,,,SL-ZYE-01,CC(=O)N1CCN(c2cnc(NCc3c(F)ccc4c3CCO4)n3cnnc23)CC1,A
EED,,,,SL-ZYE-03,CS(=O)(=O)N1CCN(c2cnc(NCc3c(F)ccc4c3CCO4)n3cnnc23)CC1,A
EED,,,,SL-ZYE-39,C=CC(=O)N1CCN(c2cnc(NCc3c(F)ccc4c3CCO4)n3cnnc23)CC1,A
EED,,,,SL-ZYE-42,Cc1cc(C(=O)N2CCN(c3cnc(NCc4c(F)ccc5c4CCO5)n4cnnc34)CC2)n(C)n1,A
EED,,,,SL-ZYE-48,Fc1ccc2c(c1CNc1ncc(N3CCNc4ccccc43)c3nncn13)CCO2,A
EED,,,,SL-ZYE-44,O=C1CN(c2cnc(NCc3c(F)ccc4c3CCO4)n3cnnc23)CCN1,A
EED,,,,SL-ZYE-51,CC1CN(c2cnc(NCc3c(F)ccc4c3CCO4)n3cnnc23)CC(C)O1,A
EED,,,,SL-ZYE-41,O=C1CCC2CN(c3cnc(NCc4c(F)ccc5c4CCO5)n4cnnc34)CCN12,B
EED,,,,SL-ZYE-57,Cc1ncc2n1CCN(c1cnc(NCc3c(F)ccc4c3CCO4)n3cnnc13)C2,A
EED,,,,SL-ZYE-64,CN1CCN(c2cnc(NCc3c(F)ccc4c3CCO4)n3cnnc23)CC12CC2,A
EED,,,,SL-ZYE-62,CC(=O)N1C2CCC1CN(c1cnc(NCc3c(F)ccc4c3CCO4)n3cnnc13)C2,A
EED,,,,SL-ZYE-63,CN1CC2CCC1CN2c1cnc(NCc2c(F)ccc3c2CCO3)n2cnnc12,A
EED,,,,SL-ZYE-88,Fc1ccc2c(c1CNc1ncc(N3CC(N4CCOCC4)C3)c3nncn13)CCO2,B
EED,,,,SL-ZYE-137,CCS(=O)(=O)N1CCN(c2cnc(NCc3c(F)ccc4c3CCO4)n3cnnc23)CC12CC2,A
EED,,,,SL-ZYE-64-2,Fc1ccc2c(c1CNc1ncc(N3CCNC4(CC4)C3)c3nncn13)CCO2,B
EED,,,,ZB-EED-11,O=C(C1CC1)N1C2CCC1CN(c1cnc(NCc3c(F)ccc4c3CCO4)n3cnnc13)C2,A
EED,,,,ZB-EED-09,CCC(=O)N1C2CCC1CN(c1cnc(NCc3c(F)ccc4c3CCO4)n3cnnc13)C2,A
EED,,,,ZB-EED-22,COC(=O)N1C2CCC1CN(c1cnc(NCc3c(F)ccc4c3CCO4)n3cnnc13)C2,A
EED,,,,ZB-EED-07,CC(C)C(=O)N1C2CCC1CN(c1cnc(NCc3c(F)ccc4c3CCO4)n3cnnc13)C2,A
EED,,,,SL-ZYE-35,Fc1ccc2c(c1CNc1ncc(N3CCSCC3)c3nncn13)CCO2,B
EED,,,,SL-ZYE-58,Fc1ccc2c(c1CNc1ncc(N3CCNCC3)c3nncn13)CCO2,A
EED,,,,SL-ZYE-36,O=S1(=O)CCN(c2cnc(NCc3c(F)ccc4c3CCO4)n3cnnc23)CC1,A
EED,,,,SL-ZYE-32,CCNC(=O)N1CCN(c2cnc(NCc3c(F)ccc4c3CCO4)n3cnnc23)CC1,A
EED,,,,SL-ZYE-33,CN(C)CC(=O)N1CCN(c2cnc(NCc3c(F)ccc4c3CCO4)n3cnnc23)CC1,A
EED,,,,SL-ZYE-40,O=C(CN1CCOCC1)N1CCN(c2cnc(NCc3c(F)ccc4c3CCO4)n3cnnc23)CC1,A
EED,,,,SL-ZYE-45,Fc1ccc2c(c1CNc1ncc(N3CCOc4ccccc43)c3nncn13)CCO2,A
EED,,,,SL-ZYE-50,CC(=O)N1CCN(c2cnc(NCc3c(F)ccc4c3CCO4)n3cnnc23)c2ccccc21,A
EED,,,,SL-ZYE-49,Fc1ccc2c(c1CNc1ncc(N3CCN(c4cccnc4)CC3)c3nncn13)CCO2,A
EED,,,,SL-ZYE-47,Fc1ccc2c(c1CNc1ncc(N3CCCOCC3)c3nncn13)CCO2,A
EED,,,,SL-ZYE-56,Fc1ccc2c(c1CNc1ncc(N3CCn4nccc4C3)c3nncn13)CCO2,A
EED,,,,SL-ZYE-66,N#CN1CCN(c2cnc(NCc3c(F)ccc4c3CCO4)n3cnnc23)CC1,A
EED,,,,SL-ZYE-65,CC(=O)N1CCN(c2cnc(NCc3c(F)ccc4c3CCO4)n3cnnc23)CC12CC2,A
EED,,,,SL-ZYE-61,CN1C2CCC1CN(c1cnc(NCc3c(F)ccc4c3CCO4)n3cnnc13)C2,A
EED,,,,SL-ZYE-71,COC(=O)C1CCN(c2cnc(NCc3c(F)ccc4c3CCO4)n3cnnc23)CC1,B
EED,,,,SL-ZYE-136,CS(=O)(=O)N1CCN(c2cnc(NCc3c(F)ccc4c3CCO4)n3cnnc23)CC12CC2,A
EED,,,,SL-ZYE-89,CC(=O)N1CCN(C2CN(c3cnc(NCc4c(F)ccc5c4CCO5)n4cnnc34)C2)CC1,B
EED,,,,ZB-EED-10,CS(=O)(=O)N1C2CCC1CN(c1cnc(NCc3c(F)ccc4c3CCO4)n3cnnc13)C2,A
EED,,,,ZB-EED-06,CCS(=O)(=O)N1CCN(c2cnc(NCc3c(F)ccc4c3CCO4)n3cnnc23)CC1,A
EED,,,,ZB-EED-08,O=C(C1CC1)N1C2CCC1CN(c1cnc(NCc3c(F)ccc4c3CCO4)n3cnnc13)C2,A
EED,,,,ZB-EED-24,CCNC(=O)N1C2CCC1CN(c1cnc(NCc3c(F)ccc4c3CCO4)n3cnnc13)C2,A
EED,,,,ZB-EED-14,CC(=O)N1CCCN(c2cnc(NCc3c(F)ccc4c3CCO4)n3cnnc23)CC1,A
EED,,,,ZB-EED-18,CS(=O)(=O)N1CCCN(c2cnc(NCc3c(F)ccc4c3CCO4)n3cnnc23)CC1,A
EED,,,CN112004816,11,Cc1cc(-c2cnc(NCc3c(F)ccc4c3CCO4)n3cc(C(N)=O)nc23)n(C)n1,A
EED,,,,31,CN(C)C(=O)c1ccc(-c2cnc(NCc3c(F)ccc4c3CCO4)n3cc(C#N)nc23)c(Cl)c1,A
EED,,,,32,Cc1cc(CN(C)C)ccc1-c1cnc(NCc2c(F)ccc3c2CCO3)n2cc(C#N)nc12,A
EED,,,,36,CN(C)C(=O)c1ccc(-c2cnc(NCc3c(F)ccc4c3CCO4)n3cc(C#N)nc23)cc1F,A
EED,,,,38,CN(C)C(=O)c1cc(F)c(-c2cnc(NCc3c(F)ccc4c3CCO4)n3cc(C#N)nc23)cc1F,A
EED,,,,39,CN(C)Cc1cc(F)c(-c2cnc(NCc3c(F)ccc4c3CCO4)n3cc(C#N)nc23)cc1F,A
EED,,,,46,N#Cc1cn2c(NCc3c(F)ccc4c3CCO4)ncc(-c3ccccc3)c2n1,B
EED,,,,47,N#Cc1cn2c(NCc3c(F)ccc4c3CCO4)ncc(-c3ccc(S(N)(=O)=O)cc3)c2n1,A
EED,,,,48,Cc1cc(S(=O)(=O)N(C)C)ccc1-c1cnc(NCc2c(F)ccc3c2CCO3)n2cc(C#N)nc12,B
EED,,,,49,N#Cc1cn2c(NCc3c(F)ccc4c3CCO4)ncc(-c3ccc(CN4CCCC4=O)cc3)c2n1,B
EED,,,,50,COC1CN(Cc2ccc(-c3cnc(NCc4c(F)ccc5c4CCO5)n4cc(C#N)nc34)cc2)C1,B
EED,,,,51,N#Cc1cn2c(NCc3c(F)ccc4c3CCO4)ncc(-c3ccc(CN4CC(F)(F)C4)cc3)c2n1,A
EED,,,,52,N#Cc1cn2c(NCc3c(F)ccc4c3CCO4)ncc(-c3ccc(CN4CC5CC5C4)cc3)c2n1,A
EED,,,,56,Cc1nc(N2CCOCC2)ccc1-c1cnc(NCc2c(F)ccc3c2CCO3)n2cc(C#N)nc12,B
EED,,,,57,N#Cc1cn2c(NCc3c(F)ccc4c3CCO4)ncc(-c3ccncn3)c2n1,B
EED,,,,58,CN(C)S(=O)(=O)c1ccc(-c2cnc(NCc3c(F)ccc4c3CCO4)n3cc(C#N)nc23)cc1,B
EED,,,,61,CN(C)Cc1ccc(-c2cnc(NCc3c(F)ccc4c3CCO4)n3cc(C#N)nc23)c(F)c1,A
EED,,,,62,Cc1ncc(F)cc1-c1cnc(NCc2c(F)ccc3c2CCO3)n2cc(C#N)nc12,B
EED,,,,63,CN(C)Cc1ccc(-c2cnc(NCc3c(F)ccc4c3CCO4)n3cc(C#N)nc23)cc1F,A
EED,,,,66,Cc1nn(C[C@@H](C)O)c(C)c1-c1cnc(NCc2c(F)ccc3c2CCO3)n2cc(C#N)nc12,B
EED,,,,67,Cc1ccc(-c2cnc(NCc3c(F)ccc4c3CCO4)n3cc(C#N)nc23)c(C)n1,A
EED,,,,68,N#Cc1cn2c(NCc3c(F)ccc4c3CCO4)ncc(-c3cnccn3)c2n1,B
EED,,,,69,Cc1ncc(-c2cnc(NCc3c(F)ccc4c3CCO4)n3cc(C#N)nc23)cn1,B
EED,,,,70,N#Cc1cn2c(NCc3c(F)ccc4c3CCO4)ncc(-c3cnc(C4CC4)nc3)c2n1,A
EED,,,,71,Cc1ncc(-c2cnc(NCc3c(F)ccc4c3CCO4)n3cc(C#N)nc23)c(C)n1,B
EED,,,,74,N#Cc1cn2c(NCc3c(F)ccc4c3CCO4)ncc(-c3ccc(CN4CCCC4)cc3)c2n1,A
EED,,,,75,N#Cc1cn2c(NCc3c(F)ccc4c3CCO4)ncc(-c3ccc(CN4CCOCC4)cc3)c2n1,B
EED,,,,76,Cc1cc(C(=O)N(C)C)ncc1-c1cnc(NCc2c(F)ccc3c2CCO3)n2cc(C#N)nc12,A
EED,,,,80,N#Cc1cn2c(NCc3c(F)ccc4c3CCO4)ncc(-c3cnn4c3CCC4)c2n1,B
EED,,,,85,Cc1c(-c2cnc(NCc3c(F)ccc4c3CCO4)n3cc(C#N)nc23)ccc(CN(C)C)c1F,A
EED,,,,86,Cc1cc(-c2cnc(NCc3c(F)ccc4c3CCO4)n3cc(C#N)nc23)n(C)n1,A
EED,,,,90,CC(c1ccc(-c2cnc(NCc3c(F)ccc4c3CCO4)n3cc(C#N)nc23)cc1)N1CCCC1,A
EED,,,,105,Cc1ncccc1-c1cnc(NCc2c(F)ccc3c2CCO3)n2cc(C#N)nc12,A
EED,,,,111,Cn1nc(C(F)(F)F)cc1-c1cnc(NCc2c(F)ccc3c2CCO3)n2cc(C#N)nc12,A
EED,,,,123,COc1cc(-c2cnc(NCc3c(F)ccc4c3CCO4)n3cc(C#N)nc23)c(F)cn1,A
EED,,,,137,Cc1ncccc1-c1cnc(NCc2c(F)ccc3c2CCO3)n2cc(C(N)=O)nc12,B
EED,,,,143,Cn1nncc1-c1cnc(NCc2c(F)ccc3c2CCO3)n2cc(C#N)nc12,A
EED,,,,144,Cn1nc(C2CC2)cc1-c1cnc(NCc2c(F)ccc3c2CCO3)n2cc(C#N)nc12,B
EED,,,,145,Cc1nc(-c2cnc(NCc3c(F)ccc4c3CCO4)n3cc(C#N)nc23)c(C)s1,B
EED,,,,146,N#Cc1cn2c(NCc3c(F)ccc4c3CCO4)ncc(-c3ccccn3)c2n1,B
EED,,,,148,N#Cc1cn2c(NCc3c(F)ccc4c3CCO4)ncc(-c3cccnc3CO)c2n1,B
EED,,,,150,N#Cc1cn2c(NCc3c(F)ccc4c3CCO4)ncc(-c3ccc(CN4CC(O)C4)cc3)c2n1,A
EED,,,,152,Cc1nc(CN(C)C)ccc1-c1cnc(NCc2c(F)ccc3c2CCO3)n2cc(C#N)nc12,B
EED,,,,153,N#Cc1cn2c(NCc3c(F)ccc4c3CCO4)ncc(-c3ccn(CC4CCCO4)n3)c2n1,B
EED,,,,154,N#Cc1cn2c(NCc3c(F)ccc4c3CCO4)ncc(-c3cnn(CC4CCOC4)c3)c2n1,B
EED,,,,157,Cn1nc(C(=O)O)cc1-c1cnc(NCc2c(F)ccc3c2CCO3)n2cc(C#N)nc12,A
EED,,,,158,COCCOc1ccc(-c2cnc(NCc3c(F)ccc4c3CCO4)n3cc(C#N)nc23)cn1,B
EED,,,,159,CN1CCc2cc(-c3cnc(NCc4c(F)ccc5c4CCO5)n4cc(C#N)nc34)ccc2C1,A
EED,,,,160,CN1CCCC1c1ccc(-c2cnc(NCc3c(F)ccc4c3CCO4)n3cc(C#N)nc23)cc1,A
EED,,,,161,COCCOc1ccc(-c2cnc(NCc3c(F)ccc4c3CCO4)n3cc(C#N)nc23)cc1,B
EED,,,,162,N#Cc1cn2c(NCc3c(F)ccc4c3CCO4)ncc(-c3ccc(C4CCCO4)cc3)c2n1,B
EED,,,,163,CN(C)CCc1ccc(-c2cnc(NCc3c(F)ccc4c3CCO4)n3cc(C#N)nc23)cc1,B
EED,,,,164,CCOP(=O)(OCC)c1ccc(-c2cnc(NCc3c(F)ccc4c3CCO4)n3cc(C#N)nc23)cc1,A
EED,,,,165,[2H]C([2H])(Nc1ncc(-c2ccc(CN(C)C)cc2)c2nc(C#N)cn12)c1c(F)ccc2c1CCO2,B
EED,,,,168,CN1CCc2cc(-c3cnc(NCc4c(F)ccc5c4CCO5)n4cc(C#N)nc34)ccc2C1=O,B
EED,,,,169,COC(=O)c1cc(-c2cnc(NCc3c(F)ccc4c3CCO4)n3cc(C#N)nc23)n(C)n1,B
EED,,,,170,CN(C)C(=O)c1cc(-c2cnc(NCc3c(F)ccc4c3CCO4)n3cc(C#N)nc23)n(C)n1,A
EED,,,,171,CN(C)C1(c2ccc(-c3cnc(NCc4c(F)ccc5c4CCO5)n4cc(C#N)nc34)cc2)CC1,B
EED,,,,172,N#Cc1cn2c(NCc3c(F)ccc4c3CCO4)ncc(-c3ccc4c(c3)CCNC4=O)c2n1,B
EED,,,,173,[2H]C([2H])(c1ccc(-c2cnc(NCc3c(F)ccc4c3CCO4)n3cc(C#N)nc23)c(C)c1)N(C)C,A
EED,,,,176,Cc1c(C#N)cccc1-c1cnc(NCc2c(F)ccc3c2CCO3)n2cc(C#N)nc12,B
EED,,,,177,Cc1ccc(C#N)cc1-c1cnc(NCc2c(F)ccc3c2CCO3)n2cc(C#N)nc12,B
EED,,,,178,Cc1cc(-c2cnc(NCc3c(F)ccc4c3CCO4)n3cc(C#N)nc23)ccn1,B
EED,,,,179,CC(O)Cn1cc(-c2cnc(NCc3c(F)ccc4c3CCO4)n3cc(C#N)nc23)cn1,B
EED,,,,180,CN(C)C(=O)c1ccc(-c2cnc(NCc3c(F)ccc4c3CCO4)n3cc(C#N)nc23)cc1,A
EED,,,,181,N#Cc1cn2c(NCc3c(F)ccc4c3CCO4)ncc(-c3ccc(C(=O)N4CCOCC4)cc3)c2n1,B
EED,,,,182,N#Cc1cn2c(NCc3c(F)ccc4c3CCO4)ncc(-c3cnn(CCO)c3)c2n1,B
EED,,,,184,Cc1cc(S(=O)(=O)C(F)(F)F)ccc1-c1cnc(NCc2c(F)ccc3c2CCO3)n2cc(C#N)nc12,B
EED,,,,185,CNCc1ccc(-c2cnc(NCc3c(F)ccc4c3CCO4)n3cc(C#N)nc23)cc1,A
EED,,,,186,CNC(=O)c1ccc(-c2cnc(NCc3c(F)ccc4c3CCO4)n3cc(C#N)nc23)cc1,B
EED,,,,187,N#Cc1cn2c(NCc3c(F)ccc4c3CCO4)ncc(-c3ccccc3C#N)c2n1,B
EED,,,,188,N#Cc1cc(-c2cnc(NCc3c(F)ccc4c3CCO4)n3cc(C#N)nc23)ccn1,B
EED,,,,189,CN(C)CCOc1ccc(-c2cnc(NCc3c(F)ccc4c3CCO4)n3cc(C#N)nc23)cc1,B
EED,,,,191,COCCOc1ncc(-c2cnc(NCc3c(F)ccc4c3CCO4)n3cc(C#N)nc23)cn1,B
EED,,,,193,N#Cc1cn2c(NCc3c(F)ccc4c3CCO4)ncc(-c3ccnn3C3CC3)c2n1,B
EED,,,,194,Cn1nccc(-c2cnc(NCc3c(F)ccc4c3CCO4)n3cc(C#N)nc23)c1=O,B
EED,,,,195,Cc1cc(CN(C)C)ncc1-c1cnc(NCc2c(F)ccc3c2CCO3)n2cc(C#N)nc12,A
EED,,,,196,CNCc1ccc(-c2cnc(NCc3c(F)ccc4c3CCO4)n3cc(C#N)nc23)c(C)c1,B
EED,,,,197,CNCc1ccc(-c2cnc(NCc3c(F)ccc4c3CCO4)n3cc(C#N)nc23)cc1F,B
EED,,,,198,CN(C)Cc1ccc(-c2cnc(NCc3c(F)ccc4c3CCO4)n3cc(C#N)nc23)c(C#N)c1,B
EED,,,,199,CC(c1ccc(-c2cnc(NCc3c(F)ccc4c3CCO4)n3cc(C#N)nc23)cc1)N(C)C,B
EED,,,,200,Cc1cc(-c2cnc(NCc3c(F)ccc4c3CCO4)n3cc(C#N)nc23)ccc1CN(C)C,B
EED,,,,201,CN(C)Cc1ccc(-c2cnc(NCc3c(F)ccc4c3CCO4)n3cc(C#N)nc23)cc1C#N,B
EED,,,,202,[2H]C([2H])([2H])N(Cc1ccc(-c2cnc(NCc3c(F)ccc4c3CCO4)n3cc(C#N)nc23)c(C)c1)C([2H])([2H])[2H],A
EED,,,,203,N#Cc1cn2c(NCc3c(F)ccc4c3CCO4)ncc(-c3ccc4c(c3)CCNC4)c2n1,B
EED,,,,204,N#Cc1cn2c(NCc3c(F)ccc4c3CCO4)ncc(-c3ccc(C4CCCN4)cc3)c2n1,A
EED,,,,205,N#Cc1cn2c(NCc3c(F)ccc4c3CCO4)ncc(-c3ccc4c(c3)CNC4)c2n1,A
EED,,,,206,COCCOc1ccc(-c2cnc(NCc3c(F)ccc4c3CCO4)n3cc(C#N)nc23)c(C)c1,B
EED,,,,207,Cc1cc(CN(C)C)ccc1-c1cnc(NCc2c(F)ccc3c2C(O)CO3)n2cc(C#N)nc12,A
EED,,,,208,CNC(=O)c1cc(-c2cnc(NCc3c(F)ccc4c3CCO4)n3cc(C#N)nc23)n(C)n1,B
EED,,,,209,Cn1nc(C(=O)N2CCOCC2)cc1-c1cnc(NCc2c(F)ccc3c2CCO3)n2cc(C#N)nc12,A
EED,,,,212,Cn1nc(C#N)cc1-c1cnc(NCc2c(F)ccc3c2CCO3)n2cc(C#N)nc12,A
EED,,,,213,N#Cc1cn2c(NCc3c(F)ccc4c3CCO4)ncc(Br)c2n1,B
EED,,,,214,Cc1cc(C2CCCN2C(=O)OC(C)(C)C)ccc1-c1cnc(NCc2c(F)ccc3c2CCO3)n2cc(C#N)nc12,B
EED,,,,217,CN(C)CCc1cccc(-c2cnc(NCc3c(F)ccc4c3CCO4)n3cc(C#N)nc23)c1,B
EED,,,,218,N#Cc1cn2c(NCc3c(F)ccc4c3CCO4)ncc(-c3cc[nH]c(=O)c3)c2n1,B
EED,,,,219,N#Cc1cn2c(NCc3c(F)ccc4c3CCO4)ncc(-c3ccc([C@@H]4CCCN4)cc3)c2n1,B
EED,,,,220,N#Cc1cn2c(NCc3c(F)ccc4c3CCO4)ncc(-c3ccc([C@H]4CCCN4)cc3)c2n1,B
EED,,,,221,CN1CCC1c1ccc(-c2cnc(NCc3c(F)ccc4c3CCO4)n3cc(C#N)nc23)cc1,B
EED,,,,222,N#Cc1cn2c(NCc3c(F)ccc4c3CCO4)ncc(-c3ccc(C4CC(=O)N4)cc3)c2n1,A
EED,,,,223,[2H]C1Oc2ccc(F)c(C([2H])([2H])Nc3ncc(-c4ccc(CN(C)C)cc4C)c4nc(C#N)cn34)c2C1[2H],B
EED,,,,224,Cn1cc(-c2cnc(NCc3c(F)ccc4c3CCO4)n3cc(C#N)nc23)c(C#N)n1,B
EED,,,,226,N#Cc1cn2c(NCc3c(F)ccc4c3CCO4)ncc(-c3ccc(C4CCN4)cc3)c2n1,B
EED,,,,227,CN1CCOCC1c1ccc(-c2cnc(NCc3c(F)ccc4c3CCO4)n3cc(C#N)nc23)cc1,B
EED,,,,228,Cc1cc(-c2cnc(NCc3c(F)ccc4c3OCO4)n3cc(C#N)nc23)n(C)n1,B
EED,,,,229,CN1CCN(C(=O)c2cc(-c3cnc(NCc4c(F)ccc5c4CCO5)n4cc(C#N)nc34)n(C)n2)CC1,A
EED,,,,230,CN(C)CCn1nccc1-c1cnc(NCc2c(F)ccc3c2CCO3)n2cc(C#N)nc12,A
EED,,,,233,Cc1c(-c2cnc(NCc3c(F)ccc4c3CCO4)n3cc(C#N)nc23)cnc(CN(C)C)c1F,A
EED,,,CN114127073,3,O=C1Nc2ccccc2-c2cnc(NCc3c(F)ccc4c3CCO4)n3cnc1c23,A
EED,,,,5,CS(=O)(=O)c1ccc2c(c1)NC(=O)c1ncn3c(NCc4c(F)ccc5c4CCO5)ncc-2c13,A
EED,,,,6,O=C1OCc2ccccc2-c2cnc(NCc3c(F)ccc4c3CCO4)n3cnc1c23,A
EED,,,,7,O=C1OCc2cc(F)ccc2-c2cnc(NCc3c(F)ccc4c3CCO4)n3cnc1c23,A
EED,,,,8,O=C1OCc2cc(C(F)(F)F)ccc2-c2cnc(NCc3c(F)ccc4c3CCO4)n3cnc1c23,A
EED,,,,9,O=C1OCc2cc(F)ccc2-c2cnc(NCc3cccc4c3CCO4)n3cnc1c23,A
EED,,,,10,O=C1OCc2ncccc2-c2cnc(NCc3c(F)ccc4occc34)n3cnc1c23,A
EED,,,,11,O=C1OCc2c(F)cccc2-c2cnc(NCc3c(F)ccc4c3CCO4)n3cnc1c23,A
EED,,,,12,O=C1OCc2ncccc2-c2cnc(NCc3c(F)ccc4c3CCO4)n3cnc1c23,A
EED,,,,13,O=C1OCc2cc(C(F)(F)F)ncc2-c2cnc(NCc3c(F)ccc4c3CCO4)n3cnc1c23,A
EED,,,,14,O=C1OCc2nc(C(F)(F)F)ccc2-c2cnc(NCc3c(F)ccc4c3CCO4)n3cnc1c23,A
EED,,,,15,O=C1NCc2ccccc2-c2cnc(NCc3c(F)ccc4c3CCO4)n3cnc1c23,A
EED,,,,16,O=C1NCc2ncccc2-c2cnc(NCc3c(F)ccc4c3CCO4)n3cnc1c23,A
EED,,,,17,O=C1NCc2cc(F)ccc2-c2cnc(NCc3c(F)ccc4c3CCO4)n3cnc1c23,A
EED,,,,18,Cc1ccc2c(n1)COC(=O)c1ncn3c(NCc4c(F)ccc5c4CCO5)ncc-2c13,A
EED,,,,19,O=C1NCc2cc(C(F)(F)F)ccc2-c2cnc(NCc3c(F)ccc4c3CCO4)n3cnc1c23,A
EED,,,,20,O=C1NCc2c(F)cccc2-c2cnc(NCc3c(F)ccc4c3CCO4)n3cnc1c23,A
EED,,,,21,Cc1ccc2c(n1)CNC(=O)c1ncn3c(NCc4c(F)ccc5c4CCO5)ncc-2c13,A
EED,,,,22,O=C1NCc2cc(C(F)(F)F)ncc2-c2cnc(NCc3c(F)ccc4c3CCO4)n3cnc1c23,A
EED,,,,23,O=C1NCc2ccc(F)cc2-c2cnc(NCc3c(F)ccc4c3CCO4)n3cnc1c23,A
EED,,,,24,O=C1OCc2ccc(C(F)(F)F)cc2-c2cnc(NCc3c(F)ccc4c3CCO4)n3cnc1c23,A
EED,,,,25,O=C1NCc2nc(C(F)(F)F)ccc2-c2cnc(NCc3c(F)ccc4c3CCO4)n3cnc1c23,A
EED,,,,26,O=C1NCc2ccc(C(F)(F)F)cc2-c2cnc(NCc3c(F)ccc4c3CCO4)n3cnc1c23,A
EED,,,,27,O=C1OCc2cc(C(F)(F)F)ccc2-c2cnc(NCc3cccc4c3OCO4)n3cnc1c23,A
EED,,,,28,COc1cccc(F)c1CNc1ncc2c3c(ncn13)C(=O)OCc1cc(C(F)(F)F)ccc1-2,A
EED,,,,29,O=C1OCc2ccc(C(F)(F)F)nc2-c2cnc(NCc3c(F)ccc4c3CCO4)n3cnc1c23,A
EED,,,,30,O=C1OCc2ncc(C(F)(F)F)cc2-c2cnc(NCc3c(F)ccc4c3CCO4)n3cnc1c23,A
EED,,,,31,O=C1OCc2cc(OC(F)(F)F)ccc2-c2cnc(NCc3c(F)ccc4c3CCO4)n3cnc1c23,A
EED,,,,32,O=C1OCc2cnc(C(F)(F)F)cc2-c2cnc(NCc3c(F)ccc4c3CCO4)n3cnc1c23,A
EED,,,,33,CN1Cc2nc(C(F)(F)F)ccc2-c2cnc(NCc3c(F)ccc4c3CCO4)n3cnc(c23)C1=O,A
EED,,,,34,CN1Cc2cc(C(F)(F)F)ncc2-c2cnc(NCc3c(F)ccc4c3CCO4)n3cnc(c23)C1=O,A
EED,,,,35,O=C1c2ncn3c(NCc4c(F)ccc5c4CCO5)ncc(c23)-c2ccc(C(F)(F)F)nc2CN1CC1COCCO1,A
EED,,,,36,O=C1c2ncn3c(NCc4c(F)ccc5c4CCO5)ncc(c23)-c2cnc(C(F)(F)F)cc2CN1C1CC1,A
EED,,,,37,O=C1c2ncn3c(NCc4c(F)ccc5c4CCO5)ncc(c23)-c2cnc(C(F)(F)F)cc2CN1CC1COCCO1,A
EED,,,,38,CN1CCC(CN2Cc3cc(C(F)(F)F)ncc3-c3cnc(NCc4c(F)ccc5c4CCO5)n4cnc(c34)C2=O)CC1,A
EED,,,,39,CN1Cc2ccc(C(F)(F)F)nc2-c2cnc(NCc3c(F)ccc4c3CCO4)n3cnc(c23)C1=O,A
EED,,,,40,O=C1c2ncn3c(NCc4c(F)ccc5c4CCO5)ncc(c23)-c2nc(C(F)(F)F)ccc2CN1CC1COCCO1,A
EED,,,,41,O=C1c2ncn3c(NCc4c(F)ccc5c4CCO5)ncc(c23)-c2ccc(C(F)(F)F)nc2CN1C1CC1,A
EED,,,,42,CN1CCC(CN2Cc3nc(C(F)(F)F)ccc3-c3cnc(NCc4c(F)ccc5c4CCO5)n4cnc(c34)C2=O)CC1,A
EED,,,,43,O=C1c2ncn3c(NCc4c(F)ccc5c4CCO5)ncc(c23)-c2cnc(C(F)(F)F)cc2CN1CC1(O)CC1,A
EED,,,,44,O=C1c2ncn3c(NCc4c(F)ccc5c4CCO5)ncc(c23)-c2ccc(C(F)(F)F)nc2CN1CC1(O)CC1,A
EED,,,,45,O=C1c2ncn3c(NCc4c(F)ccc5c4CCO5)ncc(c23)-c2cnc(C(F)(F)F)cc2CN1CC1CCOCC1,A
EED,,,,46,O=C1c2ncn3c(NCc4c(F)ccc5c4CCO5)ncc(c23)-c2ccc(C(F)(F)F)nc2CN1CC1CCOCC1,A
EED,,,,47,CC1(O)CC(CN2Cc3nc(C(F)(F)F)ccc3-c3cnc(NCc4c(F)ccc5c4CCO5)n4cnc(c34)C2=O)C1,A
EED,,,,48,CC(C)(O)CN1Cc2cc(C(F)(F)F)ncc2-c2cnc(NCc3c(F)ccc4c3CCO4)n3cnc(c23)C1=O,A
EED,,,,49,CC1(O)CC(CN2Cc3cc(C(F)(F)F)ncc3-c3cnc(NCc4c(F)ccc5c4CCO5)n4cnc(c34)C2=O)C1,A
EED,,,,50,Cc1ccc2c(n1)CN(CC1CC(C)(O)C1)C(=O)c1ncn3c(NCc4c(F)ccc5c4CCO5)ncc-2c13,A
EED,,,,51,O=C1c2ncn3c(NCc4c(F)ccc5c4CCO5)ncc(c23)-c2ccc(C(F)(F)F)nc2CN1C1CCOCC1,A
EED,,,,52,O=C1c2ncn3c(NCc4c(F)ccc5c4CCO5)ncc(c23)-c2ccc(C(F)(F)F)nc2CN1CC1CCOC1,A
EED,,,,53,Cn1ncc2c1CNC(=O)c1ncn3c(NCc4c(F)ccc5c4CCO5)ncc-2c13,A
EED,,,,54,Cn1cc2c(n1)COC(=O)c1ncn3c(NCc4c(F)ccc5c4CCO5)ncc-2c13,A
EED,,,,55,O=C1c2ncn3c(NCc4c(F)ccc5c4CCO5)ncc(c23)-c2ccc(C(F)(F)F)nc2CN1CC1CC1,A
EED,,,,56,Cc1nn(C)c2c1-c1cnc(NCc3c(F)ccc4c3CCO4)n3cnc(c13)C(=O)N(C1CC1)C2,A
EED,,,,57,COCCN1Cc2nc(C(F)(F)F)ccc2-c2cnc(NCc3c(F)ccc4c3CCO4)n3cnc(c23)C1=O,A
EED,,,,58,CC(C)(O)CN1Cc2nc(C(F)(F)F)ccc2-c2cnc(NCc3c(F)ccc4c3CCO4)n3cnc(c23)C1=O,A
EED,,,,59,CC(C)N1Cc2nc(C(F)(F)F)ccc2-c2cnc(NCc3c(F)ccc4c3CCO4)n3cnc(c23)C1=O,A
EED,,,,61,O=C1c2ncn3c(NCc4c(F)ccc5c4CCO5)ncc(c23)-c2ccc(C(F)(F)F)cc2CN1CCF,A
EED,,,,62,CC(C)(F)CN1Cc2cc(C(F)(F)F)ccc2-c2cnc(NCc3c(F)ccc4c3CCO4)n3cnc(c23)C1=O,A
EED,,,,63,CC(F)(F)CN1Cc2cc(C(F)(F)F)ccc2-c2cnc(NCc3c(F)ccc4c3CCO4)n3cnc(c23)C1=O,A
EED,,,,66,O=C1c2ncn3c(NCc4c(F)ccc5c4CCO5)ncc(c23)-c2ccc(C(F)(F)F)cc2CN1CC1CCOCC1,A
EED,,,,67,O=C1c2ncn3c(NCc4c(F)ccc5c4CCO5)ncc(c23)-c2ccc(C(F)(F)F)cc2CN1C1CC1,A
EED,,,,68,O=C1c2ncn3c(NCc4c(F)ccc5c4CCO5)ncc(c23)-c2ccc(C(F)(F)F)cc2CN1CC1COCCO1,A
EED,,,,69,COc1cccc(F)c1CNc1ncc2c3c(ncn13)C(=O)N(C1CC1)Cc1nc(C(F)(F)F)ccc1-2,A
EED,,,,71,COc1cccc(F)c1CNc1ncc2c3c(ncn13)C(=O)N(C(C)C)Cc1nc(C(F)(F)F)ccc1-2,A
EED,,,,72,O=C1c2ncn3c(NCc4c(F)ccc5c4CCO5)ncc(c23)-c2cnc(C(F)(F)F)cc2CN1CCF,A
EED,,,,73,CC(C)N1Cc2cc(C(F)(F)F)ncc2-c2cnc(NCc3c(F)ccc4c3CCO4)n3cnc(c23)C1=O,A
EED,,,,74,CN1CCC(N2Cc3cc(C(F)(F)F)ccc3-c3cnc(NCc4c(F)ccc5c4CCO5)n4cnc(c34)C2=O)CC1,A
EED,,,,75,CN1CCC(N2Cc3cc(F)ccc3-c3cnc(NCc4c(F)ccc5c4CCO5)n4cnc(c34)C2=O)CC1,A
EED,,,,76,CC(F)(F)CN1Cc2cc(F)ccc2-c2cnc(NCc3c(F)ccc4c3CCO4)n3cnc(c23)C1=O,A
EED,,,,77,CC(F)(F)CN1Cc2nc(C(F)(F)F)ccc2-c2cnc(NCc3c(F)ccc4c3CCO4)n3cnc(c23)C1=O,A
EED,,,,78,CC(C)(F)CN1Cc2cc(F)ccc2-c2cnc(NCc3c(F)ccc4c3CCO4)n3cnc(c23)C1=O,A
EED,,,,79,O=C1c2ncn3c(NCc4c(F)ccc5c4CCO5)ncc(c23)-c2ccc(F)cc2CN1CCF,A
EED,,,,80,O=C1c2ncn3c(NCc4c(F)ccc5c4CCO5)ncc(c23)-c2ccc(F)cc2CN1CC(F)F,A
EED,,,,81,O=C1c2ncn3c(NCc4c(F)ccc5c4CCO5)ncc(c23)-c2ccc(C(F)(F)F)cc2CN1CC(F)F,A
EED,,,,82,CC(F)(F)CN1Cc2cc(C(F)(F)F)ncc2-c2cnc(NCc3c(F)ccc4c3CCO4)n3cnc(c23)C1=O,A
EED,,,,83,O=C1c2ncn3c(NCc4c(F)ccc5c4CCO5)ncc(c23)-c2ccc(C(F)(F)F)cc2CN1CC(F)(F)F,A
EED,,,,84,O=C1c2ncn3c(NCc4c(F)ccc5c4CCO5)ncc(c23)-c2cnc(C(F)(F)F)cc2CN1CC(F)(F)F,A
EED,,,,85,O=C1c2ncn3c(NCc4c(F)ccc5c4CCO5)ncc(c23)-c2cnc(C(F)(F)F)cc2CN1C1CC(F)(F)C1,A
EED,,,,86,Cc1nc2c(s1)-c1cnc(NCc3c(F)ccc4c3CCO4)n3cnc(c13)C(=O)N(C1CC1)C2,A
EED,,,,87,O=C1c2ncn3c(NCc4c(F)ccc5c4CCO5)ncc(c23)-c2sccc2CN1C1CC1,A
EED,,,,88,O=C1c2ncn3c(NCc4c(F)ccc5c4CCO5)ncc(c23)-c2ccsc2CN1C1CC1,A
EED,,,,93,CC1CC(N2Cc3cc(C(F)(F)F)ccc3-c3cnc(NCc4c(F)ccc5c4CCO5)n4cnc(c34)C2=O)CC(C)O1,A
EED,,,,94,O=S1(=O)Cc2ncccc2-c2cnc(NCc3c(F)ccc4c3CCO4)n3cnc1c23,A
EED,,,,95,Cc1ccc2c(n1)CS(=O)(=O)c1ncn3c(NCc4c(F)ccc5c4CCO5)ncc-2c13,A
EED,,,,97,Cc1ccc2c(n1)CCS(=O)(=O)c1ncn3c(NCc4c(F)ccc5c4CCO5)ncc-2c13,A
EED,,,,98,CC1CC(N2Cc3cc(C(F)(F)F)ncc3-c3cnc(NCc4c(F)ccc5c4CCO5)n4cnc(c34)C2=O)CC(C)O1,A
EED,,,,99,CS(=O)(=O)c1ncn2c(NCc3c(F)ccc4c3CCO4)ncc(-c3ccccc3)c12,A
EED,,,,100,CS(=O)(=O)c1ccc(-c2cnc(NCc3c(F)ccc4c3CCO4)n3cnc(S(C)(=O)=O)c23)cc1,A
EED,,,,101,Cc1ncccc1-c1cnc(NCc2c(F)ccc3c2CCO3)n2cnc(S(C)(=O)=O)c12,A
EED,,,,102,CS(=O)(=O)c1ncn2c(NCc3c(F)ccc4c3CCO4)ncc(-c3ccc(C(F)(F)F)nc3)c12,A
EED,,,,103,Cc1ccc(-c2cnc(NCc3c(F)ccc4c3CCO4)n3cnc(S(C)(=O)=O)c23)cn1,A
EED,,,,104,CS(=O)(=O)c1ncn2c(NCc3c(F)ccc4c3CCO4)ncc(-c3ccc(F)cc3)c12,A
EED,,,,105,CS(=O)(=O)c1ccc(-c2cnc(NCc3c(F)ccc4c3CCO4)n3cnc(S(C)(=O)=O)c23)cn1,A
EED,,,,106,Cn1cc(-c2cnc(NCc3c(F)ccc4c3CCO4)n3cnc(S(C)(=O)=O)c23)cn1,A
EED,,,,107,CS(=O)(=O)c1ncn2c(NCc3c(F)ccc4c3CCO4)ncc(-c3ccc(C(F)F)nc3)c12,A
EED,,,,108,Cc1ccc(-c2cnc(NCc3c(F)ccc4c3CCO4)n3cnc(S(C)(=O)=O)c23)c(C)n1,A
EED,,,,109,Cc1nc(C(F)(F)F)ccc1-c1cnc(NCc2c(F)ccc3c2CCO3)n2cnc(S(C)(=O)=O)c12,A
EED,,,,110,Cc1cc(S(C)(=O)=O)ccc1-c1cnc(NCc2c(F)ccc3c2CCO3)n2cnc(S(C)(=O)=O)c12,A
EED,,,,111,CS(=O)(=O)c1ncn2c(NCc3c(F)ccc4c3CCO4)ncc(-c3ccc(C4CC4)nc3)c12,A
EED,,,,112,CS(=O)(=O)c1ccc(-c2cnc(NCc3c(F)ccc4c3CCO4)n3cnc(C(F)(F)F)c23)cc1,A
EED,,,,113,Fc1ccc2c(c1CNc1ncc(-c3ccc(C(F)(F)F)cc3)c3c(C(F)(F)F)ncn13)CCO2,A
EED,,,,114,Fc1ccc(-c2cnc(NCc3c(F)ccc4c3CCO4)n3cnc(C(F)(F)F)c23)cc1,A
EED,,,,115,Cc1ccc(-c2cnc(NCc3c(F)ccc4c3CCO4)n3cnc(C(F)(F)F)c23)c(C)n1,A
EED,,,,116,Fc1ccc2c(c1CNc1ncc(-c3ccc(C(F)(F)F)nc3)c3c(C(F)(F)F)ncn13)CCO2,A
EED,,,,117,CP(C)(=O)c1ncn2c(NCc3c(F)ccc4c3CCO4)ncc(-c3ccc(C(F)F)nc3)c12,A
EED,,,,118,CP(C)(=O)c1ncn2c(NCc3c(F)ccc4c3CCO4)ncc(-c3ccc(F)cc3)c12,A
EED,,,,119,CP(C)(=O)c1ncn2c(NCc3c(F)ccc4c3CCO4)ncc(-c3ccc(C(F)(F)F)nc3)c12,A
EED,,,,120,CCP(=O)(CC)c1ncn2c(NCc3c(F)ccc4c3CCO4)ncc(-c3ccc(C(F)(F)F)nc3)c12,A
EED,,,,121,CCP(=O)(CC)c1ncn2c(NCc3c(F)ccc4c3CCO4)ncc(-c3ccc(C(F)(F)F)cc3)c12,A
EED,,,,122,CCP(=O)(CC)c1ncn2c(NCc3c(F)ccc4c3CCO4)ncc(-c3ccc(S(C)(=O)=O)cc3)c12,A
EED,,,,E1,Cc1ccc2c(n1)CN(C(C)C)C(=O)c1ncn3c(NCc4c(F)ccc5c4CCO5)ncc-2c13,A
EED,,,,E2,Cc1cc2c(cn1)-c1cnc(NCc3c(F)ccc4c3CCO4)n3cnc(c13)C(=O)N(C(C)C)C2,A
EED,,,,E3,Cc1ccc2c(n1)CN(CC(F)(F)F)C(=O)c1ncn3c(NCc4c(F)ccc5c4CCO5)ncc-2c13,A
EED,,,,E4,CC(C)N1Cc2cc(C#N)ccc2-c2cnc(NCc3c(F)ccc4c3CCO4)n3cnc(c23)C1=O,A
EED,,,,E5,O=C1c2ncn3c(NCc4c(F)ccc5c4CCO5)ncc(c23)-c2cnc(C(F)(F)F)cc2CN1C1CCC1,A
EED,,,,E6,Cc1ccc2c(n1)CN(CC(F)F)C(=O)c1ncn3c(NCc4c(F)ccc5c4CCO5)ncc-2c13,A
EED,,,,E7,Cc1ccc2c(n1)CN(CC(C)(F)F)C(=O)c1ncn3c(NCc4c(F)ccc5c4CCO5)ncc-2c13,A
EED,,,,E8,O=C1c2ncn3c(NCc4c(F)ccc5c4CCO5)ncc(c23)-c2ccc(C(F)(F)F)nc2CN1CC(F)F,A
EED,,,,E9,Cc1cc2c(cn1)-c1cnc(NCc3c(F)ccc4c3CCO4)n3cnc(c13)C(=O)N(CC(F)F)C2,A
EED,,,,E10,Cc1cnc2n1Cc1cc(C(F)(F)F)ncc1-c1cnc(NCc3c(F)ccc4c3CCO4)n3cnc-2c13,A
EED,,,,E11,CC(C)N1Cc2cc(C(F)F)ncc2-c2cnc(NCc3c(F)ccc4c3CCO4)n3cnc(c23)C1=O,A
EED,,,,E12,CCc1ccc2c(n1)CN(CC(F)(F)F)C(=O)c1ncn3c(NCc4c(F)ccc5c4CCO5)ncc-2c13,A
EED,,,,E13,CCc1ccc2c(n1)CN(CC(F)F)C(=O)c1ncn3c(NCc4c(F)ccc5c4CCO5)ncc-2c13,A
EED,,,,E14,O=C1c2ncn3c(NCc4c(F)ccc5c4CCO5)ncc(c23)-c2ccc(C3CC3)nc2CN1CC(F)(F)F,A
EED,,,,E15,CC(C)c1ccc2c(n1)CN(CC(F)(F)F)C(=O)c1ncn3c(NCc4c(F)ccc5c4CCO5)ncc-2c13,A
EED,,,,E16,CCc1ccc2c(n1)CN(CC(C)(F)F)C(=O)c1ncn3c(NCc4c(F)ccc5c4CCO5)ncc-2c13,A
EED,,,,E17,Cc1cnc2n1Cc1ncccc1-c1cnc(NCc3c(F)ccc4c3CCO4)n3cnc-2c13,A
EED,,,,E18,Cc1ccc2c(n1)Cn1c(C)cnc1-c1ncn3c(NCc4c(F)ccc5c4CCO5)ncc-2c13,A
EED,,,,E19,[2H]C([2H])([2H])c1ccc2c(n1)CN(CC(F)(F)F)C(=O)c1ncn3c(NCc4c(F)ccc5c4CCO5)ncc-2c13,A
EED,,,,E20,[2H]C([2H])(Nc1ncc2c3c(ncn13)C(=O)N(CC(F)(F)F)Cc1nc(C)ccc1-2)c1c(F)ccc2c1CCO2,A
EED,,,,E21,[2H]C([2H])(Nc1ncc2c3c(ncn13)C(=O)N(CC1CCCCC1)Cc1nc(C(=O)OCc3ccccc3)ccc1-2)c1c(F)ccc2c1CCO2,A
EED,,,,E22,[2H]C1Oc2ccc(F)c(C([2H])([2H])Nc3ncc4c5c(ncn35)C(=O)N(CC(F)(F)F)Cc3nc(C)ccc3-4)c2C1[2H],A
EED,,,,E23,[2H]C1Oc2ccc(F)c(C([2H])([2H])Nc3ncc4c5c(ncn35)C(=O)N(CC(F)(F)F)Cc3nc(C([2H])([2H])[2H])ccc3-4)c2C1[2H],A
EED,,,,E24,[2H]C([2H])(Nc1ncc2c3c(ncn13)C(=O)N(CC(F)(F)F)Cc1cc(C(=O)N(C)C)ccc1-2)c1c(F)ccc2c1CCO2,A
EED,,,,E25,Cc1ccc(-c2cc(C#N)c(NCc3c(F)ccc4c3CCO4)n3cnc(S(C)(=O)=O)c23)c(C)n1,A
EED,,,,E26,CS(=O)(=O)c1ncn2c(NCc3c(F)ccc4c3CCO4)c(C#N)cc(-c3ccc(C4CC4)nc3)c12,A
EED,,,,E27,Cc1ncccc1-c1cc(C#N)c(NCc2c(F)ccc3c2CCO3)n2cnc(S(C)(=O)=O)c12,A
EED,,,,E28,O=C1NCCc2ccccc2-c2cnc(NCc3c(F)ccc4c3CCO4)n3cnc1c23,A
EED,,,,E29,Cc1ccc2c(n1)CCNC(=O)c1ncn3c(NCc4c(F)ccc5c4CCO5)ncc-2c13,A
EED,,,,E30,Cc1ccc2c(n1)CCN(CC(F)(F)F)C(=O)c1ncn3c(NCc4c(F)ccc5c4CCO5)ncc-2c13,A
EED,,,,E31,CC(C)N1CCc2cc(C(F)(F)F)ncc2-c2cnc(NCc3c(F)ccc4c3CCO4)n3cnc(c23)C1=O,A
EED,,,,E32,Fc1ccc2c(c1CNc1ncc3c4c(ncn14)-c1nccn1Cc1nc(C(F)(F)F)ccc1-3)CCO2,A
EED,,,,E33,Fc1ccc2c(c1CNc1ncc3c4c(ncn14)-c1nccn1Cc1cc(C(F)(F)F)ncc1-3)CCO2,A
EED,,,,E34,Cc1ccc2c(n1)Cn1ccnc1-c1ncn3c(NCc4c(F)ccc5c4CCO5)ncc-2c13,A
EED,,,,E35,Cc1onc2c1Cc1cc(C(F)(F)F)ncc1-c1cnc(NCc3c(F)ccc4c3CCO4)n3cnc-2c13,A
EED,,,,E36,Cc1ccc2c(n1)Cc1conc1-c1ncn3c(NCc4c(F)ccc5c4CCO5)ncc-2c13,A
EED,,,,E37,CCc1cnc2n1Cc1cc(C(F)(F)F)ncc1-c1cnc(NCc3c(F)ccc4c3CCO4)n3cnc-2c13,A
EED,,,,E38,CCc1cnc2n1Cc1nc(C)ccc1-c1cnc(NCc3c(F)ccc4c3CCO4)n3cnc-2c13,A
EED,,,,E39,Cc1ccc2c(n1)CN(CC(F)(F)F)C(=O)c1ncn3c(NCc4c(F)ccc5c4CCCO5)ncc-2c13,A
EED,,,,E40,CC(C)N1Cc2cc(C(F)(F)F)ncc2-c2cnc(NCc3c(F)ccc4c3CCO4)n3cnc(c23)C1=O,A
EED,,,,E45,O=C1c2ncn3c(NCc4c(F)ccc5c4CCO5)ncc(c23)-c2ccc(C3CCOCC3)nc2CN1CC(F)(F)F,A
EED,,,,E46,CC(C)(C)c1cc2c(cn1)-c1cnc(NCc3c(F)ccc4c3CCO4)n3cnc(c13)C(=O)N(CC(F)(F)F)C2,A
EED,,,,E47,CC(C)c1ccc2c(n1)CN(CC(F)F)C(=O)c1ncn3c(NCc4c(F)ccc5c4CCO5)ncc-2c13,A
EED,,,,E48,O=C1c2ncn3c(NCc4c(F)ccc5c4CCO5)ncc(c23)-c2ccc(C3COCCO3)nc2CN1CC(F)(F)F,A
EED,,,,E49,O=C1c2ncn3c(NCc4c(F)ccc5c4CCO5)ncc(c23)-c2ccc(CC3COCCO3)nc2CN1CC(F)(F)F,A
EED,,,,E50,CC(C)(C)c1ccc2c(n1)CN(CC(F)(F)F)C(=O)c1ncn3c(NCc4c(F)ccc5c4CCO5)ncc-2c13,A
EED,,,,E51,O=C1c2ncn3c(NCc4c(F)ccc5c4CCO5)ncc(c23)-c2ccc(C3COC3)nc2CN1CC(F)(F)F,A
EED,,,,E52,O=C1c2ncn3c(NCc4c(F)ccc5c4CCO5)ncc(c23)-c2ccc(C3CCC3)nc2CN1CC(F)(F)F,A
EED,,,CN114269748,6,Cn1nccc1-c1cnc(NCc2c(F)ccc3c2CCO3)n2cc(CO)nc12,B
EED,,,,7,Cc1cc(-c2cnc(NCc3c(F)ccc4c3CCO4)n3cc(C(C)O)nc23)n(C)n1,B
EED,,,,9,COCc1cn2c(NCc3c(F)ccc4c3CCO4)ncc(-c3cc(C)nn3C)c2n1,C
EED,,,,10,Cc1cc(-c2cnc(NCc3c(F)ccc4c3CCO4)n3cc(CN)nc23)n(C)n1,B
EED,,,,11,Cc1cc(-c2cnc(NCc3c(F)ccc4c3CCO4)n3cc(C(C)N)nc23)n(C)n1,B
EED,,,,12,Cc1cc(-c2cnc(NCc3c(F)ccc4c3CCO4)n3cc(C(C)N)nc23)n(C)n1,B
EED,,,,13,Cc1cc(S(C)(=O)=O)ccc1-c1cnc(NCc2c(F)ccc3c2CCO3)n2cc(CN)nc12,B
EED,,,,15,Cn1nc(C(F)(F)F)cc1-c1cnc(NCc2c(F)ccc3c2CCO3)n2cc(CN)nc12,B
EED,,,,16,NCc1cn2c(NCc3c(F)ccc4c3CCO4)ncc(-c3cc(F)cc(F)c3)c2n1,C
EED,,,,17,Cc1c(F)cccc1-c1cnc(NCc2c(F)ccc3c2CCO3)n2cc(CN)nc12,C
EED,,,,18,Cn1nccc1-c1cnc(NCc2c(F)ccc3c2CCO3)n2cc(CN)nc12,B
EED,,,,19,Cc1ncccc1-c1cnc(NCc2c(F)ccc3c2CCO3)n2cc(CN)nc12,B
EED,,,,20,COc1ccc(-c2cnc(NCc3c(F)ccc4c3CCO4)n3cc(CN)nc23)c(C)n1,B
EED,,,,21,Cc1cccc(-c2cnc(NCc3c(F)ccc4c3CCO4)n3cc(CN)nc23)c1,C
EED,,,,22,NCc1cn2c(NCc3c(F)ccc4c3CCO4)ncc(-c3ccccc3Cl)c2n1,C
EED,,,,23,Cc1cc(-c2cnc(NCc3cccc4c3CCO4)n3cc(CN)nc23)n(C)n1,C
EED,,,,24,Cc1cc(-c2cnc(NCc3c(F)ccc4occc34)n3cc(CN)nc23)n(C)n1,B
EED,,,,27,Cc1cc(-c2cnc(NCc3c(F)ccc4c3CCO4)n3cc(CNCCS(=O)(=O)F)nc23)n(C)n1,C
EED,,,,28,Cc1cc(-c2cnc(NCc3c(F)ccc4c3CCO4)n3cc(CN(CCS(=O)(=O)F)CCS(=O)(=O)F)nc23)n(C)n1,C
EED,,,,29,Cn1nccc1-c1cnc(NCc2c(F)ccc3c2CCO3)n2cc(CN3CCC3)nc12,C
EED,,,,30,Cc1cc(-c2cnc(NCc3c(F)ccc4c3CCO4)n3cc(CNC4CCC4)nc23)n(C)n1,B
EED,,,,31,Cc1cc(-c2cnc(NCc3c(F)ccc4c3CCO4)n3cc(CN4CC(O)C4)nc23)n(C)n1,C
EED,,,,32,Cc1cc(-c2cnc(NCc3c(F)ccc4c3CCO4)n3cc(CNCc4ccccc4)nc23)n(C)n1,B
EED,,,,33,Cc1cc(-c2cnc(NCc3c(F)ccc4c3CCO4)n3cc(CNC4CC4)nc23)n(C)n1,B
EED,,,,34,Cc1cc(S(C)(=O)=O)ccc1-c1cnc(NCc2c(F)ccc3c2CCO3)n2cc(C(C)N)nc12,B
EED,,,,35,Cc1cc(C(=O)N(C)C)ncc1-c1cnc(NCc2c(F)ccc3c2CCO3)n2cc(C(C)N)nc12,B
EED,,,,36,CC(N)c1cn2c(NCc3c(F)ccc4c3CCO4)ncc(-c3cc(C(F)(F)F)nn3C)c2n1,B
EED,,,,37,Cc1cc(CN(C)C)ccc1-c1cnc(NCc2c(F)ccc3c2CCO3)n2cc(C(C)N)nc12,B
EED,,,,38,Cc1cc(-c2cnc(NCc3c(F)ccc4c3CCO4)n3cc(C(C)N)nc23)ccn1,B
EED,,,,39,Cc1ncccc1-c1cnc(NCc2c(F)ccc3c2CCO3)n2cc(C(C)N)nc12,B
EED,,,,40,CC(N)c1cn2c(NCc3c(F)ccc4c3CCO4)ncc(-c3cc(C#N)nn3C)c2n1,B
EED,,,,41,Cc1cc(-c2cnc(NCc3c(F)ccc4c3CCO4)n3cc(C(N)C4CC4)nc23)n(C)n1,B
EED,,,,44,Cc1cc(-c2cnc(NCc3c(F)ccc4c3CCO4)n3cc(-c4nnco4)nc23)n(C)n1,B
EED,,,,45,Cc1cc(-c2cnc(NCc3c(F)ccc4c3CCO4)n3cc(-c4cnco4)nc23)n(C)n1,B
EED,,,US20190142837,1,Cc1cc(-c2cnc(NCc3c(F)ccc4c3CCO4)n3cnnc23)n(C)n1,A
EED,,,,2,Cc1ncccc1-c1cnc(NCc2c(F)ccc3c2CCO3)n2cnnc12,A
EED,,,,3,Cc1ncc(-c2cnc(NCc3c(F)ccc4c3CCO4)n3cnnc23)c(C)n1,A
EED,,,,4,Cc1nn(C(C)C)cc1-c1cnc(NCc2c(F)ccc3c2CCO3)n2cnnc12,A
EED,,,,5,COc1cc(C)c(-c2cnc(NCc3c(F)ccc4c3CCO4)n3cnnc23)c(C)n1,A
EED,,,,6,Cc1nc(C2CC2)ccc1-c1cnc(NCc2c(F)ccc3c2CCO3)n2cnnc12,A
EED,,,,7,CC(C)(C)[Si](C)(C)OCc1ncccc1-c1cnc(NCc2c(F)ccc3c2CCO3)n2cnnc12,A
EED,,,,8,Cc1nc(C2CC2)ncc1-c1cnc(NCc2c(F)ccc3c2CCO3)n2cnnc12,A
EED,,,,9,Cc1nc(OC(C)C)ncc1-c1cnc(NCc2c(F)ccc3c2CCO3)n2cnnc12,A
EED,,,,10,[O-][n+]1cccc(-c2cnc(NCc3c(F)ccc4c3CCO4)n3cnnc23)c1,A
EED,,,,11,CN(C)Cc1ccc(-c2cnc(NCc3cccc4c3CCO4)n3cnnc23)cc1,A
EED,,,,12,CS(=O)(=O)c1ccc(-c2cnc(NCc3cccc4c3CCO4)n3cnnc23)cc1,A
EED,,,,13,c1ccc(-c2cnc(NCc3cccc4c3CCO4)n3cnnc23)cc1,A
EED,,,,14,CC(c1ccc(-c2cnc(NCc3cccc4c3CCO4)n3cnnc23)cc1)N1CCCC1,A
EED,,,,15,CN(C)S(=O)(=O)c1ccc(-c2cnc(NCc3cccc4c3CCO4)n3cnnc23)cc1,A
EED,,,,16,c1cncc(-c2cnc(NCc3cccc4c3CCO4)n3cnnc23)c1,A
EED,,,,17,c1cc(CNc2ncc(-c3ccncc3)c3nncn23)c2c(c1)OCC2,A
EED,,,,18,CN1CCN(c2cc(-c3cnc(NCc4cccc5c4CCO5)n4cnnc34)ccn2)CC1,A
EED,,,,19,CS(=O)(=O)Nc1ccc(-c2cnc(NCc3cccc4c3CCO4)n3cnnc23)cc1,A
EED,,,,20,CN1CCN(c2ccc(-c3cnc(NCc4cccc5c4CCO5)n4cnnc34)cn2)CC1,A
EED,,,,21,COc1ccc(-c2cnc(NCc3cccc4c3CCO4)n3cnnc23)cn1,A
EED,,,,22,CC1Cc2c(CNc3ncc(-c4ccc(CN(C)C)cc4)c4nncn34)cccc2O1,C
EED,,,,23,CN(C)Cc1ccc(-c2cnc(NCc3c(F)ccc4c3CCO4)n3cnnc23)cc1,A
EED,,,,25,Cn1cc(-c2cnc(NCc3cccc4c3CCO4)n3cnnc23)cn1,A
EED,,,,26,CS(=O)(=O)c1ccc(-c2cnc(NCc3cccc4c3CCO4)n3cnnc23)c(F)c1,A
EED,,,,27,CS(=O)(=O)c1cccc(-c2cnc(NCc3cccc4c3CCO4)n3cnnc23)c1,A
EED,,,,28,CS(=O)(=O)c1ccc(-c2cnc(NCc3cccc4c3CCO4)n3cnnc23)cn1,A
EED,,,,29,O=S(=O)(c1ccc(-c2cnc(NCc3cccc4c3CCO4)n3cnnc23)cc1)C1CCNCC1,A
EED,,,,30,Cc1nn(C)cc1-c1cnc(NCc2cccc3c2CCO3)n2cnnc12,A
EED,,,,31,Fc1ccccc1-c1cnc(NCc2cccc3c2CCO3)n2cnnc12,A
EED,,,,32,Clc1ccccc1-c1cnc(NCc2cccc3c2CCO3)n2cnnc12,A
EED,,,,33,CS(=O)(=O)Nc1ccc(-c2cnc(NCc3cccc4c3CCO4)n3cnnc23)cc1F,A
EED,,,,34,OCCn1cc(-c2cnc(NCc3cccc4c3CCO4)n3cnnc23)cn1,A
EED,,,,35,CN(C)CCc1ccc(-c2cnc(NCc3cccc4c3CCO4)n3cnnc23)cc1,A
EED,,,,36,Cc1cc(-c2cnc(NCc3cccc4c3CCO4)n3cnnc23)cnc1N1CCN(C)CC1,A
EED,,,,37,CS(=O)(=O)c1ccc(-c2cnc(NCc3c(F)ccc4c3CCO4)n3cnnc23)cc1,A
EED,,,,38,OCCOc1ccc(-c2cnc(NCc3cccc4c3CCO4)n3cnnc23)cc1,A
EED,,,,39,CS(=O)(=O)Nc1ccc(-c2cnc(NCc3c(F)ccc4c3CCO4)n3cnnc23)cc1F,A
EED,,,,40,O=S(=O)(NCCO)c1ccc(-c2cnc(NCc3cccc4c3CCO4)n3cnnc23)cc1,A
EED,,,,41,O=C(c1ccc(-c2cnc(NCc3cccc4c3CCO4)n3cnnc23)cc1)N1CCNCC1,A
EED,,,,42,CN(C)C(=O)c1ccc(-c2cnc(NCc3cccc4c3CCO4)n3cnnc23)cc1,A
EED,,,,43,CN(C)C(=O)c1cccc(-c2cnc(NCc3cccc4c3CCO4)n3cnnc23)c1,A
EED,,,,44,Fc1ccc2c(c1CNc1ncc(-c3cccnc3)c3nncn13)CCO2,A
EED,,,,45,Fc1ccc2c(c1CNc1ncc(-c3ccncc3)c3nncn13)CCO2,A
EED,,,,46,CC(c1ccc(-c2cnc(NCc3c(F)ccc4c3CCO4)n3cnnc23)cc1)N1CCCC1,A
EED,,,,47,Fc1ccncc1-c1cnc(NCc2c(F)ccc3c2CCO3)n2cnnc12,A
EED,,,,48,Nc1ccc(-c2cnc(NCc3cccc4c3CCO4)n3cnnc23)cn1,A
EED,,,,49,Cc1cc(-c2cnc(NCc3cccc4c3CCO4)n3cnnc23)ccc1C(=O)N(C)C,A
EED,,,,50,Clc1ccncc1-c1cnc(NCc2cccc3c2CCO3)n2cnnc12,A
EED,,,,51,c1cc(CNc2ncc(-c3cncnc3)c3nncn23)c2c(c1)OCC2,B
EED,,,,52,Cc1ccc(-c2cnc(NCc3cccc4c3CCO4)n3cnnc23)cn1,A
EED,,,,53,CN(C)CCc1ccc(-c2cnc(NCc3cccc4c3CCO4)n3cnnc23)cn1,A
EED,,,,54,COc1ncc(-c2cnc(NCc3cccc4c3CCO4)n3cnnc23)cn1,A
EED,,,,55,CN(C)C(=O)c1ccc(-c2cnc(NCc3c(F)ccc4c3CCO4)n3cnnc23)cc1,A
EED,,,,56,CS(=O)(=O)c1ccc(-c2cnc(NCc3c(F)ccc4c3CCO4)n3cnnc23)cn1,A
EED,,,,57,Cc1ccc(-c2cnc(NCc3c(F)ccc4c3CCO4)n3cnnc23)cn1,A
EED,,,,58,Nc1cc(F)c(-c2cnc(NCc3cccc4c3CCO4)n3cnnc23)cn1,A
EED,,,,59,Cc1noc(C)c1-c1cnc(NCc2cccc3c2CCO3)n2cnnc12,A
EED,,,,60,Cc1ncc(-c2cnc(NCc3cccc4c3CCO4)n3cnnc23)cn1,A
EED,,,,61,CN(C)c1ccc(-c2cnc(NCc3cccc4c3CCO4)n3cnnc23)cn1,A
EED,,,,62,N#Cc1ccc(-c2cnc(NCc3cccc4c3CCO4)n3cnnc23)cn1,A
EED,,,,63,CCOc1ccc(-c2cnc(NCc3cccc4c3CCO4)n3cnnc23)cn1,A
EED,,,,64,Cc1c(-c2cnc(NCc3cccc4c3CCO4)n3cnnc23)cnn1C,A
EED,,,,65,c1cc(CNc2ncc(-c3ccc(C4CC4)nc3)c3nncn23)c2c(c1)OCC2,A
EED,,,,66,COCCn1nc(C)c(-c2cnc(NCc3cccc4c3CCO4)n3cnnc23)c1C,A
EED,,,,67,Cc1nn(CCO)c(C)c1-c1cnc(NCc2cccc3c2CCO3)n2cnnc12,A
EED,,,,68,O=C(c1ccc(-c2cnc(NCc3cccc4c3CCO4)n3cnnc23)cn1)N1CCOCC1,A
EED,,,,69,c1cc(CNc2ncc(-c3ccc(N4CCOCC4)nc3)c3nncn23)c2c(c1)OCC2,B
EED,,,,70,Cc1cc(-c2cnc(NCc3cccc4c3CCO4)n3cnnc23)cnc1S(C)(=O)=O,A
EED,,,,71,Cc1noc(C)c1-c1cnc(NCc2c(F)ccc3c2CCO3)n2cnnc12,A
EED,,,,72,CN1CCN(C(=O)c2ccc(-c3cnc(NCc4c(F)ccc5c4CCO5)n4cnnc34)cc2)CC1,A
EED,,,,73,Cc1cc(-c2cnc(NCc3cccc4c3CCO4)n3cnnc23)cnc1N1CCOCC1,A
EED,,,,74,CC1CN(c2ccc(-c3cnc(NCc4cccc5c4CCO5)n4cnnc34)cn2)CC(C)O1,A
EED,,,,75,CS(=O)(=O)CCOc1ccc(-c2cnc(NCc3cccc4c3CCO4)n3cnnc23)cc1,A
EED,,,,76,Nc1ccncc1-c1cnc(NCc2cccc3c2CCO3)n2cnnc12,A
EED,,,,77,c1cc(CNc2ncc(-c3cncc(N4CCNCC4)c3)c3nncn23)c2c(c1)OCC2,A
EED,,,,78,FC(F)Oc1ccc(-c2cnc(NCc3cccc4c3CCO4)n3cnnc23)cn1,B
EED,,,,79,CNC(=O)c1ccc(-c2cnc(NCc3cccc4c3CCO4)n3cnnc23)cn1,A
EED,,,,80,O=C(c1ccc(-c2cnc(NCc3cccc4c3CCO4)n3cnnc23)cn1)N1CCCC1,A
EED,,,,81,c1cc(CNc2ncc(-c3ccc(N4CCSCC4)nc3)c3nncn23)c2c(c1)OCC2,A
EED,,,,82,Cc1nn(C(C)C)cc1-c1cnc(NCc2cccc3c2CCO3)n2cnnc12,A
EED,,,,83,COCc1ncc(-c2cnc(NCc3cccc4c3CCO4)n3cnnc23)cc1C,A
EED,,,,84,CC(O)c1ccc(-c2cnc(NCc3cccc4c3CCO4)n3cnnc23)cn1,A
EED,,,,85,Fc1ccncc1-c1cnc(NCc2cccc3c2CCO3)n2cnnc12,A
EED,,,,88,COCCc1ccc(-c2cnc(NCc3cccc4c3CCO4)n3cnnc23)cn1,A
EED,,,,87,O=C1CCCN1c1cncc(-c2cnc(NCc3cccc4c3CCO4)n3cnnc23)c1,A
EED,,,,88,CN(C)c1ncc(-c2cnc(NCc3cccc4c3CCO4)n3cnnc23)cn1,A
EED,,,,89,CN(C)CCc1cccc(-c2cnc(NCc3cccc4c3CCO4)n3cnnc23)c1,A
EED,,,,90,CC1(C)COC(c2cncc(-c3cnc(NCc4cccc5c4CCO5)n4cnnc34)c2)=N1,A
EED,,,,91,Fc1ccc2c(c1CNc1ncc(-c3ccc(N4CCSCC4)nc3)c3nncn13)CCO2,A
EED,,,,92,Fc1ccc2c(c1CNc1ncc(-c3ccc(N4CCOCC4)nc3)c3nncn13)CCO2,A
EED,,,,93,N#Cc1ccc(-c2cnc(NCc3c(F)ccc4c3CCO4)n3cnnc23)cn1,A
EED,,,,94,Fc1ccccc1-c1cnc(NCc2c(F)ccc3c2CCO3)n2cnnc12,A
EED,,,,95,CN(C)C(=O)c1ccc(-c2cnc(NCc3cccc4c3CCO4)n3cnnc23)cn1,A
EED,,,,96,CC1CCCN1c1ccc(-c2cnc(NCc3cccc4c3CCO4)n3cnnc23)cn1,A
EED,,,,97,COC(=O)N1CCN(c2ccc(-c3cnc(NCc4cccc5c4CCO5)n4cnnc34)cn2)CC1,A
EED,,,,98,CS(=O)(=O)CCCOc1cncc(-c2cnc(NCc3cccc4c3CCO4)n3cnnc23)c1,A
EED,,,,99,CC(C)(O)c1ccc(-c2cnc(NCc3cccc4c3CCO4)n3cnnc23)cn1,A
EED,,,,100,FC1(F)CCN(CCc2ccc(-c3cnc(NCc4cccc5c4CCO5)n4cnnc34)cn2)C1,A
EED,,,,101,CC1(C)COC(c2ccc(-c3cnc(NCc4cccc5c4CCO5)n4cnnc34)cn2)=N1,A
EED,,,,102,CN(C)CCN(C)C(=O)c1ccc(-c2cnc(NCc3cccc4c3CCO4)n3cnnc23)cn1,A
EED,,,,103,Cc1cc(-c2cnc(NCc3cccc4c3CCO4)n3cnnc23)cnc1N1CCCC1,B
EED,,,,104,O=C1CN(c2ccc(-c3cnc(NCc4cccc5c4CCO5)n4cnnc34)cn2)CCN1,A
EED,,,,105,Cc1cc(-c2cnc(NCc3cccc4c3CCO4)n3cnnc23)cnc1N1CCNC(=O)C1,A
EED,,,,106,CS(=O)(=O)CCOc1cncc(-c2cnc(NCc3cccc4c3CCO4)n3cnnc23)c1,A
EED,,,,107,O=CN1CCN(CCc2ccc(-c3cnc(NCc4cccc5c4CCO5)n4cnnc34)cn2)CC1,A
EED,,,,108,CC(=O)N1CCN(CCc2ccc(-c3cnc(NCc4cccc5c4CCO5)n4cnnc34)cn2)CC1,A
EED,,,,109,O=C1CN(CCc2ccc(-c3cnc(NCc4cccc5c4CCO5)n4cnnc34)cn2)CCN1,A
EED,,,,110,OCCN1CCN(c2ccc(-c3cnc(NCc4cccc5c4CCO5)n4cnnc34)cn2)CC1,A
EED,,,,111,CNc1cc(F)c(-c2cnc(NCc3cccc4c3CCO4)n3cnnc23)cn1,A
EED,,,,112,CN(C)c1cc(F)c(-c2cnc(NCc3cccc4c3CCO4)n3cnnc23)cn1,A
EED,,,,113,O=CN1CCCN(c2ccc(-c3cnc(NCc4cccc5c4CCO5)n4cnnc34)cn2)CC1,A
EED,,,,114,CCNC(=O)c1ccc(-c2cnc(NCc3cccc4c3CCO4)n3cnnc23)cn1,A
EED,,,,115,Fc1ccc2c(c1CNc1ncc(-c3cccnc3F)c3nncn13)CCO2,A
EED,,,,116,Cc1cc(-c2cnc(NCc3c(F)ccc4c3CCO4)n3cnnc23)ccn1,A
EED,,,,117,O=C1OCCN1c1ccc(-c2cnc(NCc3cccc4c3CCO4)n3cnnc23)cn1,A
EED,,,,118,Cc1ccncc1-c1cnc(NCc2c(F)ccc3c2CCO3)n2cnnc12,A
EED,,,,119,Fc1ccc2c(c1CNc1ncc(-c3ccc(C4CC4)nc3)c3nncn13)CCO2,A
EED,,,,120,Fc1ccc2c(c1CNc1ncc(-c3ccnc(N4CCOCC4)c3)c3nncn13)CCO2,A
EED,,,,121,N#Cc1ccccc1-c1cnc(NCc2c(F)ccc3c2CCO3)n2cnnc12,A
EED,,,,122,NC(=O)c1ccccc1-c1cnc(NCc2c(F)ccc3c2CCO3)n2cnnc12,A
EED,,,,123,Cc1ncccc1-c1cnc(NCc2cccc3c2CCO3)n2cnnc12,A
EED,,,,124,Fc1ccc2c(c1CNc1ncc(-c3cnccc3Cl)c3nncn13)CCO2,A
EED,,,,125,O=C1CNCCN1c1ccc(-c2cnc(NCc3cccc4c3CCO4)n3cnnc23)cn1,A
EED,,,,126,OC1CN(c2ccc(-c3cnc(NCc4cccc5c4CCO5)n4cnnc34)cn2)C1,A
EED,,,,127,Cc1cc(S(C)(=O)=O)ncc1-c1cnc(NCc2c(F)ccc3c2CCO3)n2cnnc12,A
EED,,,,128,Cc1cc(S(C)(=O)=O)ccc1-c1cnc(NCc2c(F)ccc3c2CCO3)n2cnnc12,A
EED,,,,129,O=C(c1ccc(-c2cnc(NCc3c(F)ccc4c3CCO4)n3cnnc23)cn1)N1CCCC1,A
EED,,,,130,Cc1cc(C(=O)N2CCCC2)ncc1-c1cnc(NCc2c(F)ccc3c2CCO3)n2cnnc12,A
EED,,,,131,Cc1cc(C(=O)N(C)C)ncc1-c1cnc(NCc2c(F)ccc3c2CCO3)n2cnnc12,A
EED,,,,132,Cc1nn(C)c(C)c1-c1cnc(NCc2c(F)ccc3c2CCO3)n2cnnc12,A
EED,,,,133,O=C1CN(Cc2ccc(-c3cnc(NCc4cccc5c4CCO5)n4cnnc34)cn2)CCN1,A
EED,,,,134,O=CN1CCN(c2ccc(-c3cnc(NCc4cccc5c4CCO5)n4cnnc34)cn2)CC1,A
EED,,,,135,CN(C)C(=O)CCc1ccc(-c2cnc(NCc3cccc4c3CCO4)n3cnnc23)cn1,A
EED,,,,136,Fc1ccc2c(c1CNc1ncc(-c3cnccc3C(F)(F)F)c3nncn13)CCO2,A
EED,,,,137,COCc1cc(-c2cnc(NCc3cccc4c3CCO4)n3cnnc23)cnc1C,A
EED,,,,138,COc1cc(Cl)c(-c2cnc(NCc3c(F)ccc4c3CCO4)n3cnnc23)cn1,A
EED,,,,139,Cc1nc(S(C)(=O)=O)ccc1-c1cnc(NCc2c(F)ccc3c2CCO3)n2cnnc12,A
EED,,,,140,CN(C)C(=O)c1ccc(-c2cnc(NCc3c(F)ccc4c3CCO4)n3cnnc23)cn1,A
EED,,,,141,COc1ncccc1-c1cnc(NCc2c(F)ccc3c2CCO3)n2cnnc12,A
EED,,,,142,COc1ccc(-c2cnc(NCc3c(F)ccc4c3CCO4)n3cnnc23)cn1,A
EED,,,,143,CCn1nccc1-c1cnc(NCc2c(F)ccc3c2CCO3)n2cnnc12,A
EED,,,,144,CC(C)n1nccc1-c1cnc(NCc2c(F)ccc3c2CCO3)n2cnnc12,A
EED,,,,145,COc1cc(-c2cnc(NCc3c(F)ccc4c3CCO4)n3cnnc23)ccn1,A
EED,,,,146,Fc1ccc2c(c1CNc1ncc(-c3ccc(Cl)cc3Cl)c3nncn13)CCO2,A
EED,,,,147,Cn1cc(-c2cnc(NCc3c(F)ccc4c3CCO4)n3cnnc23)cn1,A
EED,,,,148,CC(C)n1cc(-c2cnc(NCc3c(F)ccc4c3CCO4)n3cnnc23)c(C(F)(F)F)n1,A
EED,,,,149,c1cc(CNc2ncc(-c3cnn(C4CC4)c3)c3nncn23)c2c(c1)OCC2,A
EED,,,,150,Fc1ccc2c(c1CNc1ncc(-c3cnn(C4CC4)c3)c3nncn13)CCO2,A
EED,,,,151,Cc1nn(C(C)C)c(C)c1-c1cnc(NCc2c(F)ccc3c2CCO3)n2cnnc12,A
EED,,,,152,Cn1nccc1-c1cnc(NCc2cccc3c2CCO3)n2cnnc12,A
EED,,,,153,Cc1nn(C(C)C)c(C)c1-c1cnc(NCc2cccc3c2CCO3)n2cnnc12,A
EED,,,,154,FC(F)c1ccc(-c2cnc(NCc3cccc4c3CCO4)n3cnnc23)cn1,A
EED,,,,155,COc1ccc(-c2cnc(NCc3c(F)ccc4c3CCO4)n3cnnc23)c(C)n1,A
EED,,,,156,Cc1nc(N)ccc1-c1cnc(NCc2c(F)ccc3c2CCO3)n2cnnc12,A
EED,,,,157,Fc1ccc(-c2cnc(NCc3c(F)ccc4c3CCO4)n3cnnc23)c(Cl)c1,A
EED,,,,158,Cc1nn(CCO)c(C)c1-c1cnc(NCc2c(F)ccc3c2CCO3)n2cnnc12,A
EED,,,,159,COCCn1nc(C)c(-c2cnc(NCc3c(F)ccc4c3CCO4)n3cnnc23)c1C,A
EED,,,,160,Fc1ccc2c(c1CNc1ncc(-c3ccc(C(F)(F)F)nc3)c3nncn13)CCO2,A
EED,,,,161,COc1cc(F)c(-c2cnc(NCc3c(F)ccc4c3CCO4)n3cnnc23)cn1,A
EED,,,,162,Fc1ccc2c(c1CNc1ncc(-c3ccncc3Cl)c3nncn13)CCO2,A
EED,,,,163,Cc1cnccc1-c1cnc(NCc2c(F)ccc3c2CCO3)n2cnnc12,A
EED,,,,164,Cc1nc(F)ccc1-c1cnc(NCc2c(F)ccc3c2CCO3)n2cnnc12,A
EED,,,,165,Cc1cc(F)ccc1-c1cnc(NCc2c(F)ccc3c2CCO3)n2cnnc12,A
EED,,,,166,Fc1ccc2c(c1CNc1ncc(-c3cnccc3C(F)(F)F)c3nncn13)CCO2,A
EED,,,,167,Cc1ccc(-c2cnc(NCc3c(F)ccc4c3CCO4)n3cnnc23)c(C)n1,A
EED,,,,168,Fc1ccc2c(c1CNc1ncc(-c3cccnc3C(F)F)c3nncn13)CCO2,A
EED,,,,169,Cn1nccc1-c1cnc(NCc2c(F)ccc3c2CCO3)n2cnnc12,A
EED,,,,170,Cn1cc(-c2cnc(NCc3c(F)ccc4c3CCO4)n3cnnc23)c(C(F)(F)F)n1,A
EED,,,,171,CC(=O)NCc1ccc(-c2cnc(NCc3c(F)ccc4c3CCO4)n3cnnc23)cn1,A
EED,,,,172,Cc1c(-c2cnc(NCc3c(F)ccc4c3CCO4)n3cnnc23)cnn1C,A
EED,,,,173,Cc1cc(C2CC2)ncc1-c1cnc(NCc2c(F)ccc3c2CCO3)n2cnnc12,A
EED,,,,174,COc1ncc(-c2cnc(NCc3c(F)ccc4c3CCO4)n3cnnc23)cn1,A
EED,,,,175,COc1ncc(-c2cnc(NCc3c(F)ccc4c3CCO4)n3cnnc23)c(C)n1,A
EED,,,,176,Cc1ncncc1-c1cnc(NCc2c(F)ccc3c2CCO3)n2cnnc12,A
EED,,,,177,Cc1nccc(-c2cnc(NCc3c(F)ccc4c3CCO4)n3cnnc23)c1C,A
EED,,,,178,Cc1cc(C#N)ccc1-c1cnc(NCc2c(F)ccc3c2CCO3)n2cnnc12,A
EED,,,,179,Cc1nn(C2CC2)c(C)c1-c1cnc(NCc2c(F)ccc3c2CCO3)n2cnnc12,A
EED,,,,180,Cc1c(-c2cnc(NCc3c(F)ccc4c3CCO4)n3cnnc23)ccnc1F,A
EED,,,,181,Cc1c(-c2cnc(NCc3c(F)ccc4c3CCO4)n3cnnc23)ccnc1C(F)F,A
EED,,,,182,Cc1c(-c2cnc(NCc3c(F)ccc4c3CCO4)n3cnnc23)ccnc1CF,A
EED,,,,183,Cc1cnc(F)cc1-c1cnc(NCc2c(F)ccc3c2CCO3)n2cnnc12,A
EED,,,,184,Cc1cnc(C(F)(F)F)cc1-c1cnc(NCc2c(F)ccc3c2CCO3)n2cnnc12,A
EED,,,,185,Fc1ccc2c(c1CNc1ncc(-c3ccnc(C(F)(F)F)c3)c3nncn13)CCO2,A
EED,,,,186,Cc1nn(C[C@@H](C)O)c(C)c1-c1cnc(NCc2c(F)ccc3c2CCO3)n2cnnc12,A
EED,,,,187,Cc1nn(C[C@H](C)O)c(C)c1-c1cnc(NCc2c(F)ccc3c2CCO3)n2cnnc12,A
EED,,,,188,Cc1c(-c2cnc(NCc3c(F)ccc4c3CCO4)n3cnnc23)cnn1C(C)C,A
EED,,,,189,Cc1c(-c2cnc(NCc3c(F)ccc4c3CCO4)n3cnnc23)cnn1CCO,A
EED,,,,190,Cc1nn(CCO)cc1-c1cnc(NCc2c(F)ccc3c2CCO3)n2cnnc12,A
EED,,,,191,Fc1ccc2c(c1CNc1ncc(-c3cncnc3C(F)F)c3nncn13)CCO2,A
EED,,,,192,Fc1ccc2c(c1CNc1ncc(-c3ccnn3C3CC3)c3nncn13)CCO2,A
EED,,,,193,FCc1ncccc1-c1cnc(NCc2c(F)ccc3c2CCO3)n2cnnc12,A
EED,,,,194,Cc1cc(-c2cnc(NCc3c(F)ccc4c3CCO4)n3cnnc23)c(C)cn1,A
EED,,,,195,Cc1nn(C)cc1-c1cnc(NCc2c(F)ccc3c2CCO3)n2cnnc12,A
EED,,,,196,CCOc1cc(C)c(-c2cnc(NCc3c(F)ccc4c3CCO4)n3cnnc23)cn1,A
EED,,,,197,Cc1cc(OC(F)F)ncc1-c1cnc(NCc2c(F)ccc3c2CCO3)n2cnnc12,A
EED,,,,198,Cc1cnc(C(F)F)cc1-c1cnc(NCc2c(F)ccc3c2CCO3)n2cnnc12,A
EED,,,,199,Cc1nc(C(=O)N(C)C)ccc1-c1cnc(NCc2c(F)ccc3c2CCO3)n2cnnc12,A
EED,,,,200,Cn1cc(-c2cnc(NCc3c(F)ccc4c3CCO4)n3cnnc23)c(C(F)F)n1,A
EED,,,,201,Cc1ccc(-c2cnc(NCc3c(F)ccc4c3CCO4)n3cnnc23)c(C(F)F)n1,A
EED,,,,202,Fc1ccc2c(c1CNc1ncc(-c3ccnnc3)c3nncn13)CCO2,A
EED,,,,203,Cc1ncccc1-c1c(C)nc(NCc2c(F)ccc3c2CCO3)n2cnnc12,A
EED,,,,204,Cc1c(-c2cnc(NCc3c(F)ccc4c3CCO4)n3cnnc23)ccc[n+]1[O-],A
EED,,,,205,Fc1ccc2c(c1CNc1ncc(-c3cnccn3)c3nncn13)CCO2,A
EED,,,,206,Fc1ccc2c(c1CNc1ncc(-c3cncnc3)c3nncn13)CCO2,A
EED,,,,207,CN(C)Cc1ccc(-c2cnc(NCc3cccc4occc34)n3cnnc23)cc1,A
EED,,,,208,CN1CCN(c2ccc(-c3cnc(NCc4cccc5occc45)n4cnnc34)cc2)CC1,A
EED,,,,209,CC(c1ccc(-c2cnc(NCc3cccc4occc34)n3cnnc23)cc1)N1CCCC1,A
EED,,,,210,CN1CCN(c2ccc(-c3cnc(NCc4cccc5occc45)n4cnnc34)cn2)CC1,A
EED,,,,211,CN1CCN(c2cc(-c3cnc(NCc4cccc5occc45)n4cnnc34)ccn2)CC1,A
EED,,,,213,c1cncc(-c2cnc(NCc3cccc4occc34)n3cnnc23)c1,A
EED,,,,214,CS(=O)(=O)c1ccc(-c2cnc(NCc3cccc4occc34)n3cnnc23)cc1,A
EED,,,,215,CC(C)S(=O)(=O)c1ccc(-c2cnc(NCc3cccc4occc34)n3cnnc23)cc1,A
EED,,,,216,O=C(c1ccc(-c2cnc(NCc3cccc4occc34)n3cnnc23)cc1)N1CCCC1,B
EED,,,,217,c1ccc(-c2cnc(NCc3cccc4occc34)n3cnnc23)cc1,B
EED,,,,218,c1cc(CNc2ncc(-c3ccncc3)c3nncn23)c2ccoc2c1,A
EED,,,,219,CN(C)Cc1ccc(-c2cnc(NCc3c(F)ccc4occc34)n3cnnc23)cc1,A
EED,,,,220,CN1CCC(S(=O)(=O)c2ccc(-c3cnc(NCc4cccc5occc45)n4cnnc34)cc2)CC1,A
EED,,,,221,Fc1ccc2c(c1CNc1ncc(-c3cncnc3)c3nncn13)CCO2,A
EED,,,,222,Cc1cc(C)c(-c2cnc(NCc3c(F)ccc4c3CCO4)n3cnnc23)cn1,A
EED,,,,223,Cc1nc(CN(C)C)ccc1-c1cnc(NCc2c(F)ccc3c2CCO3)n2cnnc12,A
EED,,,,224,CCc1cc(C)c(-c2cnc(NCc3c(F)ccc4c3CCO4)n3cnnc23)cn1,A
EED,,,,225,Cc1nc(OC2CC2)ncc1-c1cnc(NCc2c(F)ccc3c2CCO3)n2cnnc12,A
EED,,,,226,CCOc1ncc(-c2cnc(NCc3c(F)ccc(C)c3CC)n3cnnc23)c(C)n1,A
EED,,,,227,Cn1ncc(-c2cnc(NCc3c(F)ccc4c3CCO4)n3cnnc23)c1CO,A
EED,,,,228,Cc1cnc(Cl)cc1-c1cnc(NCc2c(F)ccc3c2CCO3)n2cnnc12,A
EED,,,,229,CCc1ccc(-c2cnc(NCc3c(F)ccc4c3CCO4)n3cnnc23)c(C)n1,A
EED,,,,230,COc1nccc(-c2cnc(NCc3c(F)ccc4c3CCO4)n3cnnc23)c1C,A
EED,,,,231,Fc1ccc2c(c1CNc1ncc(-c3ccccn3)c3nncn13)CCO2,A
EED,,,,232,Cc1cncc(-c2cnc(NCc3c(F)ccc4c3CCO4)n3cnnc23)c1,A
EED,,,,233,Cc1cn(-c2cnc(NCc3c(F)ccc4c3CCO4)n3cnnc23)cn1,A
EED,,,,234,OCc1ccc(-c2cnc(NCc3c(F)ccc4c3CCO4)n3cnnc23)cn1,A
EED,,,,235,Fc1ccc2c(c1CNc1ncc(F)c3nncn13)CCO2,A
EED,,,,236,Cc1cn(-c2cnc(NCc3c(F)ccc4c3CCO4)n3cnnc23)c(C)n1,A
EED,,,,237,Fc1ccc2c(c1CNc1ncc(-n3cccn3)c3nncn13)CCO2,A
EED,,,,238,Cc1ncn(-c2cnc(NCc3c(F)ccc4c3CCO4)n3cnnc23)n1,A
EED,,,,239,Cc1cnn(-c2cnc(NCc3c(F)ccc4c3CCO4)n3cnnc23)c1,A
EED,,,,240,Fc1ccc2c(c1CNc1ncc(-n3ccnc3)c3nncn13)CCO2,A
EED,,,,241,Fc1ccc2c(c1CNc1ncc(-n3cncn3)c3nncn13)CCO2,A
EED,,,,242,Cc1ncccc1-c1cnc(NCc2c(F)ccc3c2C(O)CO3)n2cnnc12,A
EED,,,,243,OCc1ncccc1-c1cnc(NCc2c(F)ccc3c2C(O)CO3)n2cnnc12,A
EED,,,,244,Cc1ncccc1-c1cnc(NCc2c(F)ccc3c2C(O)CO3)n2cnnc12,A
EED,,,,245,Cc1ncc(-c2cnc(NCc3c(F)ccc4c3CCO4)n3cnnc23)n1C,A
EED,,,WO2020219448,1,NS(=O)(=O)c1ccc(-c2cnc(NCc3c(F)ccc4c3CCO4)c3cnncc23)cc1, A
EED,,,,2,Fc1ccc2c(c1CNc1ncc(-c3ccc(CN4CCCC4)cc3)c3cnncc13)CCO2, A
EED,,,,3,Cc1cc(S(C)(=O)=O)ccc1-c1cnc(NCc2c(F)ccc3c2CCO3)c2cnncc12, A
EED,,,,4,Cc1cc(C(=O)N(C)C)ncc1-c1cnc(NCc2c(F)ccc3c2CCO3)c2cnncc12, A
EED,,,,5,Cc1c(-c2cnc(NCc3c(F)ccc4c3CCO4)c3cnncc23)ccc(CN(C)C)c1F, A
EED,,,,6,Cc1cc(CN(C)C)ccc1-c1cnc(NCc2c(F)ccc3c2CCO3)c2cnncc12, A
EED,,,,7,CNS(=O)(=O)c1ccc(-c2cnc(NCc3c(F)ccc4c3CCO4)c3cnncc23)cc1, A
EED,,,,8,CN(C)S(=O)(=O)c1ccc(-c2cnc(NCc3c(F)ccc4c3CCO4)c3cnncc23)cc1, A
EED,,,,9,CN(C)C(=O)c1ccc(-c2cnc(NCc3c(F)ccc4c3CCO4)c3cnncc23)cc1, A
EED,,,,10,CN(C)S(=O)(=O)c1ccc(-c2cnc(NCc3c(F)ccc4c3CCO4)c3cnncc23)cn1, A
EED,,,,11,Cc1ncccc1-c1cnc(NCc2c(F)ccc3c2CCO3)c2cnncc12, A
EED,,,,12,Cc1cc(-c2cnc(NCc3c(F)ccc4c3CCO4)c3cnncc23)ccn1, A
EED,,,,13,Cc1cc(-c2cnc(NCc3c(F)ccc4c3CCO4)c3cnncc23)n(C)n1, A
EED,,,,14,CN(C)Cc1ccc(-c2cnc(NCc3c(F)ccc4c3CCO4)c3cnncc23)cc1F, A
EED,,,,15,CN(C)C(=O)c1cc(-c2cnc(NCc3c(F)ccc4c3CCO4)c3cnncc23)n(C)n1, A
EED,,,,16,Cn1nc(C#N)cc1-c1cnc(NCc2c(F)ccc3c2CCO3)c2cnncc12, A
EED,,,,17,CN1CCc2cc(-c3cnc(NCc4c(F)ccc5c4CCO5)c4cnncc34)ccc2C1, A
EED,,,,18,CN(C)CCn1nccc1-c1cnc(NCc2c(F)ccc3c2CCO3)c2cnncc12, B
EED,,,,19,CNCc1ccc(-c2cnc(NCc3c(F)ccc4c3CCO4)c3cnncc23)c(C)c1, A
EED,,,,20,CCNCc1ccc(-c2cnc(NCc3c(F)ccc4c3CCO4)c3cnncc23)c(C)c1, A
EED,,,,21,CNCc1ccc(-c2cnc(NCc3c(F)ccc4c3CCO4)c3cnncc23)cc1, B
EED,,,,22,Cc1cc(-c2cnc(NCc3c(F)ccc4c3CCO4)c3cncnc23)n(C)n1, A
EED,,,,23,CN(C)Cc1ccc(-c2cnc(NCc3c(F)ccc4c3CCO4)c3cncnc23)cc1, B
EED,,,,24,Cc1cc(CN(C)C)ccc1-c1cnc(NCc2c(F)ccc3c2CCO3)c2cncnc12, A
EED,,,,25,CN(C)Cc1ccc(-c2cnc(NCc3cccc4c3CCO4)c3cncnc23)cc1, B
EED,,,,26,CNCc1ccc(-c2cnc(NCc3c(F)ccc4c3CCO4)c3cncnc23)c(C)c1, A
EED,,,,27,CSc1ncc2c(NCc3c(F)ccc4c3CCO4)ncc(-c3cc(C)nn3C)c2n1, B
EED,,,,28,COc1ncc2c(NCc3c(F)ccc4c3CCO4)ncc(-c3cc(C)nn3C)c2n1, B
EED,,,,29,Cc1cc(-c2cnc(NCc3c(F)ccc4c3CCO4)c3cnccc23)n(C)n1, B
EED,,,,32,CN(C)C(=O)c1cc(-c2cnc(NCc3c(F)ccc4c3CCO4)c3cnccc23)n(C)n1, A
EED,,,,35,Cc1cc(-c2cnc(NCc3c(F)ccc4c3CCO4)c3c[nH]c(=O)cc23)n(C)n1, A
EED,,,,36,Cc1ncccc1-c1cnc(NCc2c(F)ccc3c2CCO3)c2c[nH]c(=O)cc12, B
EED,,,,37,O=c1cc2c(-c3ccc(CN4CCCC4)cc3)cnc(NCc3c(F)ccc4c3CCO4)c2c[nH]1, B
EED,,,,38,CN(C)Cc1ccc(-c2cnc(NCc3c(F)ccc4c3CCO4)c3c[nH]c(=O)cc23)cc1, B
EED,,,,40,Cc1cc(S(C)(=O)=O)ccc1-c1cnc(NCc2c(F)ccc3c2CCO3)c2c[nH]c(=O)cc12, B
EED,,,,41,Cc1cc(CN(C)C)ccc1-c1cnc(NCc2c(F)ccc3c2CCO3)c2c[nH]c(=O)cc12, B
EED,,,,44,Cc1cc(-c2cnc(NCc3c(F)ccc4c3CCO4)c3cnc(OCCN(C)C)cc23)n(C)n1, B
EED,,,,45,COCCOc1cc2c(-c3cc(C)nn3C)cnc(NCc3c(F)ccc4c3CCO4)c2cn1, B
EED,,,,46,CN(C)CCn1nccc1-c1cnc(NCc2c(F)ccc3c2CCO3)c2c[nH]c(=O)cc12, B
EED,,,,47,Cn1nc(C(N)=O)cc1-c1cnc(NCc2c(F)ccc3c2CCO3)c2c[nH]c(=O)cc12, B
EED,,,,48,Cn1nc(C#N)cc1-c1cnc(NCc2c(F)ccc3c2CCO3)c2c[nH]c(=O)cc12, B
EED,,,,51,Cc1cc(-c2cnc(NCc3c(F)ccc4c3CCO4)c3cccnc23)n(C)n1, B
EED,,,,53,Cc1cc(-c2cnc(NCc3c(F)ccc4c3CCO4)c3ccc(=O)[nH]c23)n(C)n1, B
EED,,,,56,Cc1cc(-c2cnc(NCc3c(F)ccc4c3CCO4)c3ccncc23)n(C)n1, B
EED,,,CN110734436,1,CS(=O)(=O)c1ccc(-c2cnc(NCc3cccc4c3CCO4)c3nncn23)cc1,B
EED,,,,2,CS(=O)(=O)c1ccc(-c2cnc(NCc3c(F)ccc4c3CCO4)c3nncn23)cc1,A
EED,,,,3,Cc1ncccc1-c1cnc(NCc2c(F)ccc3c2CCO3)c2nncn12,A
EED,,,,4,Cc1ccncc1-c1cnc(NCc2c(F)ccc3c2CCO3)c2nncn12,A
EED,,,,5,Fc1ccc2c(c1CNc1ncc(Br)n3cnnc13)CCCO2,B
EED,,,,6,Cc1ccncc1-c1cnc(NCc2c(F)ccc3c2CCCO3)c2nncn12,A
EED,,,,7,Cc1ncccc1-c1cnc(NCc2c(F)ccc3c2CCCO3)c2nncn12,A
EED,,,,8,Clc1cc(-c2cnc(NCc3c(Cl)ccc4c3CCO4)c3nncn23)ccn1,A
EED,,,,9,NC(=O)c1ccc(-c2cnc(NCc3c(F)ccc4c3CCCO4)c3nncn23)cc1,A
EED,,,,10,NC1CC=C(c2cnc(NCc3c(F)ccc4c3CCCO4)c3nncn23)CC1,B
EED,,,,11,NC1CC=C(c2cnc(NCc3c(F)ccc4c3CCCO4)c3nncn23)CC1,A
EED,,,,12,Cc1ncccc1-c1cnc(NCc2c(F)ccc3occc23)c2nncn12,A
EED,,,,13,CS(=O)(=O)c1ccc(-c2cnc(NCc3c(F)ccc4occc34)c3nncn23)cc1,A
EED,,,,16,Cc1ncccc1-c1cnc(NCc2c(F)ccc3c2OCO3)c2nncn12,B
EED,,,,17,CS(=O)(=O)c1ccc(-c2cnc(NCc3c(F)ccc4c3OCO4)c3nncn23)cc1,B
EED,,,,18,Fc1ccc2c(c1CNc1ncc(C3CC3)n3cnnc13)CCCO2,B
EED,,,,20,Fc1ccc2c(c1CNc1ncc(Sc3ccccc3)n3cnnc13)CCCO2,B
EED,,,,22,CS(=O)(=O)c1ccc(-c2cnc(NCc3c(F)ccc4c3CCO4)c3ncnn23)cc1,B
EED,,,,23,Cc1ncccc1-c1cnc(NCc2c(F)ccc3c2CCO3)c2ncnn12,A
EED,,,,24,Cc1ccncc1-c1cnc(NCc2c(F)ccc3c2CCO3)c2ncnn12,A
EED,,,,25,Fc1ccc2c(c1CNc1ncc(Br)n3ncnc13)CCCO2,B
EED,,,,26,Cc1ncccc1-c1cnc(NCc2c(F)ccc3c2CCCO3)c2ncnn12,A
EED,,,,27,Cc1ccncc1-c1cnc(NCc2c(F)ccc3c2CCCO3)c2ncnn12,A
EED,,,,28,Fc1ccc2c(c1CNc1ncc(-c3cncnc3)n3ncnc13)CCCO2,A
EED,,,,29,C=C(C)c1cnc(NCc2c(F)ccc3c2CCCO3)c2ncnn12,B
EED,,,,30,Fc1ccc2c(c1CNc1ncc(-c3ccc(Cl)cc3)n3ncnc13)CCO2,A
EED,,,,31,Cc1cnc(NCc2c(F)ccc3c2CCCO3)c2ncnn12,B
EED,,,,32,CN1CC=C(c2cnc(NCc3c(F)ccc4c3CCO4)c3ncnn23)CC1,A
EED,,,,33,Clc1ccc2c(c1CNc1ncc(C3=CCNCC3)n3ncnc13)CCO2,A
EED,,,,34,CS(=O)(=O)c1ccc(-c2cnc(NCc3c(F)ccc4c3CCO4)n3ncnc23)cc1,A
EED,,,,35,Cc1ncccc1-c1cnc(NCc2c(F)ccc3c2CCO3)n2ncnc12,A
EED,,,,36,Cc1ccncc1-c1cnc(NCc2c(F)ccc3c2CCO3)n2ncnc12,A
EED,,,,37,Cc1ncccc1-c1cnc(NCc2c(F)ccc3c2CCCO3)n2ncnc12,A
EED,,,,38,Cc1ccncc1-c1cnc(NCc2c(F)ccc3c2CCCO3)n2ncnc12,A
EED,,,,39,Fc1ccc2c(c1CNc1ncc(-c3ccc(Cl)cc3Cl)c3ncnn13)CCCO2,B
EED,,,,40,Fc1ccc2c(c1CNc1ncc(-c3ccccc3Cl)c3ncnn13)CCCO2,A
EED,,,,43,Fc1ccc2c(c1CNc1ncc(-c3cccc(Cl)c3)c3ncnn13)CCCO2,A
EED,,,,44,Fc1ccc2c(c1CNc1ncc(-c3cccc(Cl)c3Cl)c3ncnn13)CCO2,A
EED,,,,45,COc1ccc(-c2cnc(NCc3c(F)ccc4c3CCO4)n3ncnc23)cc1,A
EED,,,,46,Cc1nsc(C)c1-c1cnc(NCc2c(Cl)ccc3c2CCO3)n2ncnc12,A
EED,,,,47,C=Cc1cnc(NCc2c(F)ccc3c2CCO3)n2ncnc12,B
EED,,,,48,Fc1ccc2c(c1CNc1ncc(C3=CCC(F)(F)CC3)c3ncnn13)CCO2,B
EED,,,,49,N#Cc1cnc(NCc2c(F)ccc3c2CCO3)c2nncn12,A
EED,,,,50,CS(=O)(=O)c1ccc(-c2cnc(NCc3c(F)ccc4c3CCO4)c3nsnc23)cc1,B
EED,,,CN110563722,1,Fc1ccc2c(c1CNc1cncc3cncnc13)CCO2,A
EED,,,,2,Fc1ccc2c(c1CNc1ncc(I)c3ncncc13)COCO2,A
EED,,,,3,Fc1ccc2c(c1CNc1ncc(I)c3ncncc13)CCCO2,A
EED,,,,4,COc1cccc(F)c1CNc1ncc(I)c2ncncc12,B
EED,,,,6,Cc1ncc2c(NCc3c(F)ccc4c3CCO4)ncc(Br)c2n1,A
EED,,,,7,CC1=NC2=C(Br)CNC(Nc3c(F)ccc4c3CCO4)=C2CN1C,A
EED,,,,8,CS(=O)(=O)c1ccc(-c2cnc(NCc3cccc4c3CCO4)c3cncnc23)cc1,A
EED,,,,10,CS(=O)(=O)c1ccc(C2=C3C=CNC=C3N(NCc3c(F)ccc4c3CCO4)C=C2)cc1,B
EED,,,,11,CS(=O)(=O)c1ccc(-c2nnc(NCc3c(F)ccc4c3CCO4)c3cnccc23)cc1,B
EED,,,,14,Cc1ncccc1C1=C2C=CNC=C2N(NCc2c(F)ccc3c2CCO3)C=C1,A
EED,,,,15,CC1=CN(Nc2c(F)ccc3c2CCO3)C2=CNC=CC2=C1c1cccnc1C,A
EED,,,,16,Fc1ccc2c(c1CNc1ncc(-c3cccc(Cl)c3Cl)c3ncncc13)CCO2,A
EED,,,,17,Fc1ccccc1-c1cnc(NCc2c(F)ccc3c2CCO3)c2cncnc12,A
EED,,,,18,Fc1ccc2c(c1CNc1ncc(-c3cccc(Cl)c3)c3ncncc13)CCO2,A
EED,,,,19,Fc1ccc(-c2cnc(NCc3c(F)ccc4c3CCO4)c3cncnc23)cc1,A
EED,,,,20,COc1ccc(-c2cnc(NCc3c(F)ccc4c3CCO4)c3cncnc23)cc1,A
EED,,,,21,NC(=O)c1ccc(-c2cnc(NCc3c(F)ccc4c3CCO4)c3cncnc23)cc1,A
EED,,,,22,Fc1ccc2c(c1CNc1ncc(-c3cncnc3)c3ncncc13)CCO2,A
EED,,,,23,Fc1ccc2c(c1CNc1ncc(-c3ccco3)c3ncncc13)CCO2,A
EED,,,,24,Cc1ncccc1-c1cnc(NCc2c(F)ccc3c2CCO3)c2cncnc12,A
EED,,,,25,Cc1ncccc1C1=C2N=CN(C)CC2=C(Nc2c(F)ccc3c2CCO3)NC1,A
EED,,,,26,Cc1ccncc1C1=C2N=CN(C)CC2=C(Nc2c(F)ccc3c2CCO3)NC1,A
EED,,,,27,Cc1ccc(-c2cnc(NCc3c(F)ccc4c3CCO4)c3cncnc23)cn1,A
EED,,,,28,Cc1cncc(-c2cnc(NCc3c(F)ccc4c3CCO4)c3cncnc23)c1,A
EED,,,,29,Cc1ccncc1-c1cnc(NCc2c(F)ccc3c2CCO3)c2cncnc12,A
EED,,,,30,Fc1ccc2c(c1CNc1ncc(-c3cccnc3)c3ncncc13)CCO2,A
EED,,,,31,Fc1ccc2c(c1CNc1ncc(-c3ccncc3)c3ncncc13)CCO2,A
EED,,,,32,Fc1ccc2c(c1CNc1ncc(-c3ccc(C(F)(F)F)nc3)c3ncncc13)CCO2,A
EED,,,,33,Fc1cncc(-c2cnc(NCc3c(F)ccc4c3CCO4)c3cncnc23)c1,A
EED,,,,34,Fc1ccc2c(c1CNc1ncc(-c3cncc(Cl)c3)c3ncncc13)CCO2,A
EED,,,,35,Fc1ccc2c(c1CNc1ncc(-c3ccc(Cl)nc3)c3ncncc13)CCO2,A
EED,,,,36,Fc1ccc2c(c1CNc1ncc(-c3cc(Cl)cnc3F)c3ncncc13)CCO2,A
EED,,,,37,Fc1ccc(-c2cnc(NCc3c(F)ccc4c3CCO4)c3cncnc23)c(F)c1,A
EED,,,,38,CCOC(=O)/C=C/c1cnc(NCc2c(F)ccc3c2CCO3)c2cncnc12,A
EED,,,,39,Cc1noc(C)c1-c1cnc(NCc2c(F)ccc3c2CCO3)c2cncnc12,A
EED,,,,40,Fc1ccc2c(c1CNc1ncc(-c3cncs3)c3ncncc13)CCO2,A
EED,,,,42,Fc1ccc2c(c1CNc1ncc(C3=CCCCC3)c3ncncc13)CCO2,A
EED,,,,43,Fc1ccc2c(c1CNc1ncc(C3=CCC(F)(F)CC3)c3ncncc13)CCO2,A
EED,,,,44,CN1CC=C(c2cnc(NCc3c(F)ccc4c3CCO4)c3cncnc23)CC1,A
EED,,,,46,NC1CC=C(c2cnc(NCc3c(F)ccc4c3CCO4)c3cncnc23)CC1,A
EED,,,,47,Fc1ccc2c(c1CNc1ncc(C3=CCNCC3)c3ncncc13)CCO2,A
EED,,,,48,Cc1cnc(NCc2c(F)ccc3c2CCO3)c2cncnc12,A
EED,,,,49,Fc1ccc2c(c1CNc1ncc(C3CC3)c3ncncc13)CCO2,A
EED,,,,50,Fc1ccc2c(c1CNc1ncc(C3=CCOCC3)c3ncncc13)CCO2,A
EED,,,,51,N#Cc1cnc(NCc2c(F)ccc3c2CCO3)c2cncnc12,A
EED,,,,52,Cc1c(Sc2cnc(NCc3c(F)ccc4c3CCO4)c3cncnc23)ccnc1Cl,A
EED,,,,53,Fc1ccccc1Sc1cnc(NCc2c(F)ccc3c2CCO3)c2cncnc12,A
EED,,,,54,Nc1cnc(N(Cc2c(F)ccc3c2CCO3)c2ccccn2)c2cncnc12,A
EED,,,,55,Nc1cnc(N(Cc2ccccc2)Cc2c(F)ccc3c2CCO3)c2cncnc12,B
EED,,,,56,Fc1ccc2c(c1CNc1ncc(Oc3ccccc3)c3ncncc13)CCO2,B
EED,,,,57,Cc1ncccc1-c1cnc(NCc2c(F)ccc3occc23)c2cncnc12,A
EED,,,,58,Cc1ccncc1-c1cnc(NCc2c(F)ccc3occc23)c2cncnc12,A
EED,,,,59,Cc1ccncc1-c1cnc(NCc2c(F)ccc3c2OCO3)c2cncnc12,A
EED,,,,60,Cc1ccncc1-c1cnc(NCc2c(F)ccc3c2OCCO3)c2cncnc12,A
EED,,,,62,Cc1ccncc1-c1cnc(NCc2c(F)ccc3c2COCO3)c2cncnc12,A
EED,,,,63,Cc1ncccc1-c1cnc(NCc2c(F)ccc3c2CCCO3)c2cncnc12,A
EED,,,,64,Cc1ccncc1-c1cnc(NCc2c(F)ccc3c2CCCO3)c2cncnc12,A
EED,,,,65,Cc1cncc(-c2cnc(NCc3c(F)ccc4c3CCCO4)c3cncnc23)c1,A
EED,,,,66,Fc1ccc2c(c1CNc1ncc(-c3cccnc3)c3ncncc13)CCCO2,A
EED,,,,67,Fc1ccc2c(c1CNc1ncc(-c3ccncc3)c3ncncc13)CCCO2,A
EED,,,,68,Fc1ccc2c(c1CNc1ncc(-c3cccnc3F)c3ncncc13)CCCO2,A
EED,,,,69,Fc1cncc(-c2cnc(NCc3c(F)ccc4c3CCCO4)c3cncnc23)c1,A
EED,,,,70,Fc1ccc2c(c1CNc1ncc(-c3ccc(N4CCOCC4)nc3)c3ncncc13)CCCO2,A
EED,,,,71,CN1CCN(c2ccc(-c3cnc(NCc4c(F)ccc5c4CCCO5)c4cncnc34)cn2)CC1,A
EED,,,,72,Cc1nn(C)cc1-c1cnc(NCc2c(F)ccc3c2CCCO3)c2cncnc12,A
EED,,,,73,Fc1ccc2c(c1CNc1ncc(-c3ccc(C(F)(F)F)nc3)c3ncncc13)CCCO2,A
EED,,,,74,Fc1ccc(-c2cnc(NCc3c(F)ccc4c3CCCO4)c3cncnc23)cn1,A
EED,,,,75,Fc1ccc2c(c1CNc1ncc(-c3cncc(Cl)c3)c3ncncc13)CCCO2,A
EED,,,,76,Cc1ccc(-c2cnc(NCc3c(F)ccc4c3CCCO4)c3cncnc23)cn1,A
EED,,,,77,Fc1ccc2c(c1CNc1ncc(-c3cc(Cl)cnc3F)c3ncncc13)CCCO2,A
EED,,,,78,Fc1ccc2c(c1CNc1ncc(-c3cncnc3)c3ncncc13)CCCO2,A
EED,,,,79,Fc1ccc2c(c1CNc1ncc(-c3cnsc3)c3ncncc13)CCCO2,A
EED,,,,80,Cc1noc(C)c1-c1cnc(NCc2c(F)ccc3c2CCCO3)c2cncnc12,A
EED,,,,81,N#Cc1cnc(NCc2c(F)ccc3c2CCCO3)c2cncnc12,A
EED,,,,82,COc1cccc(F)c1CNc1ncc(-c2cccnc2C)c2ncncc12,A
EED,,,,83,Cc1ncc2c(NCc3c(F)ccc4c3CCO4)ncc(-c3cccnc3C)c2n1,A
EED,,,,84,CC1=NC2=C(c3cccnc3C)CNC(Nc3c(F)ccc4c3CCO4)=C2CN1C,A
EED,,,,85,CSc1ncc2c(NCc3c(F)ccc4c3CCO4)ncc(-c3cccnc3C)c2n1,A
EED,,,CN111518100,1,Cc1ncccc1-c1cnc(NCc2c(Cl)ccc3c2[C@@H]2C[C@@H]2O3)n2cnnc12,A
EED,,,,2,Cc1ncccc1-c1cnc(NCc2c(Cl)ccc3c2[C@H]2C[C@H]2O3)n2cnnc12,A
EED,,,,3,Cc1ncccc1-c1cnc(NCc2c(Cl)ccc3c2C2CC2O3)n2cnnc12,A
EED,,,,4,Clc1ccc2c(c1CNc1ncc(-c3ccc(C(Cl)(Cl)Cl)cc3)c3nncn13)C1CC1O2,A
EED,,,,5,Clc1ccc2c(c1CNc1ncc(C3=CCOCC3)c3nncn13)C1CC1O2,A
EED,,,,6,Clc1ccccc1-c1cnc(NCc2c(Cl)ccc3c2C2CC2O3)n2cnnc12,A
EED,,,,7,Clc1ccc2c(c1CNc1ncc(-c3cncnc3)c3nncn13)C1CC1O2,A
EED,,,,8,NC(=O)c1ccc(-c2cnc(NCc3c(Cl)ccc4c3C3CC3O4)n3cnnc23)cc1,A
EED,,,,9,Cc1ccncc1-c1cnc(NCc2c(Cl)ccc3c2C2CC2O3)n2cnnc12,A
EED,,,,10,Cc1nc(Cl)ccc1-c1cnc(NCc2c(Cl)ccc3c2C2CC2O3)n2cnnc12,A
EED,,,,11,Clc1ccc(-c2cnc(NCc3c(Cl)ccc4c3C3CC3O4)n3cnnc23)cc1,A
EED,,,,12,CC(C)(C)OC(=O)N1CC=C(c2cnc(NCc3c(Cl)ccc4c3C3CC3O4)n3cnnc23)C(Cl)=C1Cl,A
EED,,,,13,Cc1noc(C)c1-c1cnc(NCc2c(Cl)ccc3c2C2CC2O3)n2cnnc12,A
EED,,,,14,Clc1cc(-c2cnc(NCc3c(Cl)ccc4c3C3CC3O4)n3cnnc23)ccn1,A
EED,,,,15,Fc1ccc(-c2cnc(NCc3c(F)ccc4c3C3CC3O4)n3cnnc23)c(F)c1,A
EED,,,,16,CS(=O)(=O)c1ccc(-c2cnc(NCc3c(F)ccc4c3C3CC3O4)n3cnnc23)cc1,A
EED,,,,17,COc1ccc(-c2cnc(NCc3c(F)ccc4c3C3CC3O4)n3cnnc23)cc1,A
EED,,,,18,Fc1ccc2c(c1CNc1ncc(-c3cnc(N4CCOCC4)nc3)c3nncn13)C1CC1O2,A
EED,,,,19,Fc1ccc2c(c1CNc1ncc(-c3cccnc3C(Cl)(Cl)Cl)c3nncn13)[C@H]1C[C@H]1O2,A
EED,,,,20,COc1ncccc1-c1cnc(NCc2c(F)ccc3c2[C@H]2C[C@H]2O3)n2cnnc12,A
EED,,,,21,Cc1cc(-c2cnc(NCc3c(F)ccc4c3[C@H]3C[C@H]3O4)n3ncnc23)n(C)n1,A
EED,,,,22,Cc1nn(C)cc1-c1cnc(NCc2c(F)ccc3c2[C@H]2C[C@H]2O3)n2cnnc12,A
EED,,,,23,Cc1cc(-c2cnc(NCc3c(F)ccc4c3[C@H]3C[C@H]3O4)n3cnnc23)ccn1,A
EED,,,,24,Fc1ccc2c(c1CNc1ncc(-c3cncnc3)c3nncn13)[C@H]1C[C@H]1O2,A
EED,,,,25,Cc1nc(F)ccc1-c1cnc(NCc2c(F)ccc3c2[C@H]2C[C@H]2O3)n2cnnc12,A
EED,,,,26,COc1ccc(-c2cnc(NCc3c(F)ccc4c3[C@H]3C[C@H]3O4)n3cnnc23)cn1,A
EED,,,,27,CN(c1c(F)ccc2c1[C@H]1C[C@H]1O2)c1ncc(-c2ccc(C(N)=O)cc2)c2nncn12,A
EED,,,,28,Fc1ccc(-c2cnc(NCc3c(F)ccc4c3[C@H]3C[C@H]3O4)n3cnnc23)cn1,A
EED,,,,29,Fc1ccc2c(c1CNc1ncc(-c3cccnc3)c3nncn13)[C@H]1C[C@H]1O2,A
EED,,,,30,Fc1ccc2c(c1CNc1ncc(-c3cccnc3Cl)c3nncn13)[C@H]1C[C@H]1O2,A
EED,,,,32,Nc1ncccc1-c1cnc(NCc2c(F)ccc3c2[C@H]2C[C@H]2O3)n2cnnc12,A
EED,,,,33,OCc1ncccc1-c1cnc(NCc2c(Cl)ccc3c2[C@H]2C[C@H]2O3)n2cnnc12,A
EED,,,,34,Clc1ccc2c(c1CNc1ncc(-c3ccnc(Cl)c3Cl)c3nncn13)[C@H]1C[C@H]1O2,A
EED,,,,35,Cn1cc(-c2cnc(NCc3c(F)ccc4c3[C@H]3C[C@H]3O4)n3cnnc23)c(C(F)(F)F)n1,A
EED,,,,36,Cc1noc(C)c1-c1cnc(NCc2c(F)ccc3c2[C@H]2C[C@H]2O3)n2cnnc12,A
EED,,,,37,Fc1ccc2c(c1CNc1ncc(-c3cnc(N4CCOCC4)nc3)c3nncn13)[C@H]1C[C@H]1O2,A
EED,,,,38,CS(=O)(=O)c1ccc(-c2cnc(NCc3c(F)ccc4c3[C@H]3C[C@H]3O4)n3cnnc23)cc1,A
EED,,,,39,Fc1ccc2c(c1CNc1ncc(C3=CCNCC3)c3nncn13)C1CC1O2,A
EED,,,,40,Cc1ncccc1-c1cnc(NCc2c(F)ccc3c2[C@@H]2C[C@@H]2O3)c2cncnc12,A
EED,,,,41,Cc1ncccc1-c1cnc(NCc2c(F)ccc3c2[C@H]2C[C@H]2O3)c2cncnc12,A
EED,,,,42,Fc1ccc2c(c1CNc1ncc(-c3cncnc3)c3ncncc13)C1CC1O2,A
EED,,,,43,NC(=O)c1ccc(-c2cnc(NCc3c(Cl)ccc4c3C3CC3O4)c3cncnc23)cc1,A
EED,,,,44,Cc1ccncc1-c1cnc(NCc2c(F)ccc3c2C2CC2O3)c2cncnc12,A
EED,,,,45,Cc1nc(F)ccc1-c1cnc(NCc2c(F)ccc3c2C2CC2O3)c2cncnc12,A
EED,,,,46,Cc1noc(C)c1-c1cnc(NCc2c(F)ccc3c2C2CC2O3)c2cncnc12,A
EED,,,,47,Fc1cc(-c2cnc(NCc3c(F)ccc4c3C3CC3O4)c3cncnc23)ccn1,A
EED,,,,48,CS(=O)(=O)c1ccc(-c2cnc(NCc3c(F)ccc4c3C3CC3O4)c3cncnc23)cc1,A
EED,,,CN109942556,1,Cn1c(NCc2c(F)ccc3c2CCO3)ncc(Br)c1=O,A
EED,,,,2,Cn1c(NCc2c(F)ccc3c2CCO3)ncc(I)c1=O,A
EED,,,,3,CCn1c(NCc2c(F)ccc3c2CCO3)ncc(Br)c1=O,A
EED,,,,4,CCn1c(NCc2c(F)ccc3c2CCCO3)ncc(Br)c1=O,A
EED,,,,5,Cn1c(NCc2c(F)ccc3c2CCCO3)ncc(Br)c1=O,A
EED,,,,6,C=CCn1c(NCc2c(F)ccc3c2CCO3)ncc(Br)c1=O,A
EED,,,,7,Cc1nc(NCc2c(F)ccc3c2CCO3)n(C)c(=O)c1Br,B
EED,,,,8,Cn1c(NCc2cc(F)cc3c2OCO3)ncc(Br)c1=O,B
EED,,,,9,Cn1c(NCc2c(F)ccc3c2CCO3)ncc(F)c1=O,B
EED,,,,10,Cn1c(NCc2cccc3c2CCO3)ncc(-c2ccc(S(C)(=O)=O)cc2)c1=O,B
EED,,,,11,Cn1c(NCc2c(F)ccc3c2CCO3)ncc(-c2ccc(S(C)(=O)=O)cc2)c1=O,A
EED,,,,12,Cn1c(NCc2cc(F)cc3c2CCO3)ncc(-c2ccc(S(C)(=O)=O)cc2)c1=O,B
EED,,,,13,Cn1c(NCc2ccc(F)c3c2CCO3)ncc(-c2ccc(S(C)(=O)=O)cc2)c1=O,B
EED,,,,14,Cn1c(NCc2c(F)ccc3occc23)ncc(-c2ccc(S(C)(=O)=O)cc2)c1=O,A
EED,,,,15,Cc1ccncc1-c1cnc(NCc2c(F)ccc3ocnc23)n(C)c1=O,A
EED,,,,16,CCn1c(NCc2c(F)ccc3ocnc23)ncc(-c2cnccc2C)c1=O,A
EED,,,,17,Cn1c(NCc2c(F)ccc3c2C(O)CO3)ncc(-c2ccc(S(C)(=O)=O)cc2)c1=O,A
EED,,,,18,Cn1c(NCc2c(F)ccc3c2C(=O)CO3)ncc(-c2ccc(S(C)(=O)=O)cc2)c1=O,A
EED,,,,19,Cn1c(NCc2c(F)ccc3c2CCCO3)ncc(-c2ccc(S(C)(=O)=O)cc2)c1=O,A
EED,,,,20,Cc1ncccc1-c1cnc(NCc2c(F)ccc3c2OCCO3)n(C)c1=O,A
EED,,,,21,Cc1ncccc1-c1cnc(NCc2cc3c(cc2F)OCO3)n(C)c1=O,A
EED,,,,30,CCn1c(NCc2c(F)ccc3c2CCO3)ncc(-c2ccc(S(C)(=O)=O)cc2)c1=O,A
EED,,,,31,CC(C)n1c(NCc2c(F)ccc3c2CCO3)ncc(-c2ccc(S(C)(=O)=O)cc2)c1=O,B
EED,,,,32,CC(C)n1c(NCc2c(F)ccc3c2CCO3)ncc(-c2ccncc2F)c1=O,A
EED,,,,33,Cc1ncccc1-c1cnc(NCc2c(F)ccc3c2CCO3)n(C(C)C)c1=O,A
EED,,,,34,Cc1ncccc1-c1cnc(NCc2c(F)ccc3c2CCO3)n(CC(F)F)c1=O,A
EED,,,,35,C=CCn1c(NCc2c(F)ccc3c2CCO3)ncc(-c2ccc(S(C)(=O)=O)cc2)c1=O,A
EED,,,,36,Cc1nc(NCc2c(F)ccc3c2CCO3)n(C)c(=O)c1-c1cncc(F)c1,A
EED,,,,37,Cc1ccncc1-c1c(C)nc(NCc2c(F)ccc3c2CCO3)n(C)c1=O,B
EED,,,,38,Cc1nc(NCc2c(F)ccc3c2CCO3)n(C)c(=O)c1-c1ccncc1,A
EED,,,,39,Cc1nc(NCc2c(F)ccc3c2CCCO3)n(C)c(=O)c1-c1ccc(S(C)(=O)=O)cc1,A
EED,,,,40,Cc1nc(NCc2c(F)ccc3c2CCCO3)n(C)c(=O)c1-c1ccc(C(N)=O)cc1,A
EED,,,,41,Cc1nc(NCc2c(F)ccc3c2CCCO3)n(C)c(=O)c1-c1ccncc1,A
EED,,,,42,Cc1nc(NCc2c(F)ccc3c2CCCO3)n(C)c(=O)c1-c1ccc(C(F)(F)F)cc1,B
EED,,,,43,CCn1c(NCc2c(F)ccc3c2CCO3)nc(C)c(-c2ccc(C)nc2)c1=O,A
EED,,,,44,CCn1c(NCc2c(F)ccc3c2CCCO3)nc(C)c(-c2ccc(C)nc2)c1=O,A
EED,,,,45,Cn1c(NCc2c(F)ccc3c2CCO3)ncc(-c2ccc(F)cc2)c1=O,A
EED,,,,46,Cn1c(NCc2c(F)ccc3c2CCO3)ncc(-c2cccc(F)c2)c1=O,A
EED,,,,47,Cn1c(NCc2c(F)ccc3c2CCO3)ncc(-c2ccccc2F)c1=O,A
EED,,,,48,Cn1c(NCc2c(F)ccc3c2CCO3)ncc(-c2ccc(C(F)(F)F)cc2)c1=O,B
EED,,,,49,COc1ccc(-c2cnc(NCc3c(F)ccc4c3CCO4)n(C)c2=O)cc1,A
EED,,,,50,Cn1c(NCc2c(F)ccc3c2CCO3)ncc(-c2ccc(C(N)=O)cc2)c1=O,A
EED,,,,51,Cn1c(NCc2c(F)ccc3c2CCO3)ncc(-c2cccc(F)c2F)c1=O,A
EED,,,,52,Cn1c(NCc2c(F)ccc3c2CCO3)ncc(-c2ccc(F)cc2F)c1=O,A
EED,,,,53,Cn1cc(-c2cnc(NCc3c(F)ccc4c3CCO4)n(C)c2=O)cn1,A
EED,,,,54,Cc1nn(C)cc1-c1cnc(NCc2c(F)ccc3c2CCO3)n(C)c1=O,A
EED,,,,55,Cc1noc(C)c1-c1cnc(NCc2c(F)ccc3c2CCO3)n(C)c1=O,A
EED,,,,56,Cn1c(NCc2c(F)ccc3c2CCO3)ncc(-c2ccco2)c1=O,B
EED,,,,57,Cn1c(NCc2c(F)ccc3c2CCO3)ncc(-c2cc3cc(F)ccc3o2)c1=O,A
EED,,,,58,Cn1c(NCc2c(F)ccc3c2CCO3)ncc(-c2cncnc2)c1=O,A
EED,,,,59,Cn1c(NCc2c(F)ccc3c2CCO3)ncc(-c2cncs2)c1=O,A
EED,,,,60,Cn1c(NCc2c(F)ccc3c2CCO3)ncc(C#N)c1=O,B
EED,,,,61,Cn1c(NCc2c(F)ccc3c2CCO3)ncc(C(N)=O)c1=O,A
EED,,,,62,CCOC(=O)/C=C/c1cnc(NCc2c(F)ccc3c2CCO3)n(C)c1=O,B
EED,,,,63,C=Cc1cnc(NCc2c(F)ccc3c2CCO3)n(C)c1=O,A
EED,,,,64,C=C(C)c1cnc(NCc2c(F)ccc3c2CCO3)n(C)c1=O,B
EED,,,,65,Cc1cnc(NCc2c(F)ccc3c2CCO3)n(C)c1=O,B
EED,,,,66,CCc1cnc(NCc2c(F)ccc3c2CCO3)n(C)c1=O,B
EED,,,,67,CC(C)c1cnc(NCc2c(F)ccc3c2CCO3)n(C)c1=O,B
EED,,,,68,Cn1c(NCc2c(F)ccc3c2CCO3)ncc(C2CC2)c1=O,A
EED,,,,69,COc1cnc(NCc2c(F)ccc3c2CCO3)n(C)c1=O,A
EED,,,,70,Cn1c(NCc2c(F)ccc3c2CCO3)ncc(Nc2cccnc2)c1=O,B
EED,,,,71,Cn1c(NCc2c(F)ccc3c2CCO3)ncc(NCc2ccccc2)c1=O,A
EED,,,,72,Cn1c(NCc2c(F)ccc3c2CCO3)ncc(Sc2cccnc2C(F)(F)F)c1=O,A
EED,,,,73,Cn1c(NCc2c(F)ccc3c2CCO3)ncc(Sc2ccnc(N)c2Cl)c1=O,B
EED,,,,74,Cn1c(NCc2c(F)ccc3c2CCO3)ncc(C2=CCCCC2)c1=O,B
EED,,,,75,Cn1c(NCc2c(F)ccc3c2CCO3)ncc(C2=CCC(F)(F)CC2)c1=O,A
EED,,,,76,Cn1c(NCc2c(F)ccc3c2CCO3)ncc(C2=CCOCC2)c1=O,A
EED,,,,77,Cn1c(NCc2c(F)ccc3c2CCO3)ncc(C2CCOCC2)c1=O,B
EED,,,,78,Cn1c(NCc2c(F)ccc3c2CCO3)ncc(C2=CCN(C(=O)OC(C)(C)C)CC2)c1=O,A
EED,,,,79,Cn1c(NCc2c(F)ccc3c2CCO3)ncc(C2=CCNCC2)c1=O,A
EED,,,,80,Cn1c(NCc2c(F)ccc3c2CCO3)ncc(C2=CCC(NC(=O)OC(C)(C)C)CC2)c1=O,A
EED,,,,81,Cn1c(NCc2c(F)ccc3c2CCO3)ncc(C2=CCC(N)CC2)c1=O,A
EED,,,,82,CN1CC=C(c2cnc(NCc3c(F)ccc4c3CCO4)n(C)c2=O)CC1,A
EED,,,,83,Cn1c(NCc2c(F)ccc3c2CCO3)ncc(-c2ccc(F)nc2)c1=O,A
EED,,,,84,Cn1c(NCc2c(F)ccc3c2CCO3)ncc(-c2ccc(C(F)(F)F)nc2)c1=O,A
EED,,,,85,CN1CCN(c2ccc(-c3cnc(NCc4c(F)ccc5c4CCO5)n(C)c3=O)cn2)CC1,A
EED,,,,86,Cn1c(NCc2c(F)ccc3c2CCO3)ncc(-c2ccc(N3CCOCC3)nc2)c1=O,A
EED,,,,87,Cc1ncccc1-c1cnc(NCc2c(F)ccc3c2CCO3)n(C)c1=O,A
EED,,,,88,Cc1ccncc1-c1cnc(NCc2c(F)ccc3c2CCO3)n(C)c1=O,A
EED,,,,89,Cc1cncc(-c2cnc(NCc3c(F)ccc4c3CCO4)n(C)c2=O)c1,A
EED,,,,90,Cc1ccc(-c2cnc(NCc3c(F)ccc4c3CCO4)n(C)c2=O)cn1,A
EED,,,,91,Cn1c(NCc2c(F)ccc3c2CCO3)ncc(-c2cncc(F)c2)c1=O,A
EED,,,,92,Cn1c(NCc2c(F)ccc3c2CCO3)ncc(-c2cncc(Cl)c2)c1=O,A
EED,,,,93,Cn1c(NCc2c(F)ccc3c2CCO3)ncc(-c2cccnc2)c1=O,A
EED,,,,94,Cn1c(NCc2c(F)ccc3c2CCO3)ncc(-c2cccnc2F)c1=O,A
EED,,,,95,Cn1c(NCc2c(F)ccc3c2CCO3)ncc(-c2cc(Cl)cnc2F)c1=O,A
EED,,,,96,Cn1c(NCc2c(F)ccc3c2CCO3)ncc(-c2ccncc2)c1=O,A
EED,,,,97,Cn1c(NCc2c(F)ccc3c2CCO3)nccc1=O,B
EED,,,,98,Cn1c(NCc2c(F)ccc3c2CCO3)ncc(-c2ccnc(F)c2)c1=O,A
EED,,,,99,CCn1c(NCc2c(F)ccc3c2CCO3)ncc(-c2ccc(OC)cc2)c1=O,A
EED,,,,100,CCn1c(NCc2c(F)ccc3c2CCO3)ncc(-c2ccc(F)cc2)c1=O,A
EED,,,,101,CCn1c(NCc2c(F)ccc3c2CCO3)ncc(-c2ccccc2F)c1=O,A
EED,,,,102,CCn1c(NCc2c(F)ccc3c2CCO3)ncc(-c2cccc(F)c2)c1=O,A
EED,,,,103,CCn1c(NCc2c(F)ccc3c2CCO3)ncc(-c2ccc(C(F)(F)F)cc2)c1=O,A
EED,,,,104,CCn1c(NCc2c(F)ccc3c2CCO3)ncc(-c2cccc(F)c2F)c1=O,A
EED,,,,105,CCn1c(NCc2c(F)ccc3c2CCO3)ncc(-c2ccc(C(N)=O)cc2)c1=O,A
EED,,,,106,CCn1c(NCc2c(F)ccc3c2CCO3)ncc(-c2ccc(F)cc2F)c1=O,A
EED,,,,107,CCn1c(NCc2c(F)ccc3c2CCO3)ncc(-c2cnn(C)c2)c1=O,A
EED,,,,108,CCn1c(NCc2c(F)ccc3c2CCO3)ncc(-c2cn(C)nc2C)c1=O,A
EED,,,,109,CCn1c(NCc2c(F)ccc3c2CCO3)ncc(-c2c(C)nsc2C)c1=O,A
EED,,,,110,CCn1c(NCc2c(F)ccc3c2CCO3)ncc(C2=CCCCC2)c1=O,A
EED,,,,111,CCn1c(NCc2c(F)ccc3c2CCO3)ncc(C2CCCCC2)c1=O,A
EED,,,,112,CCn1c(NCc2c(F)ccc3c2CCO3)ncc(C2=CCOCC2)c1=O,A
EED,,,,113,CCn1c(NCc2c(F)ccc3c2CCO3)ncc(C2CCOCC2)c1=O,A
EED,,,,114,CCn1c(NCc2c(F)ccc3c2CCO3)ncc(-c2ccc(N3CCOCC3)nc2)c1=O,A
EED,,,,115,CCn1c(NCc2c(F)ccc3c2CCO3)ncc(-c2cncc(F)c2)c1=O,A
EED,,,,116,CCn1c(NCc2c(F)ccc3c2CCO3)ncc(-c2cccnc2C)c1=O,A
EED,,,,117,CCn1c(NCc2c(F)ccc3c2CCO3)ncc(-c2cncc(F)c2)c1=O,A
EED,,,,118,CCn1c(NCc2c(F)ccc3c2CCO3)nccc1=O,A
EED,,,,119,CCn1c(NCc2c(F)ccc3c2CCO3)ncc(-c2ccc(N3CCN(C)CC3)nc2)c1=O,A
EED,,,,120,CCn1c(NCc2c(F)ccc3c2CCO3)ncc(-c2cncc(C)c2)c1=O,A
EED,,,,121,CCn1c(NCc2c(F)ccc3c2CCO3)ncc(-c2ccc(F)nc2)c1=O,A
EED,,,,122,CCn1c(NCc2c(F)ccc3c2CCO3)ncc(-c2cccnc2)c1=O,A
EED,,,,123,CCn1c(NCc2c(F)ccc3c2CCO3)ncc(-c2cccnc2F)c1=O,A
EED,,,,124,CCn1c(NCc2c(F)ccc3c2CCO3)ncc(-c2cnccc2C)c1=O,A
EED,,,,125,CCn1c(NCc2c(F)ccc3c2CCO3)ncc(-c2ccc(C(F)(F)F)nc2)c1=O,A
EED,,,,126,CCn1c(NCc2c(F)ccc3c2CCO3)ncc(-c2ccnc(F)c2)c1=O,A
EED,,,,127,CCn1c(NCc2c(F)ccc3c2CCO3)ncc(-c2ccncc2)c1=O,A
EED,,,,128,Cn1c(NCc2c(F)ccc3c2CCCO3)ncc(-c2cccc(F)c2)c1=O,A
EED,,,,129,Cn1c(NCc2c(F)ccc3c2CCCO3)ncc(-c2ccc(C(N)=O)cc2)c1=O,A
EED,,,,130,Cc1ccncc1-c1cnc(NCc2c(F)ccc3c2CCCO3)n(C)c1=O,A
EED,,,,131,Cn1c(NCc2c(F)ccc3c2CCCO3)ncc(-c2cccnc2F)c1=O,A
EED,,,,132,Cn1c(NCc2c(F)ccc3c2CCCO3)ncc(-c2cncc(F)c2)c1=O,A
EED,,,,133,Cn1c(NCc2c(F)ccc3c2CCCO3)ncc(-c2cccnc2)c1=O,A
EED,,,,134,Cc1cncc(-c2cnc(NCc3c(F)ccc4c3CCCO4)n(C)c2=O)c1,A
EED,,,,135,Cn1c(NCc2c(F)ccc3c2CCCO3)ncc(-c2ccc(C(F)(F)F)nc2)c1=O,A
EED,,,,136,Cc1ncccc1-c1cnc(NCc2c(F)ccc3c2CCCO3)n(C)c1=O,A
EED,,,,137,CN1CCN(c2ccc(-c3cnc(NCc4c(F)ccc5c4CCCO5)n(C)c3=O)cn2)CC1,A
EED,,,,138,Cn1cc(-c2cnc(NCc3c(F)ccc4c3CCCO4)n(C)c2=O)cn1,A
EED,,,,139,Cc1nsc(C)c1-c1cnc(NCc2c(F)ccc3c2CCCO3)n(C)c1=O,A
EED,,,,140,CCn1c(NCc2c(F)ccc3c2CCCO3)ncc(-c2ccc(N3CCN(C)CC3)nc2)c1=O,A
EED,,,,141,CCn1c(NCc2c(F)ccc3c2CCCO3)ncc(-c2cncc(C)c2)c1=O,A
EED,,,,142,CCn1c(NCc2c(F)ccc3c2CCCO3)ncc(-c2cncc(F)c2)c1=O,A
EED,,,,143,CCn1c(NCc2c(F)ccc3c2CCCO3)ncc(-c2cccnc2)c1=O,A
EED,,,,144,CCn1c(NCc2c(F)ccc3c2CCCO3)ncc(-c2cccc(F)c2)c1=O,A
EED,,,,145,CCn1c(NCc2c(F)ccc3c2CCCO3)ncc(-c2ccc(C(N)=O)cc2)c1=O,A
EED,,,,146,CCn1c(NCc2c(F)ccc3c2CCCO3)ncc(-c2cccnc2F)c1=O,A
EED,,,,147,CCn1c(NCc2c(F)ccc3c2CCCO3)ncc(-c2ccc(C(F)(F)F)nc2)c1=O,A
EED,,,,148,CCn1c(NCc2c(F)ccc3c2CCCO3)ncc(-c2cccnc2C)c1=O,A
EED,,,,149,CCn1c(NCc2c(F)ccc3c2CCCO3)ncc(-c2cnccc2C)c1=O,A
EED,,,,150,CCn1c(NCc2c(F)ccc3c2CCCO3)ncc(-c2cnn(C)c2)c1=O,A
EED,,,,151,CCn1c(NCc2c(F)ccc3c2CCCO3)ncc(-c2c(C)nsc2C)c1=O,A
EED,,,,152,Cc1ncccc1-c1cnc(NCc2c(F)ccc3c2CCCO3)n(C(C)C)c1=O,A
EED,,,,153,Cc1ccncc1-c1cnc(NCc2c(F)ccc3c2CCCO3)n(C(C)C)c1=O,A
EED,,,,154,Cc1ccncc1-c1cnc(NCc2c(F)ccc3c2CCCO3)n(CC(F)F)c1=O,A
